"00C","16C","R","20200401",""
"00D","84H","R","20200401",""
"00F","13T","R","20150401",""
"00FAA","13TAA","R","20150401",""
"00FAC","13TAD","R","20150401",""
"00FAD","13TAE","R","20150401",""
"00FAE","13TAF","R","20150401",""
"00FAF","13TAG","R","20150401",""
"00FAG","13TAH","R","20150401",""
"00FAH","13TAJ","R","20150401",""
"00FAJ","13TAK","R","20150401",""
"00FAK","13TAL","R","20150401",""
"00FAL","13TAM","R","20150401",""
"00FAM","13TAN","R","20150401",""
"00FAN","13TAP","R","20150401",""
"00FAP","13TAQ","R","20150401",""
"00FAQ","13TAR","R","20150401",""
"00FAR","13TAT","R","20150401",""
"00FAT","13TAV","R","20150401",""
"00FAV","13TAW","R","20150401",""
"00FAW","13TAX","R","20150401",""
"00G","13T","R","20150401",""
"00GAA","13TAA","R","20150401",""
"00GAC","13TAC","R","20150401",""
"00GAD","13TAY","R","20150401",""
"00GAE","13TCA","R","20150401",""
"00GAF","13TCC","R","20150401",""
"00GAG","13TCD","R","20150401",""
"00GAH","13TCE","R","20150401",""
"00H","13T","R","20150401",""
"00HAA","13TAA","R","20150401",""
"00J","84H","R","20200401",""
"00K","16C","R","20200401",""
"00M","16C","R","20200401",""
"00W","14L","R","20170401",""
"01C","27D","R","20200401",""
"01CAC","27DAD","R","20200401",""
"01M","14L","R","20170401",""
"01N","14L","R","20170401",""
"01R","27D","R","20200401",""
"01RAC","27DAA","R","20200401",""
"02","12","R","19990401","X"
"02D","27D","R","20200401",""
"02DAA","27DAA","R","20200401",""
"02F","27D","R","20200401",""
"02FAA","27DAC","R","20200401",""
"02N","36J","R","20200401",""
"02NAC","36JAD","R","20200401",""
"02R","36J","R","20200401",""
"02RDF","36JAA","R","20200401",""
"02RDG","36JAC","R","20200401",""
"02V","15F","R","20180401",""
"02W","36J","R","20200401",""
"03","12","R","19990401","X"
"03A","X2C4Y","R","20210401",""
"03C","15F","R","20180401",""
"03D","42D","R","20200401",""
"03E","42D","R","20200401",""
"03G","15F","R","20180401",""
"03J","X2C4Y","R","20210401",""
"03M","42D","R","20200401",""
"03T","71E","R","20200401",""
"03V","78H","R","20200401",""
"03X","15M","R","20190401",""
"03Y","15M","R","20190401",""
"04D","71E","R","20200401",""
"04E","52R","R","20200401",""
"04EAA","52RAG","R","20200401","X"
"04F","M1J4Y","R","20210401",""
"04G","78H","R","20200401",""
"04H","52R","R","20200401",""
"04HAD","52RAG","R","20200401","X"
"04J","15M","R","20190401",""
"04K","52R","R","20200401",""
"04L","52R","R","20200401",""
"04LAA","52RAG","R","20200401","X"
"04LAE","52RAE","R","20200401",""
"04M","52R","R","20200401",""
"04MAA","52RAG","R","20200401","X"
"04MAE","52RAD","R","20200401",""
"04N","52R","R","20200401",""
"04NAA","52RAG","R","20200401","X"
"04NAD","52RAF","R","20200401",""
"04Q","71E","R","20200401",""
"04R","15M","R","20190401",""
"04X","15E","R","20180401",""
"05A","B2M3M","R","20210401",""
"05C","D2P2L","R","20210401",""
"05F","18C","R","20200401",""
"05FAA","18CAE","R","20200401",""
"05H","B2M3M","R","20210401",""
"05J","18C","R","20200401",""
"05JAE","18CAD","R","20200401","X"
"05L","D2P2L","R","20210401",""
"05N","M2L0M","R","20210401",""
"05P","15E","R","20180401",""
"05R","B2M3M","R","20210401",""
"05T","18C","R","20200401",""
"05TAC","18CAF","R","20200401",""
"05TAD","18CAG","R","20200401",""
"05TAH","18CAC","R","20200401",""
"05X","M2L0M","R","20210401",""
"05Y","D2P2L","R","20210401",""
"06A","D2P2L","R","20210401",""
"06D","18C","R","20200401",""
"06F","M1J4Y","R","20210401",""
"06M","26A","R","20200401",""
"06P","M1J4Y","R","20210401",""
"06V","26A","R","20200401",""
"06W","26A","R","20200401",""
"06Y","26A","R","20200401",""
"07J","26A","R","20200401",""
"07L","A3A8R","R","20210401",""
"07M","93C","R","20200401",""
"07N","72Q","R","20200401",""
"07P","W2U3Z","R","20210401",""
"07Q","72Q","R","20200401",""
"07R","93C","R","20200401",""
"07T","A3A8R","R","20210401",""
"07V","36L","R","20200401",""
"07W","W2U3Z","R","20210401",""
"07X","93C","R","20200401",""
"07Y","W2U3Z","R","20210401",""
"08A","72Q","R","20200401",""
"08C","W2U3Z","R","20210401",""
"08D","93C","R","20200401",""
"08E","W2U3Z","R","20210401",""
"08F","A3A8R","R","20210401",""
"08G","W2U3Z","R","20210401",""
"08H","93C","R","20200401",""
"08J","36L","R","20200401",""
"08K","72Q","R","20200401",""
"08L","72Q","R","20200401",""
"08M","A3A8R","R","20210401",""
"08N","A3A8R","R","20210401",""
"08P","36L","R","20200401",""
"08Q","72Q","R","20200401",""
"08R","36L","R","20200401",""
"08T","36L","R","20200401",""
"08V","A3A8R","R","20210401",""
"08W","A3A8R","R","20210401",""
"08X","36L","R","20200401",""
"08Y","W2U3Z","R","20210401",""
"09A","W2U3Z","R","20210401",""
"09C","91Q","R","20200401",""
"09E","91Q","R","20200401",""
"09F","97R","R","20200401",""
"09G","70F","R","20200401",""
"09H","70F","R","20200401",""
"09J","91Q","R","20200401",""
"09L","92A","R","20200401",""
"09N","92A","R","20200401",""
"09P","97R","R","20200401",""
"09W","91Q","R","20200401",""
"09X","70F","R","20200401",""
"09Y","92A","R","20200401",""
"0AA","0DE","R","20150401",""
"0AC","0DF","R","20150401",""
"0AE","0DF","R","20150401",""
"0AF","0CE","R","20121001","F"
"0AG","0CH","R","20130314",""
"0AH","0CG","R","20130313","X"
"0AJ","0CY","R","20141001","F"
"0AK","0DE","R","20150401",""
"0AL","0CG","R","20130313","X"
"0AM","0DC","R","20141001","F"
"0AN","0CE","R","20121001","F"
"0AQ","0DJ","R","20170401","X"
"0AV","0DA","R","20141001","X"
"0AW","0DF","R","20150401",""
"0AX","0DC","R","20141001","F"
"0AY","0CF","R","20130313","F"
"0CA","0CH","R","20130314",""
"0CD","0CF","R","20130313","F"
"0CE","0CY","R","20141001","F"
"0CF","0DA","R","20141001","X"
"0CY","YDDTR","O","20160401",""
"0DC","0DJ","R","20170401","X"
"10A","91Q","R","20200401",""
"10C","D4U1Y","R","20210401",""
"10D","91Q","R","20200401",""
"10E","91Q","R","20200401",""
"10G","15D","R","20180401","F"
"10H","14Y","R","20180401",""
"10J","D9Y0V","R","20210401",""
"10K","D9Y0V","R","20210401",""
"10L","D9Y0V","R","20210401",""
"10M","15A","R","20180401",""
"10N","15A","R","20180401",""
"10T","15D","R","20180401","F"
"10V","D9Y0V","R","20210401",""
"10W","15A","R","20180401",""
"10X","D9Y0V","R","20210401",""
"10Y","14Y","R","20180401",""
"115","H6X4G","R","20230401",""
"11A","D9Y0V","R","20210401",""
"11C","15D","R","20180401","F"
"11D","15A","R","20180401",""
"11E","92G","R","20200401",""
"11H","15C","R","20180401",""
"11T","15C","R","20180401",""
"122","916","R","20200401",""
"124","W8X1Q","R","20230401",""
"12A","15C","R","20180401",""
"12D","92G","R","20200401",""
"12G","13Y","R","20150401","F"
"12H","13X","R","20150401","F"
"12J","13W","R","20150401","X"
"12J","14J","R","20160401","F"
"12K","14K","R","20160401","F"
"12K","13W","R","20150401","X"
"12L","13Y","R","20150401","F"
"12M","13X","R","20150401","F"
"12N","13V","R","20150401","F"
"12P","13V","R","20150401","F"
"12Q","13V","R","20150401","F"
"12R","14C","R","20150401","F"
"12T","14C","R","20150401","F"
"12V","14A","R","20150401",""
"12W","14E","R","20150401",""
"12X","14E","R","20150401",""
"12Y","14D","R","20150401","F"
"13A","14D","R","20150401","F"
"13C","14A","R","20150401",""
"13D","13R","R","20130403",""
"13E","13R","R","20130403",""
"13F","13R","R","20130403",""
"13G","14H","R","20150401","F"
"13H","14F","R","20150401",""
"13J","14F","R","20150401",""
"13K","14G","R","20150401",""
"13L","14G","R","20150401",""
"13M","14H","R","20150401","F"
"13N","14G","R","20200401",""
"13P","15E","R","20180401",""
"13V","85J","R","20200401",""
"13W","27T","R","20200401",""
"13X","85J","R","20200401",""
"13Y","27T","R","20200401",""
"146","H6X4G","R","20230401",""
"14C","14A","R","20200401",""
"14D","14A","R","20200401",""
"14H","14G","R","20200401",""
"14J","27T","R","20200401",""
"14K","27T","R","20200401",""
"14N","76A","R","20200401",""
"14P","76A","R","20200401",""
"14V","97T","R","20200401",""
"14W","97T","R","20200401",""
"14X","32T","R","20200401",""
"156","916","R","20200401",""
"158","738","R","20190401",""
"15D","D4U1Y","R","20210401",""
"15G","14F","R","20200401",""
"15H","14F","R","20200401",""
"15J","14G","R","20200401",""
"15K","14G","R","20200401",""
"162","H6X4G","R","20230401",""
"163","Z9D4Z","R","20210401",""
"165","218","R","20230401",""
"169","U6Q5Z","R","20210401",""
"175","809","R","20190401",""
"179","Z9D4Z","R","20210401",""
"183","W8X1Q","R","20230401",""
"192","741","R","20190401",""
"221","218","R","20230401",""
"224","218","R","20230401",""
"236","Z9D4Z","R","20210401",""
"246","905","R","20230401",""
"259","809","R","20190401",""
"266","U6Q5Z","R","20210401",""
"275","809","R","20190401",""
"280","218","R","20230401",""
"288","218","R","20230401",""
"289","218","R","20230401",""
"290","905","R","20230401",""
"291","218","R","20230401",""
"294","916","R","20200401",""
"303","W8X1Q","R","20230401",""
"320","327","R","20090401",""
"329","905","R","20230401",""
"333","741","R","20190401",""
"339","740","R","20190401",""
"345","739","R","20190401","F"
"361","740","R","20190401",""
"364","Z9D4Z","R","20210401",""
"367","809","R","20190401",""
"371","739","R","20190401","F"
"372","809","R","20190401",""
"379","916","R","20200401",""
"382","U6Q5Z","R","20210401",""
"4AA24","5GD","O","20010401","F"
"4AA88","5L5","O","20020401","F"
"4AE02","5LH","O","20020401","X"
"4AF58","5MH","O","20020401","F"
"4AF68","5DY","O","20010401","F"
"4AF84","5D7","O","20010401","X"
"4AG25","4HF25","R","20010401","F"
"4AG53","5L4","O","20020401","F"
"4AG79","5F4","O","20010401","F"
"4AH17","5KR","O","20020401","F"
"4AH48","5M1","O","20020401","X"
"4AH74","5JK","O","20020401","F"
"4AJ48","5C9","O","20010401","X"
"4AJ69","5GN","O","20010401","F"
"4AK23","5J3","O","20020401","F"
"4AL61","5L5","O","20020401","F"
"4AM31","5JL","O","20020401","F"
"4AM58","5F3","O","20010401","F"
"4AP01","5M3","O","20020401","X"
"4AP58","5DK","O","20010401","F"
"4AP75","5M9","O","20020401","F"
"4AP97","5HN","O","20020401","F"
"4AQ28","5MP","O","20020401","F"
"4AQ86","5DJ","O","20010401","F"
"4AR01","5FW","O","20010401","F"
"4AV55","5J1","O","20020401","F"
"4AV88","5GE","O","20010401","F"
"4AX17","5JT","O","20020401","F"
"4AY29","5K1","O","20020401","F"
"4AY32","5MG","O","20020401","F"
"4AY97","5CE","R","20010401","F"
"4CC42","5EM","O","20010401","X"
"4CC82","5H9","O","20020401","F"
"4CE23","4AM31","R","20010401","F"
"4CE39","5G7","O","20020401","F"
"4CG71","4CG71","O","20001001","F"
"4CG71","5CJ","R","20010401","F"
"4CG71","5CJ","O","20001001","F"
"4CJ40","5JR","O","20020401","F"
"4CJ51","4CJ51","O","20001001","F"
"4CJ51","5CQ","R","20010401","X"
"4CJ51","5CQ","O","20001001","X"
"4CK88","5FN","O","20010401","F"
"4CL71","4CL71","O","20001001","F"
"4CL71","5CY","R","20010401","F"
"4CL71","5CY","O","20001001","F"
"4CM24","5DD","O","20010401","F"
"4CN11","5KT","O","20020401","F"
"4CN32","5AN","R","20010401","F"
"4CN32","5AN","O","20000401","F"
"4CN32","4CN32","O","20000401","F"
"4CN53","5GL","O","20010401","F"
"4CP63","5GJ","O","20010401","F"
"4CP64","5JD","O","20020401","F"
"4CP91","5EX","O","20010401","F"
"4CQ05","5CL","R","20010401","F"
"4CR53","5KL","O","20020401","X"
"4CT09","5G1","O","20020401","F"
"4CV35","5EJ","O","20010401","F"
"4CV41","5FF","O","20010401","F"
"4CV72","5MQ","O","20020401","F"
"4CW41","5MR","O","20020401","F"
"4CX64","5M3","O","20020401","X"
"4DC31","5HJ","O","20020401","F"
"4DD23","5KM","O","20020401","X"
"4DD48","5L3","O","20020401","X"
"4DE33","4AL61","R","20010401","F"
"4DF23","5C7","O","20010401","F"
"4DF54","5LF","O","20020401","X"
"4DH51","5HC","O","20020401","F"
"4DH71","5EN","O","20010401","F"
"4DH80","5A9","O","20010401","X"
"4DJ54","5L3","O","20020401","X"
"4DK03","5E2","O","20010401","F"
"4DK34","5G8","O","20020401","F"
"4DL31","5H5","O","20020401","F"
"4DL49","5GK","O","20010401","F"
"4DL65","5MQ","O","20020401","F"
"4DL78","5K4","O","20020401","F"
"4DM35","5MT","O","20020401","F"
"4DN04","5K9","O","20020401","X"
"4DN08","5MR","O","20020401","F"
"4DN39","5L8","O","20020401","F"
"4DN88","5G6","O","20020401","F"
"4DP12","5KY","O","20020401","F"
"4DP19","5D7","O","20010401","X"
"4DP34","4VP62","R","20010401","F"
"4DQ30","5DD","O","20010401","F"
"4DR90","5LY","O","20020401","F"
"4DT14","5FN","O","20010401","F"
"4DW55","5MW","O","20020401","F"
"4DW85","5MT","O","20020401","F"
"4DX20","5JW","O","20020401","F"
"4DY93","5G4","O","20020401","F"
"4EA06","5DL","O","20010401","F"
"4EA27","5EM","O","20010401","X"
"4EA30","4NT59","R","20010401","F"
"4EA30","4AM31","R","20010401","F"
"4EA87","5LW","O","20020401","F"
"4EC95","5G9","O","20020401","F"
"4ED35","5ET","O","20010401","X"
"4EE45","5KD","O","20020401","F"
"4EF26","5K5","O","20020401","X"
"4EG75","5F9","O","20010401","F"
"4EH75","4KW68","R","20000401","F"
"4EH97","5A4","O","20010401","X"
"4EJ18","5MT","O","20020401","F"
"4EK58","5LV","O","20020401","F"
"4EK66","5M2","O","20020401","X"
"4EL02","5C2","O","20010401","X"
"4EM02","5D1","O","20010401","F"
"4EM45","5HG","O","20020401","X"
"4EM47","5EX","O","20010401","F"
"4EN03","5FK","O","20010401","F"
"4EN93","5CM","O","20001001","F"
"4EN93","5CM","R","20010401","F"
"4EN93","4EN93","O","20001001","F"
"4EP39","5MV","O","20020401","X"
"4EP84","5A2","O","20010401","F"
"4ET71","5HT","O","20020401","F"
"4ET87","5J4","O","20020401","X"
"4EX08","4DW55","R","20010401","F"
"4FC32","5D9","O","20010401","X"
"4FC69","4FC69","O","20001001","F"
"4FC69","5CW","O","20001001","F"
"4FC69","5CW","R","20010401","F"
"4FC80","5LK","O","20020401","F"
"4FD21","4YV57","R","20010401","F"
"4FD75","5K3","O","20020401","X"
"4FE05","5AH","O","20000401","F"
"4FE05","5AH","R","20010401","F"
"4FE05","4FE05","O","20000401","F"
"4FF02","5KF","O","20020401","X"
"4FF73","4KM10","R","20000401","F"
"4FG19","5LG","O","20020401","X"
"4FJ22","5L7","O","20020401","F"
"4FJ41","5CE","O","20001001","F"
"4FJ41","4AY97","O","20001001","F"
"4FK56","5CX","R","20010401","F"
"4FK56","5CX","O","20001001","F"
"4FK56","4FK56","O","20001001","F"
"4FK76","5A9","O","20010401","X"
"4FK82","4FK82","O","20001001","F"
"4FK82","5CV","O","20001001","F"
"4FK82","5CV","R","20010401","F"
"4FL43","5JE","O","20020401","X"
"4FL76","4FL76","O","20001001","F"
"4FL76","5AX","O","20001001","F"
"4FL76","5AX","R","20010401","F"
"4FM82","5G3","O","20020401","F"
"4FP12","4AH48","R","20010401","F"
"4FP27","5F7","O","20010401","X"
"4FQ86","5MK","O","20020401","X"
"4FQ87","5LX","O","20020401","F"
"4FR10","5HL","O","20020401","F"
"4FW03","5HY","O","20020401","X"
"4FW44","5LD","O","20020401","X"
"4GA33","4GA33","O","20000401","F"
"4GA33","5AP","O","20000401","F"
"4GA33","5AP","R","20010401","F"
"4GC50","5C4","O","20010401","X"
"4GD64","5MV","O","20020401","X"
"4GF40","5FL","O","20010401","X"
"4GH03","5H2","O","20020401","F"
"4GH39","5LV","O","20020401","F"
"4GJ76","5DM","O","20010401","F"
"4GK35","5D1","O","20010401","F"
"4GK77","5D3","O","20010401","F"
"4GL55","4KN90","R","20010401","F"
"4GM13","5EV","O","20010401","F"
"4GM52","4HF25","R","20010401","F"
"4GM61","5KP","O","20020401","F"
"4GN07","5A6","O","20010401","F"
"4GN12","5FF","O","20010401","F"
"4GN78","5J9","O","20020401","X"
"4GN97","4AL61","R","20010401","F"
"4GP22","5AT","R","20010401","X"
"4GP57","5A1","O","20010401","F"
"4GR46","5EL","O","20010401","F"
"4GR95","5JX","O","20020401","X"
"4GT20","5MY","O","20020401","F"
"4GT30","5L8","O","20020401","F"
"4GT33","5GT","O","20010401","F"
"4GT51","5JH","O","20020401","F"
"4GT59","5J3","O","20020401","F"
"4GT88","4GT88","O","20000401","F"
"4GT88","5AR","O","20000401","F"
"4GT88","5AR","R","20010401","F"
"4GW14","5LJ","O","20020401","F"
"4GX25","5E7","O","20010401","F"
"4GX51","5JW","O","20020401","F"
"4GY34","4JP38","R","20010401","F"
"4HA55","5HK","O","20020401","F"
"4HA75","5F5","O","20010401","X"
"4HC06","5HY","O","20020401","X"
"4HD99","5A4","O","20010401","X"
"4HF25","5JG","O","20020401","F"
"4HF31","5LP","O","20020401","F"
"4HF57","5FR","O","20010401","F"
"4HG32","5FQ","O","20010401","F"
"4HK64","4DW55","R","20010401","F"
"4HK72","5EK","O","20010401","F"
"4HM68","4PP02","R","20010401","F"
"4HM68","4QR39","R","20010401","F"
"4HM87","5H4","O","20020401","F"
"4HN27","5KW","O","20020401","F"
"4HN73","5FX","O","20010401","F"
"4HP11","5GM","O","20010401","F"
"4HQ02","4ET71","R","20010401","F"
"4HQ16","5CR","R","20010401","F"
"4HQ44","5KJ","O","20020401","F"
"4HQ82","5ED","O","20010401","F"
"4HR94","5D2","O","20010401","F"
"4HV14","5FL","O","20010401","X"
"4HV31","5A5","O","20010401","X"
"4HV86","4QR39","R","20010401","F"
"4HV86","4PP02","R","20010401","F"
"4HW08","5DW","O","20010401","F"
"4HX36","4RJ84","R","20010401","F"
"4HX55","5E7","O","20010401","F"
"4HX71","5H4","O","20020401","F"
"4HY32","5ER","O","20010401","F"
"4JC46","5K5","O","20020401","X"
"4JC79","5LX","O","20020401","F"
"4JE76","5KQ","O","20020401","F"
"4JF37","5LE","O","20020401","X"
"4JG87","5FM","O","20010401","F"
"4JM04","5KH","O","20020401","F"
"4JM73","5MC","O","20020401","F"
"4JN43","5M1","O","20020401","X"
"4JP22","5L2","O","20020401","F"
"4JP38","5G5","O","20020401","F"
"4JQ63","5JQ","O","20020401","F"
"4JQ95","5EQ","O","20010401","F"
"4JR87","5HQ","O","20020401","X"
"4JW97","5L9","O","20020401","F"
"4JX21","5J7","O","20020401","F"
"4JX77","4LF60","R","20000401","F"
"4JX77","4LH19","R","20000401","F"
"4JX77","4ND41","R","20000401","F"
"4JY10","5GA","O","20010401","F"
"4JY13","5D5","O","20010401","F"
"4KC44","5DD","O","20010401","F"
"4KF02","5KC","O","20020401","F"
"4KG21","5H1","O","20020401","X"
"4KG23","4KG23","O","20000401","F"
"4KG23","5AE","R","20010401","F"
"4KG23","5AE","O","20000401","F"
"4KG77","5E7","O","20010401","F"
"4KH16","4DY93","R","20010401","F"
"4KH38","4EK66","R","20010401","F"
"4KH53","5MN","O","20020401","F"
"4KH89","4KH89","O","20000401","F"
"4KH89","5AK","R","20010401","F"
"4KH89","5AK","O","20000401","F"
"4KJ05","5DC","O","20010401","F"
"4KK12","4KK12","O","20000401","F"
"4KK12","5AF","R","20010401","F"
"4KK12","5AF","O","20000401","F"
"4KK55","5F7","O","20010401","X"
"4KK88","4KK88","O","20001001","F"
"4KK88","5AY","R","20010401","F"
"4KK88","5AY","O","20001001","F"
"4KM10","4ET71","R","20010401","F"
"4KM84","5H3","O","20020401","F"
"4KN90","5J5","O","20020401","X"
"4KP05","5GG","O","20010401","F"
"4KP68","5A7","O","20010401","X"
"4KQ14","5JC","O","20020401","F"
"4KQ91","5KE","O","20020401","F"
"4KQ92","4DN88","R","20001001","F"
"4KR35","5MP","O","20020401","F"
"4KR87","5FT","O","20010401","F"
"4KV96","5LG","O","20020401","X"
"4KW68","5HV","O","20020401","F"
"4KX17","4KX17","O","20000401","F"
"4KX17","5GY","R","20010401","F"
"4KX17","5AD","O","20000401","F"
"4KX45","5M3","O","20020401","X"
"4KY43","5KY","O","20020401","F"
"4LA06","5AG","O","20000401","F"
"4LA06","5AG","R","20010401","F"
"4LA06","4LA06","O","20000401","F"
"4LA39","5KK","O","20020401","F"
"4LC37","4GM61","R","20011001","F"
"4LE25","5G7","O","20020401","F"
"4LE53","5DH","O","20010401","F"
"4LF60","5HX","O","20020401","X"
"4LH11","5LR","O","20020401","F"
"4LH19","5HX","O","20020401","X"
"4LH25","5K4","O","20020401","F"
"4LH99","4YV57","R","20010401","F"
"4LJ52","5MJ","O","20020401","F"
"4LJ99","4RJ84","R","20010401","F"
"4LL24","5CF","R","20010401","F"
"4LL24","5CF","O","20001001","F"
"4LL24","4LL24","O","20001001","F"
"4LL74","5LV","O","20020401","F"
"4LM56","4AH48","R","20010401","F"
"4LN71","4NT59","R","20010401","F"
"4LN98","5AJ","R","20010401","F"
"4LN98","5AJ","O","20000401","F"
"4LN98","4LN98","O","20000401","F"
"4LP07","5E6","O","20010401","F"
"4LP19","5DT","O","20010401","F"
"4LQ71","5JD","O","20020401","F"
"4LV07","5DP","O","20010401","F"
"4LW47","5MN","O","20020401","F"
"4LW97","4TH96","R","20000601","F"
"4LY30","5HM","O","20020401","F"
"4MC99","5ML","O","20020401","F"
"4MD79","5DR","O","20010401","F"
"4MD81","5HQ","O","20020401","X"
"4MD87","5M7","O","20020401","X"
"4ME36","5MV","O","20020401","X"
"4ME54","5FA","O","20010401","F"
"4MF52","5MM","O","20020401","F"
"4MG09","5GE","O","20010401","F"
"4MG31","4MG31","O","20001001","F"
"4MG31","5AW","O","20001001","F"
"4MG31","5AW","R","20010401","F"
"4MG55","5DX","O","20010401","F"
"4MH24","TAG","O","20021001","F"
"4MH63","5H6","O","20020401","F"
"4MJ30","5HD","O","20020401","F"
"4MK43","5M3","O","20020401","X"
"4ML64","5EA","O","20010401","F"
"4ML84","4FF02","R","20010401","F"
"4MP35","5L8","O","20020401","F"
"4MP52","4GM61","R","20011001","F"
"4MQ34","4MQ34","O","20000401","F"
"4MQ34","5AV","R","20010401","F"
"4MQ34","5AV","O","20000401","F"
"4MQ91","4VP62","R","20010401","F"
"4MR58","5MD","O","20020401","X"
"4MR97","5GR","O","20010401","F"
"4MT65","4MT65","O","20000401","F"
"4MT65","5AQ","R","20010401","F"
"4MT65","5AQ","O","20000401","F"
"4MT92","4EK66","R","20010401","F"
"4MT99","5FP","O","20010401","F"
"4MV03","5EG","O","20010401","F"
"4MV07","5L3","O","20020401","X"
"4MV09","5LL","O","20020401","F"
"4MW56","5D6","O","20010401","F"
"4MW82","5L1","O","20020401","X"
"4MW82","5LY","O","20020401","F"
"4MX22","4MX22","O","20000401","F"
"4MX22","5AC","R","20010401","F"
"4MX22","5AC","O","20000401","F"
"4MX32","5HG","O","20020401","X"
"4MY29","5H7","O","20020401","F"
"4MY77","5EY","O","20010401","F"
"4NA22","5FV","O","20010401","F"
"4NA24","5D4","O","20010401","F"
"4NA70","4NA70","O","20001001","F"
"4NA70","5CG","R","20010401","F"
"4NA70","5CG","O","20001001","F"
"4NC36","5H8","O","20020401","X"
"4NC42","5HP","O","20020401","X"
"4NC56","5GP","O","20010401","F"
"4NC70","5D7","O","20010401","X"
"4ND41","5HX","O","20020401","X"
"4ND46","5KA","O","20020401","F"
"4NE14","4EK66","R","20010401","F"
"4NE33","5HH","O","20020401","F"
"4NE42","5CL","O","20001001","F"
"4NE42","4CQ05","O","20001001","F"
"4NE48","5K7","O","20020401","X"
"4NE66","5HG","O","20020401","X"
"4NE95","5CH","R","20010401","F"
"4NE95","5CH","O","20001001","F"
"4NE95","4NE95","O","20001001","F"
"4NG74","5DG","O","20010401","F"
"4NH25","5J2","O","20020401","X"
"4NJ22","5K9","O","20020401","X"
"4NJ39","5KG","O","20020401","X"
"4NK20","5JP","O","20020401","F"
"4NK73","5EF","O","20010401","X"
"4NM47","5GX","O","20010401","F"
"4NP19","5JE","O","20020401","X"
"4NP98","5GC","O","20010401","X"
"4NQ86","5KR","O","20020401","F"
"4NR11","5D3","O","20010401","F"
"4NR32","5CR","O","20001001","F"
"4NR32","4HQ16","O","20001001","F"
"4NR34","5FD","O","20010401","F"
"4NT19","5H9","O","20020401","F"
"4NT23","4NT23","O","20000401","F"
"4NT23","5AM","R","20010401","F"
"4NT23","5AM","O","20000401","F"
"4NT59","5JM","O","20020401","F"
"4NV06","5A8","O","20010401","X"
"4NV90","4DY93","R","20010401","F"
"4NV90","4JP38","R","20010401","F"
"4NW17","4FM82","R","20010401","F"
"4NX08","5GJ","O","20010401","F"
"4NX44","5C9","O","20010401","X"
"4NY10","5DE","O","20010401","F"
"4NY30","5JC","O","20020401","F"
"4PA23","5AA","R","20010401","F"
"4PA23","5AA","O","20000401","F"
"4PA23","4PA23","O","20000401","F"
"4PC56","5F6","O","20010401","F"
"4PC69","5D2","O","20010401","F"
"4PD03","5LN","O","20020401","F"
"4PD40","4KM10","R","20000401","F"
"4PF18","5J3","O","20020401","F"
"4PG13","5G8","O","20020401","F"
"4PJ16","5K7","O","20020401","X"
"4PK31","5C8","O","20010401","F"
"4PK87","4EK66","R","20010401","F"
"4PL53","5LF","O","20020401","X"
"4PM31","5G1","O","20020401","F"
"4PM40","TAC","O","20020401","X"
"4PN16","4GP22","O","20000401","F"
"4PN16","5AT","O","20000401","X"
"4PN61","5H8","O","20020401","X"
"4PP02","5LA","O","20020401","X"
"4PQ79","5LE","O","20020401","X"
"4PR22","5KX","O","20020401","F"
"4PR51","5KX","O","20020401","F"
"4PT43","4DN88","R","20001001","F"
"4PV19","5JN","O","20020401","F"
"4PW70","5M5","O","20020401","F"
"4PY01","5GW","O","20010401","F"
"4QA16","5GY","O","20010401","F"
"4QA49","5JX","O","20020401","X"
"4QA70","5EW","O","20010401","F"
"4QD65","5DA","O","20010401","F"
"4QE51","4QR39","R","20010401","F"
"4QG26","5AT","O","20000401","X"
"4QG26","4GP22","O","20000401","F"
"4QH13","5LV","O","20020401","F"
"4QJ48","4QJ48","O","20001001","F"
"4QJ48","5CD","O","20001001","F"
"4QJ48","5CD","R","20010401","F"
"4QJ84","5LN","O","20020401","F"
"4QK54","5JV","O","20020401","F"
"4QL75","5HQ","O","20020401","X"
"4QP36","5E1","O","20010401","X"
"4QR39","5LC","O","20020401","X"
"4QT28","5C5","O","20010401","X"
"4QV21","5GX","O","20010401","F"
"4QV29","5CL","O","20001001","F"
"4QV29","4CQ05","O","20001001","F"
"4QV83","5EC","O","20010401","F"
"4QW29","5E8","O","20010401","F"
"4QW35","5KL","O","20020401","X"
"4QW43","5EE","O","20010401","F"
"4RA46","5LG","O","20020401","X"
"4RA46","5M7","O","20020401","X"
"4RA63","5LG","O","20020401","X"
"4RA95","5LM","O","20020401","F"
"4RC27","5DY","O","20010401","F"
"4RC51","5G2","O","20020401","F"
"4RC70","5DN","O","20010401","F"
"4RF96","5HA","O","20020401","F"
"4RG54","5DQ","O","20010401","F"
"4RH26","4FM82","R","20010401","F"
"4RJ84","5M8","O","20020401","X"
"4RK71","5FE","O","20010401","X"
"4RL26","5LT","O","20020401","F"
"4RL40","5D8","O","20010401","X"
"4RL47","5C6","O","20010401","F"
"4RM35","5M6","O","20020401","X"
"4RN72","5J2","O","20020401","X"
"4RP19","5H1","O","20020401","X"
"4RQ27","5GQ","O","20010401","F"
"4RQ66","5KJ","O","20020401","F"
"4RR95","5GH","O","20010401","F"
"4RV24","5E4","O","20010401","F"
"4RV82","5EY","O","20010401","F"
"4RW53","5C3","O","20010401","X"
"4RX15","4JN43","R","20010401","F"
"4RX20","5ED","O","20010401","F"
"4RY26","5GV","O","20010401","F"
"4RY67","5H8","O","20020401","X"
"4TA20","5G8","O","20020401","F"
"4TA74","5MD","O","20020401","X"
"4TD98","5L6","O","20020401","F"
"4TE32","5K8","O","20020401","X"
"4TE61","5K8","O","20020401","X"
"4TG10","5E3","O","20010401","F"
"4TG79","5GP","O","20010401","F"
"4TH96","5E9","O","20010401","F"
"4TK31","5GH","O","20010401","F"
"4TM58","5JA","O","20020401","F"
"4TP02","5E8","O","20010401","F"
"4TP57","5A1","O","20010401","F"
"4TP94","5DF","O","20010401","F"
"4TQ56","5JP","O","20020401","F"
"4TR73","4PD03","R","20010401","F"
"4TV71","4KW68","R","20000401","F"
"4TW78","5J1","O","20020401","F"
"4TX35","4TX35","O","20000401","F"
"4TX35","5AL","R","20010401","F"
"4TX35","5AL","O","20000401","F"
"4TY35","5K6","O","20020401","X"
"4VA42","5C2","O","20010401","X"
"4VE03","5LT","O","20020401","F"
"4VE05","5K9","O","20020401","X"
"4VE09","5FH","O","20010401","F"
"4VE67","5DL","O","20010401","F"
"4VE92","5J6","O","20020401","X"
"4VG09","4VP62","R","20010401","F"
"4VJ57","5GF","O","20010401","F"
"4VP27","5HR","O","20020401","F"
"4VP62","5JF","O","20020401","F"
"4VP71","5DQ","O","20010401","F"
"4VQ89","5K6","O","20020401","X"
"4VR02","5A3","O","20010401","X"
"4VR34","5L9","O","20020401","F"
"4VT04","5HW","O","20020401","F"
"4VT37","4KN90","R","20010401","F"
"4VV82","5GE","O","20010401","F"
"4VW18","5L7","O","20020401","F"
"4VW19","5EM","O","20010401","X"
"4VX02","4VX02","O","20001001","F"
"4VX02","5CT","O","20001001","F"
"4VX02","5CT","R","20010401","F"
"4WC57","6A1","O","20030401","F"
"4WD18","6A2","O","20030401","F"
"4WD24","6A3","O","20030401","F"
"4WE53","6A4","O","20030401","F"
"4WF99","6A5","O","20030401","F"
"4WG93","6A6","O","20030401","F"
"4WH26","6A7","O","20030401","F"
"4WK03","6A8","O","20030401","F"
"4WM73","6A9","O","20030401","F"
"4WN27","6B1","O","20030401","F"
"4WN58","6B2","O","20030401","F"
"4WP35","6B3","O","20030401","F"
"4WQ12","6B4","O","20030401","F"
"4WQ22","6B5","O","20030401","F"
"4WQ70","6B6","O","20030401","F"
"4WV17","6B7","O","20030401","F"
"4WV83","6B8","O","20030401","F"
"4WX56","6B9","O","20030401","F"
"4WX89","6C1","O","20030401","F"
"4WY19","6C2","O","20030401","F"
"4WY71","6C3","O","20030401","F"
"4WY78","6C4","O","20030401","F"
"4XA29","5KN","O","20020401","F"
"4XC14","5C1","O","20010401","X"
"4XC94","5E5","O","20010401","F"
"4XD10","5A9","O","20010401","X"
"4XD18","4HF25","R","20010401","F"
"4XE66","5FN","O","20010401","F"
"4XG30","5EP","O","20010401","F"
"4XG78","5FY","O","20010401","F"
"4XH33","5FC","O","20010401","F"
"4XH63","4XH63","O","20001001","F"
"4XH63","5CC","O","20001001","F"
"4XH63","5CC","R","20010401","F"
"4XH88","5EH","O","20010401","F"
"4XJ66","5F7","O","20010401","X"
"4XK04","5CP","R","20010401","F"
"4XK04","5CP","O","20001001","F"
"4XK04","4XK04","O","20001001","F"
"4XK51","5F8","O","20010401","F"
"4XL44","5FG","O","20010401","F"
"4XM65","5H3","O","20020401","F"
"4XM96","4TH96","R","20000601","F"
"4XM98","5K2","O","20020401","F"
"4XR10","5JY","O","20020401","F"
"4XR84","5JJ","O","20020401","F"
"4XR89","5C1","O","20010401","X"
"4XR92","5L6","O","20020401","F"
"4XT76","5CE","O","20001001","F"
"4XT76","4AY97","O","20001001","F"
"4XV70","5F2","O","20010401","F"
"4XW57","5DV","O","20010401","F"
"4XW97","5K5","O","20020401","X"
"4XX64","5AT","O","20000401","X"
"4XX64","4GP22","O","20000401","F"
"4XY38","5H2","O","20020401","F"
"4YA80","5LQ","O","20020401","X"
"4YA87","TAC","O","20020401","X"
"4YC24","5A4","O","20010401","X"
"4YC75","5D8","O","20010401","X"
"4YD16","5F1","O","20010401","X"
"4YD40","TAC","O","20020401","X"
"4YD54","4FF02","R","20010401","F"
"4YE05","5HY","O","20020401","X"
"4YE54","5HE","O","20020401","F"
"4YF25","4YF25","O","20001001","F"
"4YF25","5CK","O","20001001","F"
"4YF25","5CK","R","20010401","F"
"4YG60","4YV57","R","20010401","F"
"4YG88","5MF","O","20020401","F"
"4YG88","5ME","O","20020401","F"
"4YG96","5A7","O","20010401","X"
"4YH38","5H9","O","20020401","F"
"4YH82","4JN43","R","20010401","F"
"4YJ26","5C1","O","20010401","X"
"4YK64","TAC","O","20020401","X"
"4YL81","5A3","O","20010401","X"
"4YM48","5JC","O","20020401","F"
"4YM62","5F5","O","20010401","X"
"4YN06","4YN06","O","20001001","F"
"4YN06","5CA","O","20001001","F"
"4YN06","5CA","R","20010401","F"
"4YN89","5G9","O","20020401","F"
"4YP47","5HF","O","20020401","F"
"4YQ98","5DP","O","20010401","F"
"4YR50","5FP","O","20010401","F"
"4YR99","5A7","O","20010401","X"
"4YT24","5E2","O","20010401","F"
"4YT36","4EK66","R","20010401","F"
"4YV57","5MX","O","20020401","X"
"4YW18","5MA","O","20020401","F"
"4YW85","5J8","O","20020401","F"
"4YX18","5FJ","O","20010401","F"
"4YX24","5HA","O","20020401","F"
"4YX30","5MD","O","20020401","X"
"4YX78","5CN","O","20001001","X"
"4YX78","5CN","R","20010401","X"
"4YX78","4YX78","O","20001001","F"
"4YY24","5J4","O","20020401","X"
"4YY42","5LD","O","20020401","X"
"5A1","5QC","R","20061001","X"
"5A101","5QCQ2","R","20061001","X"
"5A102","5QCQ5","R","20061001","X"
"5A103","5QCQ6","R","20061001","X"
"5A104","5QCQ8","R","20061001","X"
"5A105","5QCQ9","R","20061001","X"
"5A106","5QCR1","R","20061001","X"
"5A107","5QCR3","R","20061001","X"
"5A108","5QCV7","R","20061001","X"
"5A109","5QCQ3","R","20061001","X"
"5A110","5QCT2","R","20061001","X"
"5A111","5QCV1","R","20061001","X"
"5A112","5QCR5","R","20061001","X"
"5A113","5QCR2","R","20061001","X"
"5A114","5QCV3","R","20061001","X"
"5A115","5QCV8","R","20061001","X"
"5A116","5QCP3","R","20061001","X"
"5A117","5QCT6","R","20061001","X"
"5A118","5QCV2","R","20061001","X"
"5A119","5QCV4","R","20061001","X"
"5A120","5QCT9","R","20061001","X"
"5A121","5QCT4","R","20061001","X"
"5A122","5QCQ7","R","20061001","X"
"5A135","5QCV6","R","20061001","X"
"5A2","5PQ","R","20061001","X"
"5A203","5PQ03","R","20061001","X"
"5A205","5PQ05","R","20061001","X"
"5A208","5PQ08","R","20061001","X"
"5A209","5PQ09","R","20061001","X"
"5A210","5PQ10","R","20061001","X"
"5A211","5PQ11","R","20061001","X"
"5A212","5PQ12","R","20061001","X"
"5A213","5PQ13","R","20061001","X"
"5A217","5PQ17","R","20061001","X"
"5A218","5PQ18","R","20061001","X"
"5A219","5PQ19","R","20061001","X"
"5A220","5PQH1","R","20061001","X"
"5A227","5PQ27","R","20061001","X"
"5A228","5PQ28","R","20061001","X"
"5A229","5PQ29","R","20061001","X"
"5A231","5PQ31","R","20061001","X"
"5A247","5PQ47","R","20061001","X"
"5A250","5PQ50","R","20061001","X"
"5A251","5PQ51","R","20061001","X"
"5A252","5PQ52","R","20061001","X"
"5A254","5PQ54","R","20061001","X"
"5A255","5PQ55","R","20061001","X"
"5A261","5PQ61","R","20061001","X"
"5A262","5PQ62","R","20061001","X"
"5A263","5PQ63","R","20061001","X"
"5A264","5PQ64","R","20061001","X"
"5A268","5PQ68","R","20061001","X"
"5A270","5PQ70","R","20061001","X"
"5A272","5PQ72","R","20061001","X"
"5A273","5PQ73","R","20061001","X"
"5A278","5PQ78","R","20061001","X"
"5A279","5PQ79","R","20061001","X"
"5A280","5PQ80","R","20061001","X"
"5A283","5PQ83","R","20061001","X"
"5A289","5PQ89","R","20061001","X"
"5A293","5PQ93","R","20061001","X"
"5A295","5PQ95","R","20061001","X"
"5A296","5PQ96","R","20061001","X"
"5A298","5PQ98","R","20061001","X"
"5A299","5PQ99","R","20061001","X"
"5A2N0","5PQN0","R","20061001","X"
"5A2N1","5PQN1","R","20061001","X"
"5A2N2","5PQN2","R","20061001","X"
"5A2N3","5PQN3","R","20061001","X"
"5A2N4","5PQN4","R","20061001","X"
"5A2N5","5PQN5","R","20061001","X"
"5A2N6","5PQN6","R","20061001","X"
"5A2N8","5PQN8","R","20061001","X"
"5A2N9","5PQN9","R","20061001","X"
"5A6","5M6","R","20020401","X"
"5A601","5M601","R","20020401","X"
"5A602","5M602","R","20020401","X"
"5A603","5M603","R","20020401","X"
"5A604","5M604","R","20020401","X"
"5A605","5M605","R","20020401","X"
"5AA","5NT","R","20061001","X"
"5AA02","5NT24","R","20061001","X"
"5AA03","5NT25","R","20061001","X"
"5AA04","5NT26","R","20061001","X"
"5AA05","5NT27","R","20061001","X"
"5AA07","5NT29","R","20061001","X"
"5AA08","5NT30","R","20061001","X"
"5AA09","5NT31","R","20061001","X"
"5AA10","5NT32","R","20061001","X"
"5AA11","5NT33","R","20061001","X"
"5AA12","5NT34","R","20061001","X"
"5AA13","5NT35","R","20061001","X"
"5AA14","5NT36","R","20061001","X"
"5AC","5PD","R","20061001","X"
"5AC01","5PD06","R","20061001","X"
"5AC02","5PD10","R","20061001","X"
"5AC03","5PD11","R","20061001","X"
"5AC04","5PD12","R","20061001","X"
"5AC05","5PD13","R","20061001","X"
"5AC06","5PD14","R","20061001","X"
"5AC07","5PD15","R","20061001","X"
"5AC08","5PD07","R","20061001","X"
"5AC09","5PD08","R","20061001","X"
"5AC10","5PD16","R","20061001","X"
"5AC12","5PD17","R","20061001","X"
"5AC13","5PD54","R","20061001","X"
"5AD","5GY","R","20010401","F"
"5AE","5JK","R","20020401","F"
"5AF","5PN","R","20061001","X"
"5AF01","5PN01","R","20061001","X"
"5AF02","5PN02","R","20061001","X"
"5AF03","5PN03","R","20061001","X"
"5AF04","5PN04","R","20061001","X"
"5AF05","5PN05","R","20061001","X"
"5AF06","5PN06","R","20061001","X"
"5AF07","5PN07","R","20061001","X"
"5AF08","5PN08","R","20061001","X"
"5AF09","5PN09","R","20061001","X"
"5AF10","5PN10","R","20061001","X"
"5AF11","5PN11","R","20061001","X"
"5AF12","5PN12","R","20061001","X"
"5AF13","5PN13","R","20061001","X"
"5AF14","5PN14","R","20061001","X"
"5AF15","5PN15","R","20061001","X"
"5AF16","5PN16","R","20061001","X"
"5AF18","5PN18","R","20061001","X"
"5AF19","5PN19","R","20061001","X"
"5AF20","5PN20","R","20061001","X"
"5AF21","5PN21","R","20061001","X"
"5AF22","5PN22","R","20061001","X"
"5AF23","5PN23","R","20061001","X"
"5AF24","5PN24","R","20061001","X"
"5AF25","5PN25","R","20061001","X"
"5AF26","5PN26","R","20061001","X"
"5AF27","5PN27","R","20061001","X"
"5AF28","5PN28","R","20061001","X"
"5AF29","5PN29","R","20061001","X"
"5AF30","5PN30","R","20061001","X"
"5AF31","5PN31","R","20061001","X"
"5AF32","5PN32","R","20061001","X"
"5AF33","5PN34","R","20061001","X"
"5AF34","5PN35","R","20061001","X"
"5AF35","5PN36","R","20061001","X"
"5AF36","5PN42","R","20061001","X"
"5AG","5PN","R","20061001","X"
"5AG01","5PN33","R","20061001","X"
"5AG02","5PN20","R","20061001","X"
"5AG03","5PN21","R","20061001","X"
"5AG04","5PN22","R","20061001","X"
"5AH","5PW","R","20061001","X"
"5AH01","5PW29","R","20061001","X"
"5AH02","5PW22","R","20061001","X"
"5AH03","5PW23","R","20061001","X"
"5AH04","5PW24","R","20061001","X"
"5AH05","5PW25","R","20061001","X"
"5AH07","5PW27","R","20061001","X"
"5AH08","5PW28","R","20061001","X"
"5AH09","5PW21","R","20061001","X"
"5AH10","5PW30","R","20061001","X"
"5AH11","5PW31","R","20061001","X"
"5AJ","5PV","R","20061001","X"
"5AJ01","5PV01","R","20061001","X"
"5AJ02","5PV02","R","20061001","X"
"5AJ03","5PVHQ","R","20061001","X"
"5AJ04","5PV03","R","20061001","X"
"5AJ05","5PV04","R","20061001","X"
"5AJ06","5PV05","R","20061001","X"
"5AJ07","5PV06","R","20061001","X"
"5AJ08","5PV07","R","20061001","X"
"5AK","5P1","R","20061001","X"
"5AK01","5P101","R","20061001","X"
"5AK02","5P102","R","20061001","X"
"5AK03","5P103","R","20061001","X"
"5AK04","5P104","R","20061001","X"
"5AK05","5P105","R","20061001","X"
"5AK06","5P106","R","20061001","X"
"5AK07","5P107","R","20061001","X"
"5AK08","5P108","R","20061001","X"
"5AK09","5P109","R","20061001","X"
"5AK10","5P110","R","20061001","X"
"5AK11","5P111","R","20061001","X"
"5AK12","5P112","R","20061001","X"
"5AK13","5P113","R","20061001","X"
"5AK14","5P114","R","20061001","X"
"5AL","5N7","R","20061001","X"
"5AL02","5N701","R","20061001","X"
"5AL04","5N702","R","20061001","X"
"5AL06","5N703","R","20061001","X"
"5AL07","5N704","R","20061001","X"
"5AL08","5N705","R","20061001","X"
"5AL09","5N706","R","20061001","X"
"5AL12","5N707","R","20061001","X"
"5AL13","5N708","R","20061001","X"
"5AL14","5N709","R","20061001","X"
"5AL15","5N710","R","20061001","X"
"5AL16","5N711","R","20061001","X"
"5AL17","5N720","R","20061001","X"
"5AM","5N8","R","20061001","X"
"5AMAA","5N801","R","20061001","X"
"5AMAC","5N802","R","20061001","X"
"5AMBL","5N803","R","20061001","X"
"5AMBT","5N804","R","20061001","X"
"5AMCP","5N806","R","20061001","X"
"5AMDJ","5N811","R","20061001","X"
"5AMDP","5N812","R","20061001","X"
"5AMDR","5N813","R","20061001","X"
"5AMDT","5N814","R","20061001","X"
"5AMEA","5N815","R","20061001","X"
"5AMEB","5N816","R","20061001","X"
"5AMEF","5N817","R","20061001","X"
"5AMEN","5N818","R","20061001","X"
"5AMEW","5N819","R","20061001","X"
"5AMEX","5N820","R","20061001","X"
"5AMFF","5N821","R","20061001","X"
"5AMFH","5N822","R","20061001","X"
"5AMFJ","5N823","R","20061001","X"
"5AMFK","5N824","R","20061001","X"
"5AMGM","5N825","R","20061001","X"
"5AMHE","5N827","R","20061001","X"
"5AMHP","5N828","R","20061001","X"
"5AMHQ","5AMBT","R","20040501","F"
"5AMYA","5N829","R","20061001","X"
"5AMYC","5N830","R","20061001","X"
"5AMYD","5N831","R","20061001","X"
"5AMYE","5N832","R","20061001","X"
"5AMYF","5N833","R","20061001","X"
"5AMYG","5N834","R","20061001","X"
"5AMYH","5N835","R","20061001","X"
"5AMYJ","5N836","R","20061001","X"
"5AMZA","5AMYA","R","20040401","F"
"5AMZB","5AMYC","R","20040401","F"
"5AMZC","5AMYD","R","20040401","F"
"5AMZD","5AMYE","R","20040401","F"
"5AMZE","5AMYF","R","20040401","F"
"5AN","TAN","O","20070901","X"
"5AN01","TAN01","O","20070901","X"
"5AN02","TAN02","O","20070901","X"
"5AN03","TAN03","O","20070901","X"
"5AN04","TAN04","O","20070901","X"
"5AN05","TAN05","O","20070901","X"
"5AN06","TAN06","O","20070901","X"
"5AN07","TAN07","O","20070901","X"
"5AN08","TAN08","O","20070901","X"
"5AN09","TAN09","O","20070901","X"
"5AN10","TAN10","O","20070901","X"
"5AN11","TAN11","O","20070901","X"
"5AN12","TAN12","O","20070901","X"
"5AN13","TAN13","O","20070901","X"
"5AN14","TAN14","O","20070901","X"
"5AN15","TAN15","O","20070901","X"
"5AN16","TAN16","O","20070901","X"
"5AN17","TAN17","O","20070901","X"
"5AN18","TAN18","O","20070901","X"
"5AN19","TAN19","O","20070901","X"
"5AN20","TAN20","O","20070901","X"
"5AN21","TAN21","O","20070901","X"
"5AN22","TAN22","O","20070901","X"
"5AN23","TAN23","O","20070901","X"
"5AN24","TAN24","O","20070901","X"
"5AN25","TAN25","O","20070901","X"
"5AN27","TAN27","O","20070901","X"
"5AN31","TAN31","O","20070901","X"
"5AN32","TAN32","O","20070901","X"
"5AN33","TAN33","O","20070901","X"
"5AN34","TAN34","O","20070901","X"
"5AN35","TAN35","O","20070901","X"
"5AN36","TAN36","O","20070901","X"
"5AP","5N8","R","20061001","X"
"5AP01","5N837","R","20061001","X"
"5AP02","5N838","R","20061001","X"
"5APCG","5N839","R","20061001","X"
"5APCH","5N840","R","20061001","X"
"5APDA","5N842","R","20061001","X"
"5APDC","5N843","R","20061001","X"
"5APDD","5N844","R","20061001","X"
"5APDE","5N845","R","20061001","X"
"5APDF","5N846","R","20061001","X"
"5APDG","5N847","R","20061001","X"
"5APDH","5N848","R","20061001","X"
"5APDJ","5N811","R","20061001","X"
"5APDL","5N849","R","20061001","X"
"5APDM","5N850","R","20061001","X"
"5APDN","5N851","R","20061001","X"
"5APDW","5N852","R","20061001","X"
"5APDX","5N853","R","20061001","X"
"5APDY","5N854","R","20061001","X"
"5APDZ","5N855","R","20061001","X"
"5APEC","5N856","R","20061001","X"
"5APEG","5N857","R","20061001","X"
"5APET","5N858","R","20061001","X"
"5APEY","5N859","R","20061001","X"
"5APFN","5N860","R","20061001","X"
"5APGL","5N861","R","20061001","X"
"5APGP","5N862","R","20061001","X"
"5APGR","5N863","R","20061001","X"
"5APGT","5N864","R","20061001","X"
"5APHP","5N828","R","20061001","X"
"5APNG","5N865","R","20061001","X"
"5AQ","5KV","R","20020401","F"
"5AR","5KV","R","20020401","F"
"5AV","5M7","R","20020401","X"
"5AW","5NY","R","20061001","X"
"5AW01","5NY10","R","20061001","X"
"5AW02","5NY11","R","20061001","X"
"5AW03","5NY23","R","20061001","X"
"5AW04","5NY24","R","20061001","X"
"5AW05","5NY05","R","20061001","X"
"5AW07","5NY37","R","20061001","X"
"5AW08","5NY04","R","20061001","X"
"5AW09","5NY26","R","20061001","X"
"5AW11","5NY28","R","20061001","X"
"5AW12","5NY55","R","20061001","X"
"5AX","TAK","O","20031001","X"
"5AY","5MY","R","20020401","F"
"5C6","5NC","R","20030401","X"
"5C6CB","5NCCB","R","20030401","X"
"5C6FR","5NCFR","R","20030401","X"
"5C6GL","5NCGL","R","20030401","X"
"5C6K6","5NCK6","R","20030401","X"
"5C6K9","5NCK9","R","20030401","X"
"5C6KA","5NCKA","R","20030401","X"
"5C6KB","5NCKB","R","20030401","X"
"5C6LG","5NCLG","R","20030401","X"
"5C7","5NC","R","20030401","X"
"5C7","5NA","R","20030401","X"
"5C7K5","5NCK5","R","20030401","X"
"5C7KB","5NA03","R","20030401","X"
"5C8","5NA","R","20030401","X"
"5CA","5MY","R","20020401","F"
"5CC","TAP","O","20100401","X"
"5CC02","TAP02","O","20100401","X"
"5CC03","TAP03","O","20100401","X"
"5CC04","TAP04","O","20100401","X"
"5CC05","TAP05","O","20100401","X"
"5CC06","TAP06","O","20100401","X"
"5CC07","TAP07","O","20100401","X"
"5CC08","TAP08","O","20100401","X"
"5CC09","TAP09","O","20100401","X"
"5CC10","TAP10","O","20100401","X"
"5CC11","TAP11","O","20100401","X"
"5CC12","TAP12","O","20100401","X"
"5CC13","TAP13","O","20100401","X"
"5CC14","TAP14","O","20100401","X"
"5CC15","TAP15","O","20100401","X"
"5CC16","TAP16","O","20100401","X"
"5CC17","TAP17","O","20100401","X"
"5CC18","TAP18","O","20100401","X"
"5CC19","TAP19","O","20100401","X"
"5CC20","TAP20","O","20100401","X"
"5CC21","TAP21","O","20100401","X"
"5CC22","TAP22","O","20100401","X"
"5CC23","TAP23","O","20100401","X"
"5CC24","TAP24","O","20100401","X"
"5CC25","TAP25","O","20100401","X"
"5CC27","TAP27","O","20100401","X"
"5CC27","TAP26","O","20100401","X"
"5CC28","TAP28","O","20100401","X"
"5CC29","TAP29","O","20100401","X"
"5CD","5QM","R","20061001","X"
"5CD01","5CD21","R","20010401","F"
"5CD02","5CD20","R","20010401","F"
"5CD04","5CD38","R","20010401","F"
"5CD05","5CD60","R","20010401","F"
"5CD06","5QM51","R","20061001","X"
"5CD07","5CD98","R","20010401","F"
"5CD08","5CD99","R","20010401","X"
"5CD09","5CD50","R","20010401","F"
"5CD10","5QM47","R","20061001","X"
"5CD11","5CD52","R","20010401","F"
"5CD12","5CD55","R","20010401","F"
"5CD13","5CD54","R","20010401","F"
"5CD14","5CD91","R","20010401","F"
"5CD15","5CD26","R","20010401","X"
"5CD16","5CD58","R","20010401","F"
"5CD17","5CD25","R","20010401","F"
"5CD18","5CD30","R","20010401","F"
"5CD19","5CD22","R","20010401","F"
"5CD20","5QM38","R","20061001","X"
"5CD21","5QM39","R","20061001","X"
"5CD22","5QM48","R","20061001","X"
"5CD23","5CD53","R","20010401","F"
"5CD25","5QM37","R","20061001","X"
"5CD30","5QM53","R","20061001","X"
"5CD38","5QM45","R","20061001","X"
"5CD49","5QM49","R","20061001","X"
"5CD50","5QM43","R","20061001","X"
"5CD52","5QM32","R","20061001","X"
"5CD53","5QM33","R","20061001","X"
"5CD54","5QM31","R","20061001","X"
"5CD55","5QM34","R","20061001","X"
"5CD58","5QM50","R","20061001","X"
"5CD60","5QM44","R","20061001","X"
"5CD91","5QM42","R","20061001","X"
"5CD92","5QM35","R","20061001","X"
"5CD93","5QM46","R","20061001","X"
"5CD94","5QM41","R","20061001","X"
"5CD95","5QM36","R","20061001","X"
"5CD97","5QM40","R","20061001","X"
"5CD98","5QM52","R","20061001","X"
"5CE","5QN","R","20061001","X"
"5CE01","5QN01","R","20061001","X"
"5CE02","5QN02","R","20061001","X"
"5CE03","5QN03","R","20061001","X"
"5CE04","5QN04","R","20061001","X"
"5CE05","5QN05","R","20061001","X"
"5CE06","5QN06","R","20061001","X"
"5CE08","5QN07","R","20061001","X"
"5CE09","5QN08","R","20061001","X"
"5CE10","5QN09","R","20061001","X"
"5CE11","5QN10","R","20061001","X"
"5CE12","5QN11","R","20061001","X"
"5CE13","5QN12","R","20061001","X"
"5CE14","5QN13","R","20061001","X"
"5CF","5NY","R","20061001","X"
"5CF02","5NY53","R","20061001","X"
"5CF03","5NY16","R","20061001","X"
"5CF04","5NY44","R","20061001","X"
"5CF05","5NY45","R","20061001","X"
"5CFFI","5NY20","R","20061001","X"
"5CFFT","5NY29","R","20061001","X"
"5CFJA","5NY36","R","20061001","X"
"5CFJD","5NY41","R","20061001","X"
"5CFJH","5NY25","R","20061001","X"
"5CFJK","5NY09","R","20061001","X"
"5CFJL","5NY31","R","20061001","X"
"5CFJN","5NY21","R","20061001","X"
"5CG","5NY","R","20061001","X"
"5CG01","5NY12","R","20061001","X"
"5CG02","5NY02","R","20061001","X"
"5CG03","5NY43","R","20061001","X"
"5CG04","5NY39","R","20061001","X"
"5CG05","5NY43","R","20061001","X"
"5CG06","5NY52","R","20061001","X"
"5CG07","5NY49","R","20061001","X"
"5CG08","5NY19","R","20061001","X"
"5CG09","5NY13","R","20061001","X"
"5CG10","5NY01","R","20061001","X"
"5CG11","5NY47","R","20061001","X"
"5CG12","5NY48","R","20061001","X"
"5CG13","5NY26","R","20061001","X"
"5CG42","5NY03","R","20061001","X"
"5CGFB","5NY06","R","20061001","X"
"5CGFI","5NY20","R","20061001","X"
"5CGFM","5NY35","R","20061001","X"
"5CGFQ","5NY51","R","20061001","X"
"5CGJA","5NY36","R","20061001","X"
"5CGJB","5NY38","R","20061001","X"
"5CGJD","5NY41","R","20061001","X"
"5CGJE","5NY18","R","20061001","X"
"5CGJH","5NY25","R","20061001","X"
"5CGJN","5NY21","R","20061001","X"
"5CH","5NY","R","20061001","X"
"5CH01","5NY22","R","20061001","X"
"5CH02","5NY34","R","20061001","X"
"5CH03","5NY15","R","20061001","X"
"5CH04","5NY50","R","20061001","X"
"5CH05","5NY17","R","20061001","X"
"5CH06","5NY46","R","20061001","X"
"5CH07","5NY27","R","20061001","X"
"5CH08","5NY33","R","20061001","X"
"5CH09","5NY07","R","20061001","X"
"5CH10","5NY40","R","20061001","X"
"5CH11","5NY30","R","20061001","X"
"5CH12","5NY41","R","20061001","X"
"5CH13","5NY56","R","20061001","X"
"5CHEB","5NY42","R","20061001","X"
"5CHFC","5NY08","R","20061001","X"
"5CHFX","5NY14","R","20061001","X"
"5CHHQ","5NY32","R","20061001","X"
"5CHJD","5NY41","R","20061001","X"
"5CHJI","5NY54","R","20061001","X"
"5CHLR","5NY26","R","20061001","X"
"5CJ","5KT","R","20020401","F"
"5CJ01","5KT42","R","20020401","F"
"5CK","5N5","R","20061001","X"
"5CK01","5N501","R","20061001","X"
"5CK02","5N502","R","20061001","X"
"5CK1A","5N503","R","20061001","X"
"5CK1C","5N504","R","20061001","X"
"5CK1D","5N505","R","20061001","X"
"5CK1E","5N506","R","20061001","X"
"5CK1F","5N507","R","20061001","X"
"5CK1G","5N508","R","20061001","X"
"5CK3A","5N509","R","20061001","X"
"5CK5A","5N510","R","20061001","X"
"5CKCE","5N511","R","20061001","X"
"5CKCQ","5N512","R","20061001","X"
"5CL","5NT","R","20061001","X"
"5CL01","5NT01","R","20061001","X"
"5CL02","5NT02","R","20061001","X"
"5CL03","5NT03","R","20061001","X"
"5CL04","5NT04","R","20061001","X"
"5CL05","5NT05","R","20061001","X"
"5CL06","5NT06","R","20061001","X"
"5CL07","5NT07","R","20061001","X"
"5CL08","5NT08","R","20061001","X"
"5CL09","5NT09","R","20061001","X"
"5CL10","5NT10","R","20061001","X"
"5CL11","5NT11","R","20061001","X"
"5CL12","5NT12","R","20061001","X"
"5CL13","5NT13","R","20061001","X"
"5CL14","5NT42","R","20061001","X"
"5CL15","5NT44","R","20061001","X"
"5CL16","5NT38","R","20061001","X"
"5CL17","5NT45","R","20061001","X"
"5CL18","5NT41","R","20061001","X"
"5CL19","5NT43","R","20061001","X"
"5CL20","5NT39","R","20061001","X"
"5CL21","5NT40","R","20061001","X"
"5CL22","5NT27","R","20061001","X"
"5CL23","5NT26","R","20061001","X"
"5CL24","5NT30","R","20061001","X"
"5CL25","5NT29","R","20061001","X"
"5CL26","5NT25","R","20061001","X"
"5CL28","5NT24","R","20061001","X"
"5CL29","5NT14","R","20061001","X"
"5CL30","5NT15","R","20061001","X"
"5CL31","5NT16","R","20061001","X"
"5CL32","5NT17","R","20061001","X"
"5CL33","5NT18","R","20061001","X"
"5CL34","5NT19","R","20061001","X"
"5CL35","5NT20","R","20061001","X"
"5CL36","5NT21","R","20061001","X"
"5CL38","5NT22","R","20061001","X"
"5CL39","5NT23","R","20061001","X"
"5CL40","5NT32","R","20061001","X"
"5CM","5P9","R","20061001","X"
"5CM01","5P926","R","20061001","X"
"5CM02","5P927","R","20061001","X"
"5CM03","5P928","R","20061001","X"
"5CM04","5P929","R","20061001","X"
"5CM05","5P930","R","20061001","X"
"5CM06","5P931","R","20061001","X"
"5CM07","5P932","R","20061001","X"
"5CM08","5P933","R","20061001","X"
"5CM09","5P934","R","20061001","X"
"5CM10","5P935","R","20061001","X"
"5CM11","5P936","R","20061001","X"
"5CP","5P4","R","20061001","F"
"5CP03","5P4P3","R","20061001","F"
"5CP05","5P4P5","R","20061001","F"
"5CP07","5P4P7","R","20061001","F"
"5CP08","5P4P8","R","20061001","F"
"5CP09","5P4P9","R","20061001","F"
"5CP10","5P4P2","R","20061001","F"
"5CP11","5P4P1","R","20061001","F"
"5CPHQ","5P4P0","R","20061001","F"
"5CR","5NT","R","20061001","X"
"5CR01","5NT37","R","20061001","X"
"5CR02","5NT38","R","20061001","X"
"5CR03","5NT39","R","20061001","X"
"5CR04","5NT40","R","20061001","X"
"5CR05","5NT41","R","20061001","X"
"5CR06","5NT42","R","20061001","X"
"5CR07","5NT43","R","20061001","X"
"5CR08","5NT44","R","20061001","X"
"5CR09","5NT45","R","20061001","X"
"5CR10","5CR29","R","20050401","F"
"5CR11","5NT47","R","20061001","X"
"5CR12","5NT48","R","20061001","X"
"5CR13","5NT49","R","20061001","X"
"5CR14","5NT50","R","20061001","X"
"5CR15","5NT51","R","20061001","X"
"5CR16","5NT52","R","20061001","X"
"5CR17","5NT53","R","20061001","X"
"5CR18","5NT54","R","20061001","X"
"5CR19","5NT55","R","20061001","X"
"5CR20","5NT56","R","20061001","X"
"5CR21","5NT57","R","20061001","X"
"5CR22","5NT58","R","20061001","X"
"5CR23","5NT59","R","20061001","X"
"5CR24","5NT60","R","20061001","X"
"5CR25","5NT61","R","20061001","X"
"5CR26","5NT62","R","20061001","X"
"5CR27","5NT63","R","20061001","X"
"5CR28","5NT64","R","20061001","X"
"5CR29","5NT46","R","20061001","X"
"5CRM4","5NT40","R","20061001","X"
"5CRM5","5NT66","R","20061001","X"
"5CT","5ME","R","20020401","F"
"5CT26","5ME26","R","20020401","F"
"5CT43","5ME43","R","20020401","F"
"5CT49","5ME49","R","20020401","F"
"5CT55","5ME55","R","20020401","F"
"5CT65","5ME65","R","20020401","F"
"5CV","5QQ","R","20061001","X"
"5CV01","5QQ01","R","20061001","X"
"5CV02","5QQ02","R","20061001","X"
"5CV03","5QQ03","R","20061001","X"
"5CV04","5QQ04","R","20061001","X"
"5CV05","5QQAA","R","20061001","X"
"5CV06","5QQ05","R","20061001","X"
"5CV07","5QQ06","R","20061001","X"
"5CV08","5QQ07","R","20061001","X"
"5CV09","5QQ08","R","20061001","X"
"5CV10","5QQ09","R","20061001","X"
"5CV11","5QQ0A","R","20061001","X"
"5CV12","5QQ0C","R","20061001","X"
"5CV14","5QQ0E","R","20061001","X"
"5CV15","5QQ0F","R","20061001","X"
"5CW","TAL","O","20051001","X"
"5CW01","TAL01","O","20051001","X"
"5CW02","TAL02","O","20051001","X"
"5CW03","TAL03","O","20051001","X"
"5CX","5NR","R","20061001","X"
"5CX01","5NR01","R","20061001","X"
"5CX02","5NR13","R","20061001","X"
"5CX03","5NR14","R","20061001","X"
"5CX04","5NR15","R","20061001","X"
"5CX05","5NR16","R","20061001","X"
"5CX06","5NR17","R","20061001","X"
"5CX07","5NR18","R","20061001","X"
"5CX08","5NR19","R","20061001","X"
"5CX09","5NR20","R","20061001","X"
"5CX10","5NR21","R","20061001","X"
"5CX11","5NR22","R","20061001","X"
"5CX12","5NR23","R","20061001","X"
"5CX13","5NR10","R","20061001","X"
"5CX14","5NR11","R","20061001","X"
"5CX15","5NR12","R","20061001","X"
"5CX16","5NR24","R","20061001","X"
"5CY","5PQ","R","20061001","X"
"5CY01","5PQH5","R","20061001","X"
"5CY02","5PQ3E","R","20061001","X"
"5CY03","5PQ1V","R","20061001","X"
"5CY04","5PQ2F","R","20061001","X"
"5CY05","5PQ1X","R","20061001","X"
"5CY06","5PQ1P","R","20061001","X"
"5CY07","5PQ3F","R","20061001","X"
"5CY08","5PQ2A","R","20061001","X"
"5CY09","5PQ20","R","20061001","X"
"5CY10","5PQ2C","R","20061001","X"
"5CY11","5PQ2D","R","20061001","X"
"5CY12","5PQ2E","R","20061001","X"
"5CY13","5PQ2J","R","20061001","X"
"5CY14","5PQ1T","R","20061001","X"
"5CY15","5PQ3D","R","20061001","X"
"5CY16","5PQ1R","R","20061001","X"
"5CY2X","5PQ1Q","R","20061001","X"
"5CY2Y","5PQ2N","R","20061001","X"
"5CY50","5PQ2P","R","20061001","X"
"5CY51","5PQ1Y","R","20061001","X"
"5CY52","5PQ2V","R","20061001","X"
"5CY53","5PQ3L","R","20061001","X"
"5CY54","5PQ2T","R","20061001","X"
"5CY55","5PQ3J","R","20061001","X"
"5CY56","5PQ2R","R","20061001","X"
"5CY57","5PQ2Q","R","20061001","X"
"5CY58","5PQ2G","R","20061001","X"
"5CY59","5PQ3H","R","20061001","X"
"5CY60","5PQ2X","R","20061001","X"
"5CY61","5PQ2M","R","20061001","X"
"5CY62","5PQ2L","R","20061001","X"
"5CY63","5PQ2K","R","20061001","X"
"5CY64","5PQ3G","R","20061001","X"
"5CY65","5PQ1W","R","20061001","X"
"5CY66","5PQ2H","R","20061001","X"
"5CY67","5PQ2W","R","20061001","X"
"5CY68","5PQ3K","R","20061001","X"
"5CY69","5PQ1A","R","20061001","X"
"5CY70","5PQ3W","R","20061001","X"
"5CY71","5PQ1M","R","20061001","X"
"5CY72","5PQ1H","R","20061001","X"
"5CY73","5PQ1C","R","20061001","X"
"5CY74","5PQ1J","R","20061001","X"
"5CY75","5PQ1G","R","20061001","X"
"5CY76","5PQ1F","R","20061001","X"
"5CY77","5PQ1E","R","20061001","X"
"5CY78","5PQ3A","R","20061001","X"
"5CY79","5PQ1L","R","20061001","X"
"5CY80","5PQ1K","R","20061001","X"
"5CY81","5PQ1N","R","20061001","X"
"5CY82","5PQ1D","R","20061001","X"
"5CY83","5PQ3C","R","20061001","X"
"5D1","TAM","O","20061001","F"
"5D101","TAM01","O","20061001","F"
"5D102","TAM02","O","20061001","F"
"5D103","TAM03","O","20061001","F"
"5D104","TAM04","O","20061001","F"
"5D105","TAM05","O","20061001","X"
"5D106","TAM06","O","20061001","F"
"5D107","TAM07","O","20061001","F"
"5D108","TAM08","O","20061001","F"
"5D109","TAM09","O","20061001","F"
"5D110","TAM10","O","20061001","F"
"5D111","TAM11","O","20061001","F"
"5D112","TAM12","O","20061001","F"
"5D113","TAM13","O","20061001","F"
"5D114","TAM14","O","20061001","F"
"5D115","TAM15","O","20061001","F"
"5D116","TAM16","O","20061001","F"
"5D117","TAM17","O","20061001","F"
"5D118","TAM18","O","20061001","F"
"5D119","TAM19","O","20061001","F"
"5D120","TAM20","O","20061001","F"
"5D121","TAM21","O","20061001","F"
"5D122","TAM22","O","20061001","F"
"5D1C1","TAMC1","O","20061001","F"
"5D1C2","TAMC2","O","20061001","F"
"5D1F1","TAMF1","O","20061001","F"
"5D1HQ","TAMHQ","O","20061001","F"
"5D1L1","TAML1","O","20061001","F"
"5D1P1","TAMP1","O","20061001","F"
"5D2","5N9","R","20061001","X"
"5D201","5N901","R","20061001","X"
"5D202","5N902","R","20061001","X"
"5D203","5N903","R","20061001","X"
"5D204","5N904","R","20061001","X"
"5D205","5N905","R","20061001","X"
"5D206","5N906","R","20061001","X"
"5D207","5N907","R","20061001","X"
"5D208","5N908","R","20061001","X"
"5D209","5N909","R","20061001","X"
"5D210","5N910","R","20061001","X"
"5D211","5N911","R","20061001","X"
"5D212","5N912","R","20061001","X"
"5D213","5N913","R","20061001","X"
"5D214","5N914","R","20061001","X"
"5D215","5N915","R","20061001","X"
"5D216","5N916","R","20061001","X"
"5D217","5N917","R","20061001","X"
"5D2HQ","5N9HQ","R","20061001","X"
"5D3","5N9","R","20061001","X"
"5D301","5N918","R","20061001","X"
"5D302","5N919","R","20061001","X"
"5D303","5N920","R","20061001","X"
"5D304","5N921","R","20061001","X"
"5D305","5N922","R","20061001","X"
"5D306","5N923","R","20061001","X"
"5D307","5N924","R","20061001","X"
"5D308","5N925","R","20061001","X"
"5D4","5NE","R","20061001","X"
"5D401","5NEHQ","R","20061001","X"
"5D402","5NECU","R","20061001","X"
"5D4BH","5NEWG","R","20061001","X"
"5D4CH","5NEAY","R","20061001","X"
"5D4QW","5NEQW","R","20061001","X"
"5D4QX","5NEQX","R","20061001","X"
"5D4QY","5NEQY","R","20061001","X"
"5D4UC","5NEVP","R","20061001","X"
"5D4UD","5NEWF","R","20061001","X"
"5D4UG","5NELG","R","20061001","X"
"5D4UH","5NEVM","R","20061001","X"
"5D5","5NE","R","20061001","X"
"5D501","5NEHQ","R","20061001","X"
"5D5BD","5NEKE","R","20061001","X"
"5D5BE","5NEPE","R","20061001","X"
"5D5BF","5NERA","R","20061001","X"
"5D5BG","5NEAL","R","20061001","X"
"5D5BX","5NEWH","R","20061001","X"
"5D5CA","5NEVM","R","20061001","X"
"5D5CC","5NEMC","R","20061001","X"
"5D5CD","5NEHA","R","20061001","X"
"5D5CE","5NEWF","R","20061001","X"
"5D5CF","5NELG","R","20061001","X"
"5D5CH","5NEAY","R","20061001","X"
"5D5KQ","5NEKQ","R","20061001","X"
"5D5KR","5NEKR","R","20061001","X"
"5D5KS","5NEAP","R","20061001","X"
"5D5KT","5NEKT","R","20061001","X"
"5D5UC","5NEVP","R","20061001","X"
"5D5UE","5NEAC","R","20061001","X"
"5D5UF","5NERC","R","20061001","X"
"5D6","5NE","R","20061001","X"
"5D6AA","5NEHQ","R","20061001","X"
"5D6BY","5NEWK","R","20061001","X"
"5D6CA","5NECA","R","20061001","X"
"5D6CB","5NECK","R","20061001","X"
"5D6CC","5NECC","R","20061001","X"
"5D6CD","5NECD","R","20061001","X"
"5D6LA","5NELA","R","20061001","X"
"5D6PB","5NEPH","R","20061001","X"
"5D6UR","5NECM","R","20061001","X"
"5D6US","5NEGR","R","20061001","X"
"5D6UT","5NEFW","R","20061001","X"
"5D6WA","5NEWA","R","20061001","X"
"5D6WC","5NEWC","R","20061001","X"
"5D6WD","5NEWD","R","20061001","X"
"5D6WH","5NEWH","R","20061001","X"
"5DA","5KL","R","20020401","X"
"5DC","5PV","R","20061001","X"
"5DC01","5PV09","R","20061001","X"
"5DC03","5PV10","R","20061001","X"
"5DC04","5PV11","R","20061001","X"
"5DC05","5PV12","R","20061001","X"
"5DC06","5PV13","R","20061001","X"
"5DC07","5PV14","R","20061001","X"
"5DC08","5PV15","R","20061001","X"
"5DC09","5PV16","R","20061001","X"
"5DC10","5PV17","R","20061001","X"
"5DC12","5PV18","R","20061001","X"
"5DC13","5PV19","R","20061001","X"
"5DC14","5PV20","R","20061001","X"
"5DC15","5PV21","R","20061001","X"
"5DC16","5PV22","R","20061001","X"
"5DC17","5PV23","R","20061001","X"
"5DC18","5PV24","R","20061001","X"
"5DCHQ","5PV08","R","20061001","X"
"5DD","5NF","R","20061001","X"
"5DD","5NE","R","20061001","X"
"5DD01","5NE01","R","20061001","X"
"5DD02","5NE02","R","20061001","X"
"5DD04","5NE04","R","20061001","X"
"5DD05","5NE05","R","20061001","X"
"5DD06","5NE06","R","20061001","X"
"5DD07","5NE07","R","20061001","X"
"5DD08","5NE08","R","20061001","X"
"5DD09","5NE09","R","20061001","X"
"5DD10","5NE10","R","20061001","X"
"5DD16","5NE16","R","20061001","X"
"5DD19","5NE19","R","20061001","X"
"5DD1A","5NE1A","R","20061001","X"
"5DD1C","5NE1C","R","20061001","X"
"5DD1D","5NE1D","R","20061001","X"
"5DD1P","5NE1P","R","20061001","X"
"5DD1V","5NE1V","R","20061001","X"
"5DD1X","5NE1X","R","20061001","X"
"5DD1Y","5NE1Y","R","20061001","X"
"5DD1Z","5NE9L","R","20061001","X"
"5DD22","5NE22","R","20061001","X"
"5DD23","5NE23","R","20061001","X"
"5DD24","5NE24","R","20061001","X"
"5DD25","5NE25","R","20061001","X"
"5DD26","5NE26","R","20061001","X"
"5DD27","5NE27","R","20061001","X"
"5DD29","5NE29","R","20061001","X"
"5DD2Y","5NE2Y","R","20061001","X"
"5DD32","5NE32","R","20061001","X"
"5DD33","5NE33","R","20061001","X"
"5DD34","5NE34","R","20061001","X"
"5DD35","5NE35","R","20061001","X"
"5DD37","5NE37","R","20061001","X"
"5DD38","5NE38","R","20061001","X"
"5DD3M","5NE3M","R","20061001","X"
"5DD3R","5NE3R","R","20061001","X"
"5DD3S","5NE9F","R","20061001","X"
"5DD3T","5NE3T","R","20061001","X"
"5DD3V","5NE3V","R","20061001","X"
"5DD3W","5NE3W","R","20061001","X"
"5DD3X","5NE3X","R","20061001","X"
"5DD3Y","5NE3Y","R","20061001","X"
"5DD40","5NE40","R","20061001","X"
"5DD41","5NE41","R","20061001","X"
"5DD44","5NE44","R","20061001","X"
"5DD45","5NE45","R","20061001","X"
"5DD46","5NE46","R","20061001","X"
"5DD49","5NE49","R","20061001","X"
"5DD4A","5NE4A","R","20061001","X"
"5DD4C","5NE4C","R","20061001","X"
"5DD4E","5NE4E","R","20061001","X"
"5DD4F","5NE4F","R","20061001","X"
"5DD4G","5NE4G","R","20061001","X"
"5DD4H","5NE4H","R","20061001","X"
"5DD4J","5NE4J","R","20061001","X"
"5DD4K","5NE4K","R","20061001","X"
"5DD4L","5NE4L","R","20061001","X"
"5DD4M","5NE4M","R","20061001","X"
"5DD4N","5NE4N","R","20061001","X"
"5DD4P","5NE4P","R","20061001","X"
"5DD4R","5NE4R","R","20061001","X"
"5DD4T","5NE4T","R","20061001","X"
"5DD52","5NE52","R","20061001","X"
"5DD53","5NE53","R","20061001","X"
"5DD55","5NE55","R","20061001","X"
"5DD56","5NE56","R","20061001","X"
"5DD59","5NE59","R","20061001","X"
"5DD62","5NE62","R","20061001","X"
"5DD65","5NE65","R","20061001","X"
"5DD70","5NE70","R","20061001","X"
"5DD82","5NE82","R","20061001","X"
"5DD85","5NE85","R","20061001","X"
"5DD87","5NE87","R","20061001","X"
"5DD95","5NE95","R","20061001","X"
"5DE","5JV","R","20020401","F"
"5DF","5QC","R","20061001","X"
"5DF02","5QCK2","R","20061001","X"
"5DF03","5QCK3","R","20061001","X"
"5DF04","5QCK4","R","20061001","X"
"5DF05","5QCK5","R","20061001","X"
"5DF07","5QCK6","R","20061001","X"
"5DF08","5QCK7","R","20061001","X"
"5DF09","5QCK8","R","20061001","X"
"5DF10","5QCL1","R","20061001","X"
"5DF19","5QCGV","R","20061001","X"
"5DF20","5QCGW","R","20061001","X"
"5DF21","5QCGX","R","20061001","X"
"5DF22","5QCGY","R","20061001","X"
"5DF23","5QCHA","R","20061001","X"
"5DF24","5QCHC","R","20061001","X"
"5DF25","5QCHD","R","20061001","X"
"5DF26","5QCHE","R","20061001","X"
"5DF27","5QCHF","R","20061001","X"
"5DF28","5QCHG","R","20061001","X"
"5DF29","5QCHH","R","20061001","X"
"5DG","5QT","R","20061001","X"
"5DG01","5QT03","R","20061001","X"
"5DH","5QK","R","20061001","X"
"5DH01","5QK01","R","20061001","X"
"5DH02","5QK02","R","20061001","X"
"5DH03","5QK03","R","20061001","X"
"5DH04","5QK04","R","20061001","X"
"5DH06","5QK05","R","20061001","X"
"5DH07","5QK06","R","20061001","X"
"5DH08","5QK07","R","20061001","X"
"5DH09","5QK08","R","20061001","X"
"5DH11","5QK09","R","20061001","X"
"5DH12","5QK10","R","20061001","X"
"5DH13","5QK11","R","20061001","X"
"5DH14","5QK12","R","20061001","X"
"5DH15","5QK13","R","20061001","X"
"5DH16","5QK14","R","20061001","X"
"5DH17","5QK15","R","20061001","X"
"5DH18","5QK16","R","20061001","X"
"5DH19","5QK17","R","20061001","X"
"5DJ","5QK","R","20061001","X"
"5DJ02","5QK18","R","20061001","X"
"5DJ03","5QK19","R","20061001","X"
"5DJ04","5QK20","R","20061001","X"
"5DJ05","5QK21","R","20061001","X"
"5DJ06","5QK22","R","20061001","X"
"5DJ07","5QK23","R","20061001","X"
"5DJ08","5QK24","R","20061001","X"
"5DJ09","5QK25","R","20061001","X"
"5DJ10","5QK26","R","20061001","X"
"5DJ11","5QK27","R","20061001","X"
"5DJ12","5QK28","R","20061001","X"
"5DJ13","5QK29","R","20061001","X"
"5DJ14","5QK30","R","20061001","X"
"5DJ15","5QK31","R","20061001","X"
"5DJ16","5QK32","R","20061001","X"
"5DJ17","5QK33","R","20061001","X"
"5DJ18","5QK34","R","20061001","X"
"5DJ19","5QK35","R","20061001","X"
"5DJ20","5QK36","R","20061001","X"
"5DJ21","5QK37","R","20061001","X"
"5DJ22","5QK38","R","20061001","X"
"5DJ23","5QK39","R","20061001","X"
"5DJ24","5QK40","R","20061001","X"
"5DJ25","5QK41","R","20061001","X"
"5DJ26","5QK42","R","20061001","X"
"5DJ27","5QK43","R","20061001","X"
"5DJ28","5QK44","R","20061001","X"
"5DJHQ","5QK45","R","20061001","X"
"5DK","5QF","R","20061001","X"
"5DK01","5DK22","R","20040301","F"
"5DK02","5DK22","R","20040301","F"
"5DK03","5DK22","R","20040301","F"
"5DK04","5QF21","R","20061001","X"
"5DK05","5QF22","R","20061001","X"
"5DK06","5QF23","R","20061001","X"
"5DK07","5QF24","R","20061001","X"
"5DK08","5QF25","R","20061001","X"
"5DK09","5QF26","R","20061001","X"
"5DK10","5QF27","R","20061001","X"
"5DK11","5QF28","R","20061001","X"
"5DK12","5QF29","R","20061001","X"
"5DK13","5QF30","R","20061001","X"
"5DK14","5QF31","R","20061001","X"
"5DK15","5QF32","R","20061001","X"
"5DK16","5QF33","R","20061001","X"
"5DK17","5QF34","R","20061001","X"
"5DK18","5QF35","R","20061001","X"
"5DK19","5QF36","R","20061001","X"
"5DK20","5QF37","R","20061001","X"
"5DK21","5QF38","R","20061001","X"
"5DK22","5QF39","R","20061001","X"
"5DL","5QF","R","20061001","X"
"5DL01","5QF40","R","20061001","X"
"5DL03","5QF41","R","20061001","X"
"5DL04","5QF42","R","20061001","X"
"5DL05","5QF43","R","20061001","X"
"5DL06","5QF44","R","20061001","X"
"5DL07","5QF45","R","20061001","X"
"5DL08","5QF46","R","20061001","X"
"5DL09","5QF47","R","20061001","X"
"5DL10","5QF48","R","20061001","X"
"5DL11","5QF49","R","20061001","X"
"5DL12","5QF50","R","20061001","X"
"5DL13","5QF51","R","20061001","X"
"5DL14","5QF52","R","20061001","X"
"5DL15","5QF53","R","20061001","X"
"5DL16","5QF54","R","20061001","X"
"5DL17","5QF55","R","20061001","X"
"5DL18","5QF56","R","20061001","X"
"5DL19","5QF57","R","20061001","X"
"5DL20","5QF58","R","20061001","X"
"5DL21","5QF59","R","20061001","X"
"5DL22","5QF60","R","20061001","X"
"5DL23","5QF61","R","20061001","X"
"5DL24","5QF62","R","20061001","X"
"5DL25","5QF63","R","20061001","X"
"5DL26","5QF64","R","20061001","X"
"5DL27","5QF65","R","20061001","X"
"5DL28","5QF66","R","20061001","X"
"5DL29","5QF67","R","20061001","X"
"5DL30","5QF68","R","20061001","X"
"5DL31","5QF69","R","20061001","X"
"5DL32","5QF70","R","20061001","X"
"5DL33","5QF71","R","20061001","X"
"5DL34","5QF72","R","20061001","X"
"5DL35","5QF73","R","20061001","X"
"5DL36","5QF74","R","20061001","X"
"5DL37","5QF75","R","20061001","X"
"5DL38","5QF76","R","20061001","X"
"5DM","5QG","R","20061001","X"
"5DM01","5QGHQ","R","20061001","X"
"5DM01","5QG07","R","20061001","X"
"5DM02","5QG08","R","20061001","X"
"5DM03","5QG09","R","20061001","X"
"5DN","5QF","R","20061001","X"
"5DN01","5QF01","R","20061001","X"
"5DN02","5QF02","R","20061001","X"
"5DN03","5QF03","R","20061001","X"
"5DN04","5QF04","R","20061001","X"
"5DN05","5QF05","R","20061001","X"
"5DN06","5QF06","R","20061001","X"
"5DN07","5QF07","R","20061001","X"
"5DN08","5QF08","R","20061001","X"
"5DN09","5QF09","R","20061001","X"
"5DN10","5QF10","R","20061001","X"
"5DN11","5QF11","R","20061001","X"
"5DN12","5QF12","R","20061001","X"
"5DN13","5QF13","R","20061001","X"
"5DN14","5QF14","R","20061001","X"
"5DN15","5QF15","R","20061001","X"
"5DN16","5QF16","R","20061001","X"
"5DN17","5QF17","R","20061001","X"
"5DN18","5QF18","R","20061001","X"
"5DN19","5QF19","R","20061001","X"
"5DN20","5QF20","R","20061001","X"
"5DP","5QD","R","20061001","X"
"5DP01","5QD25","R","20061001","X"
"5DP03","5QD26","R","20061001","X"
"5DP04","5QD39","R","20061001","X"
"5DP05","5QD24","R","20061001","X"
"5DP06","5QD27","R","20061001","X"
"5DP07","5QD28","R","20061001","X"
"5DP08","5QD40","R","20061001","X"
"5DP09","5QD29","R","20061001","X"
"5DP10","5QD30","R","20061001","X"
"5DP11","5QD38","R","20061001","X"
"5DP12","5QD31","R","20061001","X"
"5DP13","5QD32","R","20061001","X"
"5DP14","5QD33","R","20061001","X"
"5DP15","5QD41","R","20061001","X"
"5DP16","5QD34","R","20061001","X"
"5DP17","5QD35","R","20061001","X"
"5DP18","5QD36","R","20061001","X"
"5DQ","5PK","R","20061001","X"
"5DQ01","5PK01","R","20061001","X"
"5DQ02","5PK02","R","20061001","X"
"5DQ03","5PK03","R","20061001","X"
"5DQ04","5PK04","R","20061001","X"
"5DQ05","5PK05","R","20061001","X"
"5DQ06","5PK06","R","20061001","X"
"5DQ07","5PK07","R","20061001","X"
"5DQ08","5PK08","R","20061001","X"
"5DQ09","5PK09","R","20061001","X"
"5DQ10","5PK10","R","20061001","X"
"5DQ11","5PK11","R","20061001","X"
"5DQ12","5PK12","R","20061001","X"
"5DQ13","5PK13","R","20061001","X"
"5DQ14","5PK14","R","20061001","X"
"5DQ15","5PK15","R","20061001","X"
"5DQ16","5PK16","R","20061001","X"
"5DQ22","5PK17","R","20061001","X"
"5DQ46","5PK18","R","20061001","X"
"5DQ50","5PK19","R","20061001","X"
"5DQ52","5PK20","R","20061001","X"
"5DQ55","5PK21","R","20061001","X"
"5DQ61","5PK22","R","20061001","X"
"5DQ62","5PK23","R","20061001","X"
"5DQ66","5PK24","R","20061001","X"
"5DQ71","5PK25","R","20061001","X"
"5DQ72","5PK26","R","20061001","X"
"5DQ74","5PK27","R","20061001","X"
"5DQ75","5PK28","R","20061001","X"
"5DQ77","5PK29","R","20061001","X"
"5DQ78","5PK30","R","20061001","X"
"5DQH0","5PKH0","R","20061001","X"
"5DQH1","5PKH1","R","20061001","X"
"5DQH2","5PKH2","R","20061001","X"
"5DQH3","5PKH3","R","20061001","X"
"5DQH4","5PKH4","R","20061001","X"
"5DQH5","5PKH5","R","20061001","X"
"5DQH6","5PKH6","R","20061001","X"
"5DQR0","5PKR0","R","20061001","X"
"5DQR1","5PKR1","R","20061001","X"
"5DQR2","5PKR2","R","20061001","X"
"5DQR3","5PKR3","R","20061001","X"
"5DQR4","5PKR4","R","20061001","X"
"5DQR5","5PKR5","R","20061001","X"
"5DQR6","5PKR6","R","20061001","X"
"5DQR7","5PKR7","R","20061001","X"
"5DQR8","5PKR8","R","20061001","X"
"5DQR9","5PKR9","R","20061001","X"
"5DQRA","5PKRA","R","20061001","X"
"5DQRC","5PKRC","R","20061001","X"
"5DQRD","5PKRD","R","20061001","X"
"5DQRE","5PKRE","R","20061001","X"
"5DQV0","5PKV0","R","20061001","X"
"5DQV1","5PKV1","R","20061001","X"
"5DQV2","5PKV2","R","20061001","X"
"5DQV3","5PKV3","R","20061001","X"
"5DQV4","5PKV4","R","20061001","X"
"5DQV5","5PKV5","R","20061001","X"
"5DQV6","5PKV6","R","20061001","X"
"5DQV7","5PKV7","R","20061001","X"
"5DQV8","5PKV8","R","20061001","X"
"5DQV9","5PKV9","R","20061001","X"
"5DQVA","5PKVA","R","20061001","X"
"5DQVC","5PKVC","R","20061001","X"
"5DQVD","5PKVD","R","20061001","X"
"5DQVE","5PKVE","R","20061001","X"
"5DQVF","5PKVF","R","20061001","X"
"5DQVG","5PKVG","R","20061001","X"
"5DQVH","5PKVH","R","20061001","X"
"5DR","5PL","R","20061001","X"
"5DR01","5PL22","R","20061001","X"
"5DR03","5PL21","R","20061001","X"
"5DR04","5PL27","R","20061001","X"
"5DR05","5PL11","R","20061001","X"
"5DR06","5PL51","R","20061001","X"
"5DR07","5PL24","R","20061001","X"
"5DR08","5PL25","R","20061001","X"
"5DR11","5PL70","R","20061001","X"
"5DR12","5PL71","R","20061001","X"
"5DR13","5PL72","R","20061001","X"
"5DR14","5PL43","R","20061001","X"
"5DR15","5PL41","R","20061001","X"
"5DR16","5PL73","R","20061001","X"
"5DR17","5PLHQ","R","20061001","X"
"5DR18","5PL74","R","20061001","X"
"5DR19","5PL75","R","20061001","X"
"5DR20","5PL02","R","20061001","X"
"5DR22","5PL39","R","20061001","X"
"5DR23","5PL69","R","20061001","X"
"5DR24","5PL20","R","20061001","X"
"5DR25","5PL16","R","20061001","X"
"5DR26","5PL26","R","20061001","X"
"5DR27","5PL29","R","20061001","X"
"5DR28","5PL76","R","20061001","X"
"5DR29","5PL77","R","20061001","X"
"5DR30","5PL44","R","20061001","X"
"5DR31","5PL78","R","20061001","X"
"5DR32","5PL82","R","20061001","X"
"5DR33","5PL83","R","20061001","X"
"5DR34","5PL84","R","20061001","X"
"5DR35","5PL03","R","20061001","X"
"5DR36","5PL17","R","20061001","X"
"5DR37","5PL23","R","20061001","X"
"5DR41","5PL01","R","20061001","X"
"5DR43","5PL13","R","20061001","X"
"5DR44","5PL14","R","20061001","X"
"5DR45","5PL12","R","20061001","X"
"5DR46","5PL15","R","20061001","X"
"5DR47","5PL30","R","20061001","X"
"5DR48","5PL86","R","20061001","X"
"5DRHQ","5PL42","R","20061001","X"
"5DT","5QE","R","20061001","X"
"5DT02","5QE02","R","20061001","X"
"5DT27","5QE27","R","20061001","X"
"5DT53","5QE53","R","20061001","X"
"5DT55","5QE55","R","20061001","X"
"5DV","5PD","R","20061001","X"
"5DV","5QE","R","20061001","X"
"5DV02","5QE02","R","20061001","X"
"5DV19","5QE19","R","20061001","X"
"5DVA9","5QEA9","R","20061001","X"
"5DW","5QE","R","20061001","X"
"5DW02","5QE02","R","20061001","X"
"5DW54","5QE54","R","20061001","X"
"5DW56","5QE56","R","20061001","X"
"5DW62","5QE62","R","20061001","X"
"5DX","5QE","R","20061001","X"
"5DX01","5QE01","R","20061001","X"
"5DX02","5QE02","R","20061001","X"
"5DX16","5QE16","R","20061001","X"
"5DXA1","5QEA1","R","20061001","X"
"5DXA7","5QEA7","R","20061001","X"
"5DXA8","5QEA8","R","20061001","X"
"5DY","5QE","R","20061001","X"
"5DY02","5QE02","R","20061001","X"
"5DY12","5QE12","R","20061001","X"
"5DY21","5QE21","R","20061001","X"
"5DY24","5QE24","R","20061001","X"
"5DY44","5QE44","R","20061001","X"
"5DY45","5QE45","R","20061001","X"
"5DY50","5QE50","R","20061001","X"
"5DY51","5QE51","R","20061001","X"
"5DY52","5QE52","R","20061001","X"
"5DY59","5QE59","R","20061001","X"
"5E2","5NV","R","20061001","X"
"5E201","5NV6V","R","20061001","X"
"5E202","5NV6Q","R","20061001","X"
"5E203","5NV5X","R","20061001","X"
"5E204","5NV7A","R","20061001","X"
"5E205","5NV5J","R","20061001","X"
"5E206","5NV5E","R","20061001","X"
"5E207","5NV6M","R","20061001","X"
"5E208","5NV7C","R","20061001","X"
"5E210","5NV6X","R","20061001","X"
"5E211","5NV6C","R","20061001","X"
"5E212","5NV5W","R","20061001","X"
"5E213","5NV6J","R","20061001","X"
"5E214","5NV5L","R","20061001","X"
"5E215","5NV5D","R","20061001","X"
"5E216","5NV5M","R","20061001","X"
"5E229","5NV5H","R","20061001","X"
"5E230","5NV6W","R","20061001","X"
"5E231","5NV6E","R","20061001","X"
"5E232","5NV5G","R","20061001","X"
"5E233","5NV6D","R","20061001","X"
"5E234","5NV5P","R","20061001","X"
"5E235","5NV5R","R","20061001","X"
"5E239","5NV7H","R","20061001","X"
"5E240","5NV5Q","R","20061001","X"
"5E241","5NV7J","R","20061001","X"
"5E242","5NV5N","R","20061001","X"
"5E243","5NV5C","R","20061001","X"
"5E244","5NV5K","R","20061001","X"
"5E245","5NV6L","R","20061001","X"
"5E246","5NV6F","R","20061001","X"
"5E247","5NV6H","R","20061001","X"
"5E248","5NV7K","R","20061001","X"
"5E249","5NV7E","R","20061001","X"
"5E250","5NV6P","R","20061001","X"
"5E3","5NW","R","20061001","X"
"5E302","5NW02","R","20061001","X"
"5E303","5NW03","R","20061001","X"
"5E304","5NW04","R","20061001","X"
"5E306","5NW06","R","20061001","X"
"5E307","5NW07","R","20061001","X"
"5E308","5NW08","R","20061001","X"
"5E309","5NW09","R","20061001","X"
"5E310","5NW10","R","20061001","X"
"5E311","5NW11","R","20061001","X"
"5E312","5NW12","R","20061001","X"
"5E313","5NW13","R","20061001","X"
"5E314","5NW14","R","20061001","X"
"5E315","5NW15","R","20061001","X"
"5E316","5NW16","R","20061001","X"
"5E317","5NW17","R","20061001","X"
"5E318","5NW18","R","20061001","X"
"5E319","5NW19","R","20061001","X"
"5E320","5NW20","R","20061001","X"
"5E321","5NW21","R","20061001","X"
"5E322","5NW22","R","20061001","X"
"5E323","5NW23","R","20061001","X"
"5E324","5NW24","R","20061001","X"
"5E325","5NW25","R","20061001","X"
"5E326","5NW26","R","20061001","X"
"5E327","5NW27","R","20061001","X"
"5E328","5NW28","R","20061001","X"
"5E329","5NW29","R","20061001","X"
"5E330","5NW30","R","20061001","X"
"5E3HQ","5NW01","R","20061001","X"
"5E4","5NW","R","20061001","X"
"5E401","5NW31","R","20061001","X"
"5E402","5NW32","R","20061001","X"
"5E403","5NW33","R","20061001","X"
"5E404","5NW34","R","20061001","X"
"5E405","5NW35","R","20061001","X"
"5E406","5NW36","R","20061001","X"
"5E407","5NW37","R","20061001","X"
"5E408","5NW38","R","20061001","X"
"5E409","5NW39","R","20061001","X"
"5E410","5NW40","R","20061001","X"
"5E411","5NW41","R","20061001","X"
"5E412","5NW42","R","20061001","X"
"5E413","5NW43","R","20061001","X"
"5E414","5NW44","R","20061001","X"
"5E415","5NW30","R","20061001","X"
"5E5","5NX","R","20061001","X"
"5E501","5NX01","R","20061001","X"
"5E502","5NX02","R","20061001","X"
"5E503","5NX03","R","20061001","X"
"5E504","5NX04","R","20061001","X"
"5E505","5NX05","R","20061001","X"
"5E506","5NX06","R","20061001","X"
"5E507","5NX07","R","20061001","X"
"5E508","5NX08","R","20061001","X"
"5E509","5NX09","R","20061001","X"
"5E510","5NX10","R","20061001","X"
"5E511","5NX11","R","20061001","X"
"5E512","5NX12","R","20061001","X"
"5E513","5NX13","R","20061001","X"
"5E514","5NX14","R","20061001","X"
"5E515","5NX15","R","20061001","X"
"5E516","5NX16","R","20061001","X"
"5E517","5NX17","R","20061001","X"
"5E518","5NX18","R","20061001","X"
"5E519","5NX19","R","20061001","X"
"5E6","5NX","R","20061001","X"
"5E601","5NX20","R","20061001","X"
"5E602","5NX21","R","20061001","X"
"5E603","5NX22","R","20061001","X"
"5E604","5NX23","R","20061001","X"
"5E605","5NX06","R","20061001","X"
"5E606","5NX25","R","20061001","X"
"5E607","5NX26","R","20061001","X"
"5E608","5NX27","R","20061001","X"
"5E609","5NX28","R","20061001","X"
"5E610","5NX29","R","20061001","X"
"5E612","5NX31","R","20061001","X"
"5E613","5NX32","R","20061001","X"
"5E615","5NX34","R","20061001","X"
"5E616","5NX35","R","20061001","X"
"5E617","5NX36","R","20061001","X"
"5E618","5NX37","R","20061001","X"
"5E619","5NX38","R","20061001","X"
"5E620","5NX39","R","20061001","X"
"5E621","5NX40","R","20061001","X"
"5E622","5NX41","R","20061001","X"
"5E623","5NX42","R","20061001","X"
"5E624","5NX43","R","20061001","X"
"5E625","5NX44","R","20061001","X"
"5E626","5NX45","R","20061001","X"
"5E627","5NX46","R","20061001","X"
"5E628","5NX47","R","20061001","X"
"5E629","5NX48","R","20061001","X"
"5E630","5NX30","R","20061001","X"
"5E631","5NX24","R","20061001","X"
"5E7","5N3","R","20061001","X"
"5E701","5N301","R","20061001","X"
"5E702","5N302","R","20061001","X"
"5E703","5N315","R","20061001","X"
"5E704","5N303","R","20061001","X"
"5E705","5N304","R","20061001","X"
"5E706","5N305","R","20061001","X"
"5E707","5N306","R","20061001","X"
"5E708","5N307","R","20061001","X"
"5E709","5N308","R","20061001","X"
"5E710","5N309","R","20061001","X"
"5E711","5N310","R","20061001","X"
"5E712","5N311","R","20061001","X"
"5E713","5N312","R","20061001","X"
"5E716","5N313","R","20061001","X"
"5E717","5N314","R","20061001","X"
"5E718","5N315","R","20061001","X"
"5E719","5N316","R","20061001","X"
"5E722","5N317","R","20061001","X"
"5E8","5N3","R","20061001","X"
"5E801","5N318","R","20061001","X"
"5E802","5N319","R","20061001","X"
"5E803","5N320","R","20061001","X"
"5E804","5N321","R","20061001","X"
"5E805","5N322","R","20061001","X"
"5E806","5N323","R","20061001","X"
"5E807","5N324","R","20061001","X"
"5E808","5N325","R","20061001","X"
"5E809","5N326","R","20061001","X"
"5E810","5N327","R","20061001","X"
"5E811","5N328","R","20061001","X"
"5E812","5N329","R","20061001","X"
"5E813","5N330","R","20061001","X"
"5E814","5N331","R","20061001","X"
"5E815","5N332","R","20061001","X"
"5E816","5N333","R","20061001","X"
"5E817","5N334","R","20061001","X"
"5E818","5N335","R","20061001","X"
"5E819","5N336","R","20061001","X"
"5E9","5QC","R","20061001","X"
"5E901","5QCM1","R","20061001","X"
"5E902","5QCM2","R","20061001","X"
"5E903","5QCP3","R","20061001","X"
"5E904","5QCM4","R","20061001","X"
"5E905","5QCM5","R","20061001","X"
"5E906","5QCM6","R","20061001","X"
"5E907","5QCM7","R","20061001","X"
"5E908","5QCM8","R","20061001","X"
"5E909","5QCM9","R","20061001","X"
"5E910","5QCMA","R","20061001","X"
"5E911","5QCMC","R","20061001","X"
"5E912","5QCMD","R","20061001","X"
"5E913","5QCME","R","20061001","X"
"5E914","5QCMF","R","20061001","X"
"5E915","5QCMG","R","20061001","X"
"5E916","5QCMH","R","20061001","X"
"5E917","5QCMJ","R","20061001","X"
"5E918","5QCMK","R","20061001","X"
"5E919","5QCML","R","20061001","X"
"5E920","5QCMM","R","20061001","X"
"5E921","5QCMN","R","20061001","X"
"5E922","5QCMP","R","20061001","X"
"5E923","5QCMQ","R","20061001","X"
"5E924","5QCMR","R","20061001","X"
"5E925","5QCMT","R","20061001","X"
"5E926","5QCMV","R","20061001","X"
"5E927","5QCGQ","R","20061001","X"
"5E928","5QCGR","R","20061001","X"
"5E929","5QCGT","R","20061001","X"
"5EA","5N6","R","20061001",""
"5EA01","5N6AA","R","20061001",""
"5EA02","5N6AC","R","20061001",""
"5EA03","5N6AD","R","20061001",""
"5EA04","5N6AE","R","20061001",""
"5EA05","5N6AF","R","20061001",""
"5EA06","5N6AG","R","20061001",""
"5EA07","5N6AR","R","20061001",""
"5EAAC","5N6AH","R","20061001",""
"5EAAF","5N6AJ","R","20061001",""
"5EAAG","5N6AK","R","20061001",""
"5EAAL","5N6AL","R","20061001",""
"5EAAM","5N6AM","R","20061001",""
"5EAAN","5N6AN","R","20061001",""
"5EADK","5N6AP","R","20061001",""
"5EAP2","5N6AQ","R","20061001",""
"5EAPS","5EAP2","R","20041001","F"
"5EC","5N8","R","20061001","X"
"5EC01","5N879","R","20061001","X"
"5ED","5N6","R","20061001",""
"5ED01","5N6DA","R","20061001",""
"5ED02","5N6DC","R","20061001",""
"5ED03","5N6DD","R","20061001",""
"5EDGH","5N6DE","R","20061001",""
"5EDGK","5N6DF","R","20061001",""
"5EDGM","5N6DG","R","20061001",""
"5EE","5N4","R","20061001","X"
"5EE01","5EEN1","R","20040801","F"
"5EE54","5N454","R","20061001","X"
"5EE99","5N499","R","20061001","X"
"5EEA2","5N4A2","R","20061001","X"
"5EEA5","5N4A5","R","20061001","X"
"5EEC2","5N4C2","R","20061001","X"
"5EEC5","5N4C5","R","20061001","X"
"5EEC6","5N4C6","R","20061001","X"
"5EEC7","5N4C7","R","20061001","X"
"5EECG","5N4CG","R","20061001","X"
"5EECN","5N4CN","R","20061001","X"
"5EED2","5N4D2","R","20061001","X"
"5EEE4","5N4E4","R","20061001","X"
"5EEE5","5N4E5","R","20061001","X"
"5EEE8","5N4E8","R","20061001","X"
"5EEEB","5N4GA","R","20061001","X"
"5EEEJ","5N4EJ","R","20061001","X"
"5EEEM","5N4EM","R","20061001","X"
"5EEFC","5N4FC","R","20061001","X"
"5EEFW","5N4FW","R","20061001","X"
"5EEHH","5N4HH","R","20061001","X"
"5EEJH","5N4JH","R","20061001","X"
"5EEKA","5N4KA","R","20061001","X"
"5EEN1","5N4N1","R","20061001","X"
"5EEN2","5N4N2","R","20061001","X"
"5EEN3","5N4N3","R","20061001","X"
"5EEN4","5N4N4","R","20061001","X"
"5EEN5","5N4N5","R","20061001","X"
"5EEN6","5N4N6","R","20061001","X"
"5EENA","5N4NA","R","20061001","X"
"5EENC","5N4NC","R","20061001","X"
"5EEND","5N4ND","R","20061001","X"
"5EENE","5N4NE","R","20061001","X"
"5EENF","5N4NF","R","20061001","X"
"5EENG","5N4NG","R","20061001","X"
"5EENH","5N4NH","R","20061001","X"
"5EENJ","5N4NJ","R","20061001","X"
"5EENK","5N4NK","R","20061001","X"
"5EENL","5N4NL","R","20061001","X"
"5EENM","5N4NM","R","20061001","X"
"5EENP","5N4NP","R","20061001","X"
"5EENQ","5N4NQ","R","20061001","X"
"5EENR","5N4NR","R","20061001","X"
"5EENT","5N4NT","R","20061001","X"
"5EENU","5N4PM","R","20061001","X"
"5EENV","5N4NV","R","20061001","X"
"5EENX","5N4NX","R","20061001","X"
"5EENY","5N4NY","R","20061001","X"
"5EEPA","5N4PA","R","20061001","X"
"5EEPC","5N4PC","R","20061001","X"
"5EEPD","5N4PD","R","20061001","X"
"5EEPE","5N4PE","R","20061001","X"
"5EEPF","5N4PF","R","20061001","X"
"5EEPG","5N4PG","R","20061001","X"
"5EEPH","5N4PH","R","20061001","X"
"5EEPJ","5N4PJ","R","20061001","X"
"5EEPL","5N4PL","R","20061001","X"
"5EES1","5N4L1","R","20061001","X"
"5EES2","5N4L2","R","20061001","X"
"5EES3","5N4S3","R","20061001","F"
"5EES4","5N4L4","R","20061001","X"
"5EES5","5N4L5","R","20061001","X"
"5EES6","5N4L6","R","20061001","X"
"5EES7","5N4L7","R","20061001","X"
"5EES9","5N4L9","R","20061001","X"
"5EEVF","5N4VF","R","20061001","X"
"5EEWN","5N4WN","R","20061001","X"
"5EEXQ","5N4XQ","R","20061001","X"
"5EEXR","5N4XR","R","20061001","X"
"5EEYW","5N4YW","R","20061001","X"
"5EG","5N6","R","20061001",""
"5EG01","5N6GA","R","20061001",""
"5EG03","5N6GC","R","20061001",""
"5EG04","5N6GD","R","20061001",""
"5EG05","5N6NV","R","20061001",""
"5EG06","5N6NM","R","20061001",""
"5EG07","5N6GH","R","20061001",""
"5EG08","5N6GJ","R","20061001",""
"5EG09","5N6GK","R","20061001",""
"5EG10","5N6GL","R","20061001",""
"5EG11","5N6GM","R","20061001",""
"5EG12","5N6GN","R","20061001",""
"5EG13","5N6GP","R","20061001",""
"5EG14","5N6GQ","R","20061001",""
"5EG15","5N6GE","R","20061001",""
"5EG16","5N6AF","R","20061001",""
"5EGAA","5N6NT","R","20061001",""
"5EGDL","5N6NR","R","20061001",""
"5EGP3","5N6GF","R","20061001",""
"5EGPM","5EGP3","R","20041001","F"
"5EH","5PA","R","20061001","X"
"5EH01","5PA01","R","20061001","X"
"5EH02","5PA02","R","20061001","X"
"5EH03","5PA03","R","20061001","X"
"5EH04","5PA04","R","20061001","X"
"5EH05","5PA05","R","20061001","X"
"5EH06","5PA06","R","20061001","X"
"5EH07","5PA07","R","20061001","X"
"5EH08","5PA08","R","20061001","X"
"5EH09","5PA09","R","20061001","X"
"5EH10","5PA10","R","20061001","X"
"5EH11","5PA11","R","20061001","X"
"5EH12","5PA12","R","20061001","X"
"5EH13","5PA13","R","20061001","X"
"5EH14","5PA14","R","20061001","X"
"5EH15","5PA15","R","20061001","X"
"5EH16","5PA16","R","20061001","X"
"5EH17","5PA17","R","20061001","X"
"5EH18","5PA18","R","20061001","X"
"5EHCR","5PACR","R","20061001","X"
"5EHCT","5PACT","R","20061001","X"
"5EHCW","5PACW","R","20061001","X"
"5EHCX","5PACX","R","20061001","X"
"5EHCY","5PACY","R","20061001","X"
"5EJ","5PC","R","20061001","X"
"5EJ01","5PC01","R","20061001","X"
"5EJ02","5PC02","R","20061001","X"
"5EJ03","5PC03","R","20061001","X"
"5EJ05","5PC04","R","20061001","X"
"5EJ07","5PC05","R","20061001","X"
"5EJ08","5PC06","R","20061001","X"
"5EJ09","5PC07","R","20061001","X"
"5EJ10","5PC08","R","20061001","X"
"5EJ11","5PC06","R","20061001","X"
"5EJ12","5PC09","R","20061001","X"
"5EJ13","5PC10","R","20061001","X"
"5EJ14","5PC11","R","20061001","X"
"5EJ15","5PC12","R","20061001","X"
"5EJ17","5PC13","R","20061001","X"
"5EJ18","5PC14","R","20061001","X"
"5EJ20","5PC15","R","20061001","X"
"5EJ21","5PC16","R","20061001","X"
"5EJ22","5PC17","R","20061001","X"
"5EJ23","5PC18","R","20061001","X"
"5EJ24","5PC19","R","20061001","X"
"5EJ25","5PC20","R","20061001","X"
"5EJ26","5PC21","R","20061001","X"
"5EJ27","5PC22","R","20061001","X"
"5EJ28","5PC23","R","20061001","X"
"5EJ29","5PC24","R","20061001","X"
"5EJ30","5PC25","R","20061001","X"
"5EJ33","5PC26","R","20061001","X"
"5EJ35","5PC27","R","20061001","X"
"5EJ37","5PC28","R","20061001","X"
"5EJ38","5PC29","R","20061001","X"
"5EJ39","5PC30","R","20061001","X"
"5EJ40","5PC31","R","20061001","X"
"5EJ41","5PC32","R","20061001","X"
"5EJ42","5PC33","R","20061001","X"
"5EJ44","5PC09","R","20061001","X"
"5EJ45","5PC29","R","20061001","X"
"5EJ46","5PC35","R","20061001","X"
"5EJ47","5PCHQ","R","20061001","X"
"5EJ48","5PC36","R","20061001","X"
"5EJ49","5PC34","R","20061001","X"
"5EJEX","5PC37","R","20061001","X"
"5EJHQ","5PCHQ","R","20061001","X"
"5EK","5N5","R","20061001","X"
"5EK01","5N501","R","20061001","X"
"5EK1C","5N513","R","20061001","X"
"5EK1D","5N514","R","20061001","X"
"5EK1E","5N515","R","20061001","X"
"5EK1F","5N516","R","20061001","X"
"5EK1G","5N517","R","20061001","X"
"5EK1H","5N518","R","20061001","X"
"5EK1J","5N519","R","20061001","X"
"5EK1K","5N520","R","20061001","X"
"5EK1L","5N521","R","20061001","X"
"5EK1M","5N522","R","20061001","X"
"5EK1N","5N523","R","20061001","X"
"5EK3C","5N524","R","20061001","X"
"5EK5A","5N525","R","20061001","X"
"5EKEE","5N526","R","20061001","X"
"5EKEJ","5N527","R","20061001","X"
"5EKET","5N528","R","20061001","X"
"5EL","5N5","R","20061001","X"
"5EL01","5N529","R","20061001","X"
"5EL1A","5N530","R","20061001","X"
"5EL1C","5N531","R","20061001","X"
"5EL1D","5N532","R","20061001","X"
"5EL1E","5N533","R","20061001","X"
"5EL1F","5N534","R","20061001","X"
"5EL1G","5N535","R","20061001","X"
"5EL1H","5N536","R","20061001","X"
"5EL1J","5N537","R","20061001","X"
"5EL1K","5N538","R","20061001","X"
"5EL1L","5N539","R","20061001","X"
"5EL1M","5N540","R","20061001","X"
"5EL1N","5N541","R","20061001","X"
"5EL1P","5N542","R","20061001","X"
"5EL1Q","5N543","R","20061001","X"
"5EL1R","5N544","R","20061001","X"
"5EL1T","5N545","R","20061001","X"
"5EL3D","5N546","R","20061001","X"
"5EL5A","5N547","R","20061001","X"
"5EL5C","5N548","R","20061001","X"
"5EL5D","5N549","R","20061001","X"
"5EL5E","5N550","R","20061001","X"
"5EL5F","5N551","R","20061001","X"
"5EL5G","5N552","R","20061001","X"
"5ELEY","5N553","R","20061001","X"
"5ELLA","5N554","R","20061001","X"
"5EN","5N4","R","20061001","X"
"5EN54","5N454","R","20061001","X"
"5EN99","5N499","R","20061001","X"
"5ENA1","5N4A1","R","20061001","X"
"5ENB1","5N4D3","R","20061001","X"
"5ENCG","5N4CG","R","20061001","X"
"5ENE4","5N4E4","R","20061001","X"
"5ENE8","5N4E8","R","20061001","X"
"5ENFC","5N4FC","R","20061001","X"
"5ENFW","5N4FW","R","20061001","X"
"5ENHH","5N4HH","R","20061001","X"
"5ENJH","5N4JH","R","20061001","X"
"5ENKJ","5N4KJ","R","20061001","X"
"5ENN5","5N4N5","R","20061001","X"
"5ENNG","5N4NG","R","20061001","X"
"5ENVA","5N4VA","R","20061001","X"
"5ENVC","5N4VC","R","20061001","X"
"5ENVD","5N4VD","R","20061001","X"
"5ENVE","5N4VE","R","20061001","X"
"5ENVF","5N4VF","R","20061001","X"
"5ENVG","5N4VG","R","20061001","X"
"5ENVH","5N4VH","R","20061001","X"
"5ENVJ","5N4VJ","R","20061001","X"
"5ENW1","5N4W1","R","20061001","X"
"5ENW2","5N4W2","R","20061001","X"
"5ENW3","5N4W3","R","20061001","X"
"5ENW4","5N4W4","R","20061001","X"
"5ENW5","5N4W5","R","20061001","X"
"5ENW6","5N4W6","R","20061001","X"
"5ENW7","5N4W7","R","20061001","X"
"5ENWA","5N4WA","R","20061001","X"
"5ENWC","5N4WC","R","20061001","X"
"5ENWD","5N4WD","R","20061001","X"
"5ENWE","5N4WE","R","20061001","X"
"5ENWF","5N4WF","R","20061001","X"
"5ENWG","5N4WG","R","20061001","X"
"5ENWH","5N4WH","R","20061001","X"
"5ENWJ","5N4WJ","R","20061001","X"
"5ENWK","5N4WK","R","20061001","X"
"5ENWL","5N4WL","R","20061001","X"
"5ENWM","5N4WM","R","20061001","X"
"5ENWN","5N4WN","R","20061001","X"
"5ENWQ","5N4WQ","R","20061001","X"
"5ENWR","5N4WR","R","20061001","X"
"5ENWT","5N4WT","R","20061001","X"
"5ENWU","5N4WY","R","20061001","X"
"5ENWV","5N4WV","R","20061001","X"
"5ENWX","5N4WX","R","20061001","X"
"5ENXQ","5N4XQ","R","20061001","X"
"5ENYW","5N4YW","R","20061001","X"
"5EP","5N4","R","20061001","X"
"5EP54","5N454","R","20061001","X"
"5EP99","5N499","R","20061001","X"
"5EPA1","5N4A1","R","20061001","X"
"5EPA3","5N4A3","R","20061001","X"
"5EPA4","5N4A4","R","20061001","X"
"5EPA6","5N4A6","R","20061001","X"
"5EPA7","5N4A7","R","20061001","X"
"5EPA9","5N4A9","R","20061001","X"
"5EPB1","5N4D3","R","20061001","X"
"5EPC3","5N4C3","R","20061001","X"
"5EPCC","5N4CC","R","20061001","X"
"5EPCG","5N4CG","R","20061001","X"
"5EPCJ","5N4CJ","R","20061001","X"
"5EPE2","5N4E2","R","20061001","X"
"5EPE4","5N4E4","R","20061001","X"
"5EPE8","5N4E8","R","20061001","X"
"5EPEF","5N4EF","R","20061001","X"
"5EPFC","5N4FC","R","20061001","X"
"5EPFW","5N4FW","R","20061001","X"
"5EPHH","5N4HH","R","20061001","X"
"5EPJ1","5N4J1","R","20061001","X"
"5EPJ2","5N4J2","R","20061001","X"
"5EPJ3","5N4J3","R","20061001","X"
"5EPJ4","5N4J4","R","20061001","X"
"5EPJ5","5N4J5","R","20061001","X"
"5EPJ6","5N4J6","R","20061001","X"
"5EPJA","5N4JA","R","20061001","X"
"5EPJC","5N4JC","R","20061001","X"
"5EPJE","5N4JE","R","20061001","X"
"5EPJG","5N4JG","R","20061001","X"
"5EPJH","5N4JH","R","20061001","X"
"5EPJK","5N4JK","R","20061001","X"
"5EPJL","5N4JL","R","20061001","X"
"5EPJM","5N4JM","R","20061001","X"
"5EPJN","5N4JN","R","20061001","X"
"5EPJP","5N4JP","R","20061001","X"
"5EPJQ","5N4JQ","R","20061001","X"
"5EPJR","5N4JR","R","20061001","X"
"5EPJT","5N4JT","R","20061001","X"
"5EPJU","5N4KP","R","20061001","X"
"5EPJV","5N4JV","R","20061001","X"
"5EPJW","5N4JW","R","20061001","X"
"5EPJX","5N4JX","R","20061001","X"
"5EPJY","5N4JY","R","20061001","X"
"5EPKA","5N4KA","R","20061001","X"
"5EPKC","5N4KC","R","20061001","X"
"5EPKD","5N4KD","R","20061001","X"
"5EPKE","5N4KE","R","20061001","X"
"5EPKF","5N4KF","R","20061001","X"
"5EPKG","5N4KG","R","20061001","X"
"5EPKH","5N4KH","R","20061001","X"
"5EPKJ","5N4KJ","R","20061001","X"
"5EPKK","5N4KK","R","20061001","X"
"5EPKL","5N4KL","R","20061001","X"
"5EPKM","5N4KM","R","20061001","X"
"5EPKN","5N4KN","R","20061001","X"
"5EPN1","5N4N1","R","20061001","X"
"5EPN3","5N4N3","R","20061001","X"
"5EPN5","5N4N5","R","20061001","X"
"5EPNG","5N4NG","R","20061001","X"
"5EPS8","5N4L8","R","20061001","X"
"5EPVF","5N4VF","R","20061001","X"
"5EPW2","5N4W2","R","20061001","X"
"5EPWM","5N4WM","R","20061001","X"
"5EPXL","5N4XL","R","20061001","X"
"5EPXP","5N4XP","R","20061001","X"
"5EPXQ","5N4XQ","R","20061001","X"
"5EPYH","5N4YH","R","20061001","X"
"5EPYW","5N4YW","R","20061001","X"
"5EQ","5N4","R","20061001","X"
"5EQ02","5EQE1","R","20040801","F"
"5EQ54","5N454","R","20061001","X"
"5EQ99","5N499","R","20061001","X"
"5EQA1","5N4A1","R","20061001","X"
"5EQC1","5N4C1","R","20061001","X"
"5EQC4","5N4C4","R","20061001","X"
"5EQC8","5N4C8","R","20061001","X"
"5EQCG","5N4CG","R","20061001","X"
"5EQD1","5N4D1","R","20061001","X"
"5EQE1","5N4E1","R","20061001","X"
"5EQE2","5N4E2","R","20061001","X"
"5EQE3","5N4E3","R","20061001","X"
"5EQE4","5N4E4","R","20061001","X"
"5EQE5","5N4E5","R","20061001","X"
"5EQE6","5N4E6","R","20061001","X"
"5EQE7","5N4E7","R","20061001","X"
"5EQE8","5N4E8","R","20061001","X"
"5EQE9","5N4E9","R","20061001","X"
"5EQEA","5N4EA","R","20061001","X"
"5EQEB","5N4GA","R","20061001","X"
"5EQEC","5N4EC","R","20061001","X"
"5EQED","5N4ED","R","20061001","X"
"5EQEE","5N4EE","R","20061001","X"
"5EQEG","5N4EG","R","20061001","X"
"5EQEH","5N4EH","R","20061001","X"
"5EQEJ","5N4EJ","R","20061001","X"
"5EQEK","5N4EK","R","20061001","X"
"5EQEL","5N4EL","R","20061001","X"
"5EQEM","5N4EM","R","20061001","X"
"5EQEN","5N4EN","R","20061001","X"
"5EQEP","5N4EP","R","20061001","X"
"5EQEQ","5N4EQ","R","20061001","X"
"5EQER","5N4ER","R","20061001","X"
"5EQET","5N4ET","R","20061001","X"
"5EQEU","5N4GC","R","20061001","X"
"5EQEV","5N4EV","R","20061001","X"
"5EQEW","5N4EW","R","20061001","X"
"5EQEX","5N4EX","R","20061001","X"
"5EQEY","5N4EY","R","20061001","X"
"5EQF1","5N4F1","R","20061001","X"
"5EQFA","5N4FA","R","20061001","X"
"5EQFC","5N4FC","R","20061001","X"
"5EQFD","5N4FD","R","20061001","X"
"5EQFE","5N4FE","R","20061001","X"
"5EQFF","5N4FF","R","20061001","X"
"5EQFG","5N4FG","R","20061001","X"
"5EQFH","5N4FH","R","20061001","X"
"5EQFJ","5N4FJ","R","20061001","X"
"5EQFK","5N4FK","R","20061001","X"
"5EQFL","5N4FL","R","20061001","X"
"5EQFM","5N4FM","R","20061001","X"
"5EQFN","5N4FN","R","20061001","X"
"5EQFP","5N4FP","R","20061001","X"
"5EQFQ","5N4FQ","R","20061001","X"
"5EQFR","5N4FR","R","20061001","X"
"5EQFT","5N4FT","R","20061001","X"
"5EQFU","5N4GD","R","20061001","X"
"5EQFV","5N4FV","R","20061001","X"
"5EQFW","5N4FW","R","20061001","X"
"5EQFX","5N4FX","R","20061001","X"
"5EQHH","5N4HH","R","20061001","X"
"5EQJ2","5N4J2","R","20061001","X"
"5EQJF","5N4JF","R","20061001","X"
"5EQJH","5N4JH","R","20061001","X"
"5EQJQ","5N4JQ","R","20061001","X"
"5EQJW","5N4JW","R","20061001","X"
"5EQJX","5N4JX","R","20061001","X"
"5EQN1","5N4N1","R","20061001","X"
"5EQN5","5N4N5","R","20061001","X"
"5EQNG","5N4NG","R","20061001","X"
"5EQS7","5N4L7","R","20061001","X"
"5EQVD","5N4VD","R","20061001","X"
"5EQVF","5N4VF","R","20061001","X"
"5EQXL","5N4XL","R","20061001","X"
"5EQXQ","5N4XQ","R","20061001","X"
"5EQYW","5N4YW","R","20061001","X"
"5ER","5N6","R","20061001",""
"5ER01","5N6RA","R","20061001",""
"5ER02","5N6RC","R","20061001",""
"5ER03","5N6RD","R","20061001",""
"5ER04","5N6RE","R","20061001",""
"5ER05","5N6RF","R","20061001",""
"5ER06","5N6RG","R","20061001",""
"5ERGL","5N6RH","R","20061001",""
"5ERGW","5N6RJ","R","20061001",""
"5ERGX","5N6RK","R","20061001",""
"5EV","5N8","R","20061001","X"
"5EV01","5N885","R","20061001","X"
"5EV02","5N886","R","20061001","X"
"5EV03","5N887","R","20061001","X"
"5EV04","5N888","R","20061001","X"
"5EV05","5N889","R","20061001","X"
"5EV06","5N890","R","20061001","X"
"5EV07","5N891","R","20061001","X"
"5EV08","5N892","R","20061001","X"
"5EV09","5N893","R","20061001","X"
"5EV10","5N882","R","20061001","X"
"5EV11","5N895","R","20061001","X"
"5EV12","5N896","R","20061001","X"
"5EV13","5N897","R","20061001","X"
"5EV14","5N898","R","20061001","X"
"5EV15","5N899","R","20061001","X"
"5EV16","5N8A1","R","20061001","X"
"5EV17","5N8A2","R","20061001","X"
"5EV18","5N8A3","R","20061001","X"
"5EV19","5N8A4","R","20061001","X"
"5EVHQ","5N8A3","R","20061001","X"
"5EW","5MF","R","20020401","F"
"5EW28","5MF28","R","20020401","F"
"5EW44","5MF44","R","20020401","F"
"5EW54","5MF54","R","20020401","F"
"5EW58","5MF58","R","20020401","F"
"5EW62","5MF62","R","20020401","F"
"5EW69","5MF69","R","20020401","F"
"5EX","5N7","R","20061001","X"
"5EX03","5N712","R","20061001","X"
"5EX04","5N713","R","20061001","X"
"5EX05","5N714","R","20061001","X"
"5EX07","5N715","R","20061001","X"
"5EX10","5N716","R","20061001","X"
"5EX11","5N717","R","20061001","X"
"5EX12","5N718","R","20061001","X"
"5EX13","5N719","R","20061001","X"
"5EY","5PC","R","20061001","X"
"5EY01","5PC38","R","20061001","X"
"5EY02","5PC39","R","20061001","X"
"5EY03","5PC40","R","20061001","X"
"5EY04","5PC41","R","20061001","X"
"5EY05","5PC42","R","20061001","X"
"5EY06","5PC43","R","20061001","X"
"5EY07","5PC44","R","20061001","X"
"5EY08","5PC45","R","20061001","X"
"5EY10","5PC46","R","20061001","X"
"5EY11","5PC47","R","20061001","X"
"5EY13","5PC48","R","20061001","X"
"5EY14","5PC49","R","20061001","X"
"5EY15","5PC50","R","20061001","X"
"5EY17","5PC51","R","20061001","X"
"5EY18","5PC52","R","20061001","X"
"5EY19","5PC53","R","20061001","X"
"5EY20","5PC54","R","20061001","X"
"5EY21","5PC55","R","20061001","X"
"5EY22","5PC56","R","20061001","X"
"5EY24","5PC57","R","20061001","X"
"5EY25","5PC58","R","20061001","X"
"5EY26","5PC59","R","20061001","X"
"5EY27","5PC60","R","20061001","X"
"5EY28","5PC61","R","20061001","X"
"5EY29","5PC62","R","20061001","X"
"5EY30","5PC49","R","20061001","X"
"5EY31","5PC63","R","20061001","X"
"5EY32","5PC64","R","20061001","X"
"5EY33","5PC65","R","20061001","X"
"5EY34","5PC66","R","20061001","X"
"5EY35","5PC67","R","20061001","X"
"5EY36","5PC68","R","20061001","X"
"5EY37","5PC69","R","20061001","X"
"5EY38","5PC70","R","20061001","X"
"5EY39","5PC71","R","20061001","X"
"5EY40","5PC72","R","20061001","X"
"5EY41","5PC73","R","20061001","X"
"5EY42","5PC74","R","20061001","X"
"5EY45","5PC75","R","20061001","X"
"5EY47","5PC76","R","20061001","X"
"5EY48","5PC77","R","20061001","X"
"5EY49","5PC78","R","20061001","X"
"5EY50","5PCHQ","R","20061001","X"
"5EY51","5PC79","R","20061001","X"
"5EY52","5PC09","R","20061001","X"
"5EY53","5PC80","R","20061001","X"
"5EY54","5PC81","R","20061001","X"
"5EYHQ","5PCHQ","R","20061001","X"
"5F2","5NG","R","20061001","X"
"5F201","5NG52","R","20061001","X"
"5F202","5NG53","R","20061001","X"
"5F203","5NG54","R","20061001","X"
"5F204","5NG55","R","20061001","X"
"5F205","5NG56","R","20061001","X"
"5F206","5NG57","R","20061001","X"
"5F207","5NG58","R","20061001","X"
"5F208","5NG59","R","20061001","X"
"5F209","5NG60","R","20061001","X"
"5F210","5NG61","R","20061001","X"
"5F211","5NG62","R","20061001","X"
"5F212","5NG63","R","20061001","X"
"5F213","5NG64","R","20061001","X"
"5F214","5NG65","R","20061001","X"
"5F215","5NG66","R","20061001","X"
"5F216","5NG67","R","20061001","X"
"5F217","5NG68","R","20061001","X"
"5F218","5NG69","R","20061001","X"
"5F219","5NG70","R","20061001","X"
"5F220","5NG71","R","20061001","X"
"5F221","5NG72","R","20061001","X"
"5F222","5NG73","R","20061001","X"
"5F223","5NG74","R","20061001","X"
"5F224","5NG75","R","20061001","X"
"5F225","5NG77","R","20061001","X"
"5F228","5NG76","R","20061001","X"
"5F3","5NG","R","20061001","X"
"5F301","5NG01","R","20061001","X"
"5F303","5NG03","R","20061001","X"
"5F304","5NG04","R","20061001","X"
"5F305","5NG05","R","20061001","X"
"5F306","5NG06","R","20061001","X"
"5F308","5NG08","R","20061001","X"
"5F309","5NG09","R","20061001","X"
"5F310","5NG10","R","20061001","X"
"5F311","5NG11","R","20061001","X"
"5F313","5NG13","R","20061001","X"
"5F314","5NG14","R","20061001","X"
"5F315","5NG15","R","20061001","X"
"5F317","5NG17","R","20061001","X"
"5F318","5NG18","R","20061001","X"
"5F320","5NG20","R","20061001","X"
"5F321","5NG21","R","20061001","X"
"5F322","5NG22","R","20061001","X"
"5F323","5NG23","R","20061001","X"
"5F324","5NG24","R","20061001","X"
"5F325","5NG25","R","20061001","X"
"5F326","5NG26","R","20061001","X"
"5F327","5NG27","R","20061001","X"
"5F328","5NG28","R","20061001","X"
"5F329","5NG78","R","20061001","X"
"5F4","5NQ","R","20061001","X"
"5F401","5NQ17","R","20061001","X"
"5F402","5NQ18","R","20061001","X"
"5F403","5NQ19","R","20061001","X"
"5F404","5NQ20","R","20061001","X"
"5F405","5NQ21","R","20061001","X"
"5F406","5NQ22","R","20061001","X"
"5F407","5NQ24","R","20061001","X"
"5F4RH","5NQ16","R","20061001","X"
"5F6","5NR","R","20061001","X"
"5F601","5NR01","R","20061001","X"
"5F602","5NR02","R","20061001","X"
"5F603","5NR03","R","20061001","X"
"5F604","5NR04","R","20061001","X"
"5F605","5NR05","R","20061001","X"
"5F606","5NR06","R","20061001","X"
"5F607","5NR07","R","20061001","X"
"5F608","5NR08","R","20061001","X"
"5F609","5NR09","R","20061001","X"
"5F610","5NR10","R","20061001","X"
"5F611","5NR11","R","20061001","X"
"5F612","5NR12","R","20061001","X"
"5F8","5NK","R","20061001","X"
"5F801","5NK33","R","20061001","X"
"5F802","5NK34","R","20061001","X"
"5F803","5NK35","R","20061001","X"
"5F804","5NK36","R","20061001","X"
"5F805","5NK37","R","20061001","X"
"5F808","5NK38","R","20061001","X"
"5F809","5NK39","R","20061001","X"
"5F814","5NK40","R","20061001","X"
"5F9","5NJ","R","20061001","X"
"5F901","5NJ01","R","20061001","X"
"5F902","5NJ02","R","20061001","X"
"5F903","5NJ03","R","20061001","X"
"5F904","5NJ04","R","20061001","X"
"5F905","5NJ05","R","20061001","X"
"5F906","5NJ06","R","20061001","X"
"5F907","5NJ07","R","20061001","X"
"5F908","5NJ01","R","20061001","X"
"5F909","5NJ05","R","20061001","X"
"5F910","5NJ10","R","20061001","X"
"5F911","5NJ11","R","20061001","X"
"5F912","5NJ12","R","20061001","X"
"5F913","5NJ13","R","20061001","X"
"5F914","5NJ14","R","20061001","X"
"5F9HQ","5NJ15","R","20061001","X"
"5FA","5N8","R","20061001","X"
"5FABX","5N866","R","20061001","X"
"5FACF","5N867","R","20061001","X"
"5FAEA","5N872","R","20061001","X"
"5FAED","5N873","R","20061001","X"
"5FAEH","5N875","R","20061001","X"
"5FAEI","5N815","R","20061001","X"
"5FAEP","5N876","R","20061001","X"
"5FAFA","5N877","R","20061001","X"
"5FAFJ","5N823","R","20061001","X"
"5FAFM","5N878","R","20061001","X"
"5FC","5N8","R","20061001","X"
"5FC01","5N8A6","R","20061001","X"
"5FC02","5N8A7","R","20061001","X"
"5FC03","5N8A8","R","20061001","X"
"5FC04","5N8A9","R","20061001","X"
"5FC05","5N8AA","R","20061001","X"
"5FC06","5N8AC","R","20061001","X"
"5FC07","5N8AD","R","20061001","X"
"5FC08","5N8A5","R","20061001","X"
"5FC09","5N8AE","R","20061001","X"
"5FC09","5N894","R","20061001","X"
"5FD","5QC","R","20061001","X"
"5FD02","5QCE7","R","20061001","X"
"5FD05","5QCA3","R","20061001","X"
"5FD06","5QCE9","R","20061001","X"
"5FD07","5QCF1","R","20061001","X"
"5FD08","5QCF2","R","20061001","X"
"5FD10","5QCF3","R","20061001","X"
"5FD12","5QCF4","R","20061001","X"
"5FD13","5QCF5","R","20061001","X"
"5FD14","5QCA7","R","20061001","X"
"5FD16","5QCF6","R","20061001","X"
"5FD17","5QCF7","R","20061001","X"
"5FD18","5QCF8","R","20061001","X"
"5FD29","5QCF9","R","20061001","X"
"5FD33","5QCAC","R","20061001","X"
"5FD40","5QCC2","R","20061001","X"
"5FD42","5QCAD","R","20061001","X"
"5FD43","5QCC4","R","20061001","X"
"5FD45","5QCAE","R","20061001","X"
"5FD47","5QCAF","R","20061001","X"
"5FD50","5QCAG","R","20061001","X"
"5FD51","5QCAH","R","20061001","X"
"5FD54","5QCAJ","R","20061001","X"
"5FD55","5QCAK","R","20061001","X"
"5FD61","5QCAL","R","20061001","X"
"5FD66","5QCAM","R","20061001","X"
"5FD79","5QCAN","R","20061001","X"
"5FD81","5QCD8","R","20061001","X"
"5FDC6","5QCAP","R","20061001","X"
"5FDC7","5QCAQ","R","20061001","X"
"5FDE3","5QCAR","R","20061001","X"
"5FDK2","5QCE6","R","20061001","X"
"5FDK3","5QCE5","R","20061001","X"
"5FDK4","5QCGC","R","20061001","X"
"5FDK5","5QCGD","R","20061001","X"
"5FDK6","5QCGE","R","20061001","X"
"5FDK7","5QCGF","R","20061001","X"
"5FDK8","5QCKG","R","20061001","X"
"5FDK9","5QCHJ","R","20061001","X"
"5FF","5P9","R","20061001","X"
"5FF01","5P902","R","20061001","X"
"5FF02","5P903","R","20061001","X"
"5FF03","5P904","R","20061001","X"
"5FF04","5P905","R","20061001","X"
"5FF05","5P906","R","20061001","X"
"5FF06","5P907","R","20061001","X"
"5FFHQ","5P901","R","20061001","X"
"5FG","5L2","R","20020401","F"
"5FH","5P8","R","20061001","X"
"5FH01","5P809","R","20061001","X"
"5FJ","5P8","R","20061001","X"
"5FJ01","5P808","R","20061001","X"
"5FJ02","5P803","R","20061001","X"
"5FK","5P6","R","20061001","X"
"5FK01","5P611","R","20061001","X"
"5FK02","5P612","R","20061001","X"
"5FK03","5P613","R","20061001","X"
"5FK04","5P614","R","20061001","X"
"5FK05","5P615","R","20061001","X"
"5FK06","5P616","R","20061001","X"
"5FK07","5P617","R","20061001","X"
"5FK08","5P618","R","20061001","X"
"5FK09","5P619","R","20061001","X"
"5FKHQ","5P620","R","20061001","X"
"5FM","5QP","R","20061001","X"
"5FM01","5QP20","R","20061001","X"
"5FM02","5QP18","R","20061001","X"
"5FM03","5QP21","R","20061001","X"
"5FM04","5QP19","R","20061001","X"
"5FM05","5QP83","R","20061001","X"
"5FM06","5QP85","R","20061001","X"
"5FM07","5QP91","R","20061001","X"
"5FM08","5QPA3","R","20061001","X"
"5FM10","5QP03","R","20061001","X"
"5FM11","5QP05","R","20061001","X"
"5FM12","5QP90","R","20061001","X"
"5FM12","5QP88","R","20061001","X"
"5FM13","5QPA5","R","20061001","X"
"5FM14","5QP92","R","20061001","X"
"5FM15","5QP89","R","20061001","X"
"5FM17","5QP17","R","20061001","X"
"5FM18","5QP11","R","20061001","X"
"5FM19","5QP84","R","20061001","X"
"5FN","5QM","R","20061001","X"
"5FN03","5QM63","R","20061001","X"
"5FN05","5QM64","R","20061001","X"
"5FN06","5QM65","R","20061001","X"
"5FN07","5QM66","R","20061001","X"
"5FN08","5QM67","R","20061001","X"
"5FN09","5QM68","R","20061001","X"
"5FN10","5QM69","R","20061001","X"
"5FN11","5QM62","R","20061001","X"
"5FN12","5QM14","R","20061001","X"
"5FP","5QM","R","20061001","X"
"5FP05","5QM02","R","20061001","X"
"5FP07","5QM03","R","20061001","X"
"5FP08","5QM04","R","20061001","X"
"5FP11","5QM05","R","20061001","X"
"5FP12","5QM06","R","20061001","X"
"5FP42","5QM07","R","20061001","X"
"5FP47","5QM08","R","20061001","X"
"5FP48","5QM09","R","20061001","X"
"5FP49","5QM70","R","20061001","X"
"5FQ","5QQ","R","20061001","X"
"5FQ02","5QQ10","R","20061001","X"
"5FQ03","5QQ11","R","20061001","X"
"5FQ04","5QQ12","R","20061001","X"
"5FQ05","5QQ13","R","20061001","X"
"5FQ08","5QQ14","R","20061001","X"
"5FQ10","5QQ15","R","20061001","X"
"5FQ11","5QQ16","R","20061001","X"
"5FQ12","5QQ17","R","20061001","X"
"5FQ17","5QQ18","R","20061001","X"
"5FQ19","5QQ19","R","20061001","X"
"5FQ40","5QQ1A","R","20061001","X"
"5FQ41","5QQ1C","R","20061001","X"
"5FQ42","5QQ1D","R","20061001","X"
"5FQ43","5QQ1E","R","20061001","X"
"5FQ44","5QQ1F","R","20061001","X"
"5FQ45","5QQ1G","R","20061001","X"
"5FQ46","5QQ1H","R","20061001","X"
"5FQ47","5QQ1J","R","20061001","X"
"5FQ48","5QQ1K","R","20061001","X"
"5FQ49","5QQ1L","R","20061001","X"
"5FQ50","5QQ1M","R","20061001","X"
"5FQ51","5QQ1N","R","20061001","X"
"5FQ52","5QQ1P","R","20061001","X"
"5FQ53","5QQ1R","R","20061001","X"
"5FQ54","5QQ1T","R","20061001","X"
"5FQ55","5QQ1V","R","20061001","X"
"5FQ56","5QQ1W","R","20061001","X"
"5FQ57","5QQ1X","R","20061001","X"
"5FQ58","5QQ1Y","R","20061001","X"
"5FQ59","5QQ20","R","20061001","X"
"5FQ60","5QQ21","R","20061001","X"
"5FQ61","5QQ22","R","20061001","X"
"5FQ63","5QQ23","R","20061001","X"
"5FQ64","5QQ24","R","20061001","X"
"5FQ65","5QQ25","R","20061001","X"
"5FQ66","5QQ26","R","20061001","X"
"5FQ67","5QQ27","R","20061001","X"
"5FQHQ","5QQAC","R","20061001","X"
"5FR","5QQ","R","20061001","X"
"5FR02","5QQ30","R","20061001","X"
"5FR08","5QQAD","R","20061001","X"
"5FR85","5QQ31","R","20061001","X"
"5FR99","5QQ32","R","20061001","X"
"5FRA1","5QQAE","R","20061001","X"
"5FT","5QQ","R","20061001","X"
"5FT40","5QQ40","R","20061001","X"
"5FT43","5QQ41","R","20061001","X"
"5FT44","5QQ42","R","20061001","X"
"5FT46","5QQ43","R","20061001","X"
"5FT50","5QQ44","R","20061001","X"
"5FT56","5QQ45","R","20061001","X"
"5FT90","5QQ46","R","20061001","X"
"5FTA1","5QQAF","R","20061001","X"
"5FTHQ","5QQAG","R","20061001","X"
"5FV","5QQ","R","20061001","X"
"5FV10","5FV19","R","20030531","F"
"5FV11","5FV19","R","20030531","F"
"5FV14","5QQ50","R","20061001","X"
"5FV19","5QQ51","R","20061001","X"
"5FV23","5QQ52","R","20061001","X"
"5FV25","5QQ53","R","20061001","X"
"5FV30","5QQ54","R","20061001","X"
"5FVA1","5QQAH","R","20061001","X"
"5FVHQ","5QQAJ","R","20061001","X"
"5FW","5QL","R","20061001","X"
"5FW01","5FW19","R","20031001","F"
"5FW02","5FW20","R","20031001","F"
"5FW03","5FW22","R","20031001","F"
"5FW04","5FW23","R","20031001","F"
"5FW19","5QL19","R","20061001","X"
"5FW20","5QL20","R","20061001","X"
"5FW22","5QL22","R","20061001","X"
"5FW23","5QL23","R","20061001","X"
"5FWC1","5QLC9","R","20061001","X"
"5FWC2","5QLD1","R","20061001","X"
"5FWC3","5QLD2","R","20061001","X"
"5FWC4","5QLD3","R","20061001","X"
"5FWHQ","5QLHQ","R","20061001","X"
"5FX","5QL","R","20061001","X"
"5FX01","5QLC7","R","20061001","X"
"5FX27","5QL27","R","20061001","X"
"5FX28","5QL28","R","20061001","X"
"5FX29","5QL29","R","20061001","X"
"5FX30","5QL30","R","20061001","X"
"5FXC1","5QLC8","R","20061001","X"
"5FY","5QQ","R","20061001","X"
"5FY01","5QQ60","R","20061001","X"
"5FY02","5QQ61","R","20061001","X"
"5FY03","5QQ62","R","20061001","X"
"5FY04","5QQ63","R","20061001","X"
"5FY05","5QQ64","R","20061001","X"
"5FY06","5QQ65","R","20061001","X"
"5FY07","5QQ66","R","20061001","X"
"5FY08","5QQ67","R","20061001","X"
"5FY09","5QQ68","R","20061001","X"
"5FY10","5QQ69","R","20061001","X"
"5FY11","5QQ6A","R","20061001","X"
"5FY12","5QQ6C","R","20061001","X"
"5FY13","5QQ6D","R","20061001","X"
"5FY14","5QQ6E","R","20061001","X"
"5FY15","5QQ6F","R","20061001","X"
"5FY16","5QQ6G","R","20061001","X"
"5FY17","5QQ6H","R","20061001","X"
"5FY18","5QQ6J","R","20061001","X"
"5FY19","5QQ6K","R","20061001","X"
"5FY20","5QQ6L","R","20061001","X"
"5FY21","5QQ6M","R","20061001","X"
"5FY22","5QQ6N","R","20061001","X"
"5FY23","5QQ02","R","20061001","X"
"5FY24","5QQ01","R","20061001","X"
"5FY26","5QQ6P","R","20061001","X"
"5FY27","5QQ6R","R","20061001","X"
"5FY28","5QQ6T","R","20061001","X"
"5FY29","5QQ6V","R","20061001","X"
"5FY30","5QQ6W","R","20061001","X"
"5FY31","5QQ6X","R","20061001","X"
"5FY32","5QQ6Y","R","20061001","X"
"5FY33","5QQ71","R","20061001","X"
"5FY34","5QQ72","R","20061001","X"
"5FY35","5QQ73","R","20061001","X"
"5FY36","5QQ74","R","20061001","X"
"5FY37","5QQ75","R","20061001","X"
"5FY38","5QQ76","R","20061001","X"
"5FY39","5QQ77","R","20061001","X"
"5FY99","5QQAK","R","20061001","X"
"5G1","5PQ","R","20061001","X"
"5G101","5PQH2","R","20061001","X"
"5G102","5PQ36","R","20061001","X"
"5G103","5PQ30","R","20061001","X"
"5G115","5PQ15","R","20061001","X"
"5G119","5PQ19","R","20061001","X"
"5G123","5PQ23","R","20061001","X"
"5G146","5PQ46","R","20061001","X"
"5G162","5PQ62","R","20061001","X"
"5G167","5PQ67","R","20061001","X"
"5G173","5PQ73","R","20061001","X"
"5G174","5PQ74","R","20061001","X"
"5G181","5PQ81","R","20061001","X"
"5G183","5PQ83","R","20061001","X"
"5G184","5PQ84","R","20061001","X"
"5G186","5PQ86","R","20061001","X"
"5G191","5PQ91","R","20061001","X"
"5G2","5QG","R","20061001","X"
"5G201","5QG01","R","20061001","X"
"5G202","5QG02","R","20061001","X"
"5G3","5QG","R","20061001","X"
"5G301","5QG04","R","20061001","X"
"5G302","5QG05","R","20061001","X"
"5G303","5QG06","R","20061001","X"
"5G4","5QD","R","20061001","X"
"5G401","5QD01","R","20061001","X"
"5G404","5QD04","R","20061001","X"
"5G405","5QD05","R","20061001","X"
"5G406","5QD06","R","20061001","X"
"5G407","5QD07","R","20061001","X"
"5G408","5QD08","R","20061001","X"
"5G409","5QD09","R","20061001","X"
"5G410","5QD10","R","20061001","X"
"5G412","5QD12","R","20061001","X"
"5G4HQ","5QD13","R","20061001","X"
"5G5","5QD","R","20061001","X"
"5G501","5QD14","R","20061001","X"
"5G502","5QD15","R","20061001","X"
"5G503","5QD16","R","20061001","X"
"5G504","5QD17","R","20061001","X"
"5G505","5QD18","R","20061001","X"
"5G506","5QD19","R","20061001","X"
"5G508","5QD20","R","20061001","X"
"5G509","5QD21","R","20061001","X"
"5G510","5QD22","R","20061001","X"
"5G512","5QD11","R","20061001","X"
"5G513","5QD23","R","20061001","X"
"5G6","5QC","R","20061001","X"
"5G601","5QCG1","R","20061001","X"
"5G602","5QCG2","R","20061001","X"
"5G603","5QCG3","R","20061001","X"
"5G604","5QCG4","R","20061001","X"
"5G605","5QCG5","R","20061001","X"
"5G606","5QCG6","R","20061001","X"
"5G607","5QCG7","R","20061001","X"
"5G608","5QCG8","R","20061001","X"
"5G609","5QCG9","R","20061001","X"
"5G610","5QCH1","R","20061001","X"
"5G611","5QCH2","R","20061001","X"
"5G612","5QCH3","R","20061001","X"
"5G613","5QCH4","R","20061001","X"
"5G614","5QCH5","R","20061001","X"
"5G615","5QCH6","R","20061001","X"
"5G616","5QCH7","R","20061001","X"
"5G617","5QCH8","R","20061001","X"
"5G618","5QCH9","R","20061001","X"
"5G619","5QCJ1","R","20061001","X"
"5G620","5QCJ2","R","20061001","X"
"5G621","5QCJ3","R","20061001","X"
"5G622","5QCJ4","R","20061001","X"
"5G623","5QCJ5","R","20061001","X"
"5G624","5QCJ6","R","20061001","X"
"5G625","5QCGA","R","20061001","X"
"5G626","5QCX6","R","20061001","X"
"5G627","5QCY6","R","20061001","X"
"5G7","5NH","R","20061001","X"
"5G701","5NH01","R","20061001","X"
"5G702","5NH03","R","20061001","X"
"5G703","5NH02","R","20061001","X"
"5G705","5NH04","R","20061001","X"
"5G706","5NH05","R","20061001","X"
"5G707","5NH06","R","20061001","X"
"5G708","5NH07","R","20061001","X"
"5G714","5NH08","R","20061001","X"
"5G718","5NH09","R","20061001","X"
"5G719","5NH10","R","20061001","X"
"5G720","5NH11","R","20061001","X"
"5G721","5NH12","R","20061001","X"
"5G723","5NH13","R","20061001","X"
"5G726","5NH14","R","20061001","X"
"5G737","5NH15","R","20061001","X"
"5G741","5NH16","R","20061001","X"
"5G742","5NH17","R","20061001","X"
"5G743","5NH18","R","20061001","X"
"5G744","5NH19","R","20061001","X"
"5G745","5NH20","R","20061001","X"
"5G746","5NH21","R","20061001","X"
"5G747","5NH22","R","20061001","X"
"5G748","5NH23","R","20061001","X"
"5G749","5NH24","R","20061001","X"
"5G750","5NH25","R","20061001","X"
"5G751","5NH26","R","20061001","X"
"5G753","5NH28","R","20061001","X"
"5G754","5NH29","R","20061001","X"
"5G755","5NH30","R","20061001","X"
"5G756","5NH31","R","20061001","X"
"5G757","5NH32","R","20061001","X"
"5G758","5NH33","R","20061001","X"
"5G773","5NH34","R","20061001","X"
"5G779","5NH35","R","20061001","X"
"5G780","5NH36","R","20061001","X"
"5G782","5NH37","R","20061001","X"
"5G783","5NH38","R","20061001","X"
"5G784","5NH39","R","20061001","X"
"5G785","5NH40","R","20061001","X"
"5G786","5NH41","R","20061001","X"
"5G787","5NH42","R","20061001","X"
"5G788","5NH43","R","20061001","X"
"5G789","5NH44","R","20061001","X"
"5G790","5NH45","R","20061001","X"
"5G791","5NH46","R","20061001","X"
"5G792","5NH47","R","20061001","X"
"5G793","5NH48","R","20061001","X"
"5G794","5NH49","R","20061001","X"
"5G795","5NH50","R","20061001","X"
"5G797","5NH51","R","20061001","X"
"5G798","5NH52","R","20061001","X"
"5G799","5NH53","R","20061001","X"
"5G8","5NH","R","20061001","X"
"5G802","5NH55","R","20061001","X"
"5G803","5NH56","R","20061001","X"
"5G807","5NH57","R","20061001","X"
"5G808","5NH58","R","20061001","X"
"5G809","5NH59","R","20061001","X"
"5G812","5NH60","R","20061001","X"
"5G813","5NH61","R","20061001","X"
"5G814","5NH62","R","20061001","X"
"5G815","5NH63","R","20061001","X"
"5G816","5NH64","R","20061001","X"
"5G817","5NH65","R","20061001","X"
"5G818","5NH66","R","20061001","X"
"5G819","5NH67","R","20061001","X"
"5G820","5NH68","R","20061001","X"
"5G822","5NH69","R","20061001","X"
"5G823","5NH70","R","20061001","X"
"5G824","5NH71","R","20061001","X"
"5G825","5NH72","R","20061001","X"
"5G826","5NH73","R","20061001","X"
"5G827","5NH74","R","20061001","X"
"5G828","5NH75","R","20061001","X"
"5G829","5NH76","R","20061001","X"
"5G830","5NH77","R","20061001","X"
"5G835","5NH78","R","20061001","X"
"5G837","5NH79","R","20061001","X"
"5G838","5NH80","R","20061001","X"
"5G839","5NH81","R","20061001","X"
"5G840","5NH82","R","20061001","X"
"5G841","5NH83","R","20061001","X"
"5G843","5NH84","R","20061001","X"
"5G844","5NH85","R","20061001","X"
"5G846","5NH86","R","20061001","X"
"5G847","5NH87","R","20061001","X"
"5G848","5NH88","R","20061001","X"
"5G849","5NH89","R","20061001","X"
"5G850","5NH90","R","20061001","X"
"5G852","5NH92","R","20061001","X"
"5G853","5NH93","R","20061001","X"
"5G854","5NH94","R","20061001","X"
"5G855","5NH95","R","20061001","X"
"5G856","5NH96","R","20061001","X"
"5G9","5NL","R","20061001","X"
"5G901","5NL57","R","20061001","X"
"5G902","5NL58","R","20061001","X"
"5G903","5NL59","R","20061001","X"
"5G904","5NL60","R","20061001","X"
"5G905","5NL61","R","20061001","X"
"5G906","5NL62","R","20061001","X"
"5G907","5NL63","R","20061001","X"
"5G908","5NL64","R","20061001","X"
"5G909","5NL47","R","20061001","X"
"5G910","5NL66","R","20061001","X"
"5G911","5NL65","R","20061001","X"
"5GA","5M5","R","20020401","F"
"5GD","5P2","R","20061001","X"
"5GD01","5P239","R","20061001","X"
"5GD02","5P222","R","20061001","X"
"5GD03","5P227","R","20061001","X"
"5GD04","5P231","R","20061001","X"
"5GD05","5P240","R","20061001","X"
"5GD06","5P219","R","20061001","X"
"5GD07","5P203","R","20061001","X"
"5GD08","5P230","R","20061001","X"
"5GD09","5P236","R","20061001","X"
"5GD10","5P2HQ","R","20061001","X"
"5GD11","5P217","R","20061001","X"
"5GD12","5P220","R","20061001","X"
"5GD13","5P204","R","20061001","X"
"5GD14","5P212","R","20061001","X"
"5GE","5P2","R","20061001","X"
"5GE02","5P233","R","20061001","X"
"5GE03","5P225","R","20061001","X"
"5GE04","5P237","R","20061001","X"
"5GE05","5P221","R","20061001","X"
"5GE06","5P215","R","20061001","X"
"5GE07","5P216","R","20061001","X"
"5GE08","5P201","R","20061001","X"
"5GE09","5P205","R","20061001","X"
"5GE10","5P234","R","20061001","X"
"5GE11","5P208","R","20061001","X"
"5GE12","5P209","R","20061001","X"
"5GE13","5P235","R","20061001","X"
"5GE14","5P214","R","20061001","X"
"5GE15","5P214","R","20061001","X"
"5GE16","5P206","R","20061001","X"
"5GE17","5P211","R","20061001","X"
"5GE18","5P202","R","20061001","X"
"5GF","5PP","R","20061001","X"
"5GF03","5PP84","R","20061001","X"
"5GF04","5PP85","R","20061001","X"
"5GF05","5PP86","R","20061001","X"
"5GF06","5PP87","R","20061001","X"
"5GF07","5PP88","R","20061001","X"
"5GF08","5PP89","R","20061001","X"
"5GF70","5PP90","R","20061001","X"
"5GF71","5PP91","R","20061001","X"
"5GF73","5PP93","R","20061001","X"
"5GF74","5PP94","R","20061001","X"
"5GF75","5PP95","R","20061001","X"
"5GF76","5PP96","R","20061001","X"
"5GF77","5PP97","R","20061001","X"
"5GF78","5PP98","R","20061001","X"
"5GF79","5PP99","R","20061001","X"
"5GF80","5PPA1","R","20061001","X"
"5GF81","5PPA2","R","20061001","X"
"5GF82","5PPA3","R","20061001","X"
"5GF83","5PPA4","R","20061001","X"
"5GF84","5PPA5","R","20061001","X"
"5GF85","5PPA6","R","20061001","X"
"5GF86","5PPA7","R","20061001","X"
"5GF87","5PPA8","R","20061001","X"
"5GF88","5PPA9","R","20061001","X"
"5GF89","5PPC1","R","20061001","X"
"5GF90","5PPC2","R","20061001","X"
"5GF91","5PPC3","R","20061001","X"
"5GF92","5PPC4","R","20061001","X"
"5GF93","5PPC5","R","20061001","X"
"5GF94","5PPC6","R","20061001","X"
"5GF95","5PPC7","R","20061001","X"
"5GF96","5PPC8","R","20061001","X"
"5GF97","5PPD1","R","20061001","X"
"5GG","5P3","R","20061001","F"
"5GG21","5P3G1","R","20061001","F"
"5GG24","5P3G4","R","20061001","F"
"5GG25","5P3G5","R","20061001","F"
"5GG26","5P3G6","R","20061001","F"
"5GG27","5P3G7","R","20061001","F"
"5GGHQ","5P3G0","R","20061001","F"
"5GH","5P3","R","20061001","F"
"5GH02","5P3H2","R","20061001","F"
"5GH03","5P3H3","R","20061001","F"
"5GH04","5P3H4","R","20061001","F"
"5GH05","5P3H5","R","20061001","F"
"5GH06","5P3H6","R","20061001","F"
"5GH07","5P3H7","R","20061001","F"
"5GH08","5P3H8","R","20061001","F"
"5GH09","5P3H9","R","20061001","F"
"5GH10","5P3HA","R","20061001","F"
"5GH11","5P3HC","R","20061001","F"
"5GH12","5P3HD","R","20061001","F"
"5GH13","5P3HE","R","20061001","F"
"5GH14","5P3HF","R","20061001","X"
"5GH15","5P3HG","R","20061001","X"
"5GHHQ","5P3H0","R","20061001","F"
"5GJ","5P3","R","20061001","F"
"5GJ21","5P3JA","R","20061001","F"
"5GJ28","5P3JC","R","20061001","X"
"5GJ29","5P3JD","R","20061001","X"
"5GJ30","5P3JE","R","20061001","X"
"5GJ31","5P3J1","R","20061001","X"
"5GJ32","5P3J2","R","20061001","X"
"5GJ33","5P3J3","R","20061001","X"
"5GJ34","5P3J4","R","20061001","X"
"5GJ35","5P3J5","R","20061001","X"
"5GJ36","5P3J6","R","20061001","X"
"5GJ37","5P3J7","R","20061001","X"
"5GJ38","5P3J8","R","20061001","X"
"5GJ39","5P3J9","R","20061001","X"
"5GJ40","5P3JF","R","20061001","X"
"5GJ41","5P3JG","R","20061001","X"
"5GJ42","5P3JH","R","20061001","X"
"5GJ43","5P3JJ","R","20061001","F"
"5GJ44","5P3G2","R","20061001","F"
"5GJHQ","5P3J0","R","20061001","X"
"5GK","5P3","R","20061001","F"
"5GK01","5P3K1","R","20061001","F"
"5GK02","5P3K2","R","20061001","X"
"5GK03","5P3K3","R","20061001","F"
"5GK04","5P3KA","R","20061001","F"
"5GK07","5P3K7","R","20061001","F"
"5GK08","5P3K8","R","20061001","F"
"5GK09","5P3K9","R","20061001","F"
"5GK10","5P3K4","R","20061001","F"
"5GK11","5P3K5","R","20061001","F"
"5GL","5PX","R","20061001","X"
"5GL11","5PX56","R","20061001","X"
"5GL12","5PX03","R","20061001","X"
"5GL13","5PX68","R","20061001","X"
"5GL14","5PX67","R","20061001","X"
"5GL18","5PX38","R","20061001","X"
"5GL19","5PX62","R","20061001","X"
"5GL20","5PX71","R","20061001","X"
"5GL21","5PX35","R","20061001","X"
"5GL22","5PX14","R","20061001","X"
"5GL23","5PX50","R","20061001","X"
"5GL24","5PX39","R","20061001","X"
"5GL25","5PX51","R","20061001","X"
"5GL27","5PX25","R","20061001","X"
"5GL34","5PX04","R","20061001","X"
"5GL35","5PX19","R","20061001","X"
"5GL36","5PX32","R","20061001","X"
"5GL37","5PX29","R","20061001","X"
"5GL38","5PX33","R","20061001","X"
"5GL39","5PX15","R","20061001","X"
"5GL40","5PX69","R","20061001","X"
"5GL41","5PX34","R","20061001","X"
"5GL42","5PX22","R","20061001","X"
"5GL43","5PX13","R","20061001","X"
"5GL44","5PX44","R","20061001","X"
"5GL45","5PX54","R","20061001","X"
"5GL48","5PX53","R","20061001","X"
"5GM","5PW","R","20061001","X"
"5GM02","5PW01","R","20061001","X"
"5GM03","5PW02","R","20061001","X"
"5GM04","5PW03","R","20061001","X"
"5GM05","5PW04","R","20061001","X"
"5GM08","5PW41","R","20061001","X"
"5GM09","5PW42","R","20061001","X"
"5GM10","5PWHQ","R","20061001","X"
"5GM10","5PW05","R","20061001","X"
"5GM11","5PW06","R","20061001","X"
"5GM12","5PW43","R","20061001","X"
"5GM13","5PW44","R","20061001","X"
"5GM14","5PW45","R","20061001","X"
"5GM15","5PW07","R","20061001","X"
"5GM16","5PW46","R","20061001","X"
"5GM17","5PW08","R","20061001","X"
"5GM18","5PW47","R","20061001","X"
"5GM19","5PW09","R","20061001","X"
"5GM20","5PW48","R","20061001","X"
"5GM22","5PW49","R","20061001","X"
"5GM23","5PW10","R","20061001","X"
"5GM24","5PW50","R","20061001","X"
"5GM25","5PW51","R","20061001","X"
"5GM27","5PW52","R","20061001","X"
"5GM28","5PW53","R","20061001","X"
"5GM29","5PW54","R","20061001","X"
"5GM30","5PW55","R","20061001","X"
"5GM31","5PW56","R","20061001","X"
"5GM34","5PW58","R","20061001","X"
"5GN","5PV","R","20061001","X"
"5GN01","5PV25","R","20061001","X"
"5GN02","5PV26","R","20061001","X"
"5GN03","5PV27","R","20061001","X"
"5GN04","5PV28","R","20061001","X"
"5GN06","5PV29","R","20061001","X"
"5GP","5PY","R","20061001","X"
"5GP01","5PY01","R","20061001","X"
"5GP02","5PY14","R","20061001","X"
"5GP03","5PY21","R","20061001","X"
"5GP04","5PY31","R","20061001","X"
"5GP05","5PY46","R","20061001","X"
"5GQ","5PY","R","20061001","X"
"5GQ01","5PY13","R","20061001","X"
"5GQ02","5PY67","R","20061001","X"
"5GQ03","5PY42","R","20061001","X"
"5GQ06","5PY63","R","20061001","X"
"5GQ07","5PY44","R","20061001","X"
"5GQ08","5PY25","R","20061001","X"
"5GQ09","5PY48","R","20061001","X"
"5GQ10","5PY27","R","20061001","X"
"5GQ11","5PY30","R","20061001","X"
"5GQ12","5PY66","R","20061001","X"
"5GQ13","5PY41","R","20061001","X"
"5GQ14","5PY12","R","20061001","X"
"5GQ15","5PY68","R","20061001","X"
"5GR","5PY","R","20061001","X"
"5GR01","5PY45","R","20061001","X"
"5GR02","5PY24","R","20061001","X"
"5GR03","5PY43","R","20061001","X"
"5GR04","5PY47","R","20061001","X"
"5GR05","5PY29","R","20061001","X"
"5GR06","5PY64","R","20061001","X"
"5GR07","5PY62","R","20061001","X"
"5GRAA","5PYHQ","R","20061001","X"
"5GT","5PR","R","20061001","X"
"5GT01","5PR26","R","20061001","X"
"5GT03","5PR27","R","20061001","X"
"5GT04","5PR28","R","20061001","X"
"5GT05","5PR29","R","20061001","X"
"5GT06","5PR30","R","20061001","X"
"5GT07","5PR31","R","20061001","X"
"5GT08","5PR32","R","20061001","X"
"5GT09","5PR33","R","20061001","X"
"5GT10","5PR34","R","20061001","X"
"5GT11","5PR35","R","20061001","X"
"5GT12","5PR36","R","20061001","X"
"5GT13","5PR37","R","20061001","X"
"5GT14","5PR38","R","20061001","X"
"5GT15","5PR39","R","20061001","X"
"5GT16","5PR40","R","20061001","X"
"5GT17","5PR41","R","20061001","X"
"5GT18","5PR53","R","20061001","X"
"5GT19","5PR42","R","20061001","X"
"5GT20","5PR43","R","20061001","X"
"5GT21","5PR44","R","20061001","X"
"5GT22","5PR45","R","20061001","X"
"5GT23","5PR46","R","20061001","X"
"5GT24","5PR47","R","20061001","X"
"5GV","5P4","R","20061001","F"
"5GV01","5P4V1","R","20061001","F"
"5GV02","5P4V2","R","20061001","F"
"5GV04","5P4V4","R","20061001","F"
"5GV05","5P4V5","R","20061001","F"
"5GV06","5P4V6","R","20061001","F"
"5GV07","5P4V7","R","20061001","F"
"5GV08","5P4V8","R","20061001","F"
"5GV09","5P4V9","R","20061001","X"
"5GV10","5P4VA","R","20061001","F"
"5GV11","5P4VC","R","20061001","F"
"5GV12","5P4VD","R","20061001","F"
"5GV13","5P4VE","R","20061001","X"
"5GV14","5P4VF","R","20061001","F"
"5GV15","5P4VG","R","20061001","F"
"5GV17","5P4VH","R","20061001","F"
"5GV18","5P4VJ","R","20061001","F"
"5GV19","5P4VK","R","20061001","F"
"5GV20","5P4VL","R","20061001","F"
"5GV21","5P4VM","R","20061001","F"
"5GVHQ","5P4V0","R","20061001","F"
"5GW","5P4","R","20061001","F"
"5GW01","5P4W1","R","20061001","F"
"5GW02","5P4W2","R","20061001","F"
"5GW03","5P4W3","R","20061001","F"
"5GW04","5P4W4","R","20061001","F"
"5GW05","5P4W5","R","20061001","F"
"5GW06","5P4W6","R","20061001","F"
"5GW07","5P4W7","R","20061001","F"
"5GW08","5P4W8","R","20061001","F"
"5GW09","5P4VK","R","20061001","F"
"5GW10","5P4VL","R","20061001","F"
"5GW11","5P4VM","R","20061001","F"
"5GW12","5P4WD","R","20061001","F"
"5GW13","5P4WE","R","20061001","F"
"5GW14","5P4WF","R","20061001","F"
"5GW15","5P4WG","R","20061001","F"
"5GW16","5P4WH","R","20061001","F"
"5GW17","5P4WJ","R","20061001","F"
"5GW18","5P4WK","R","20061001","F"
"5GW19","5P4WL","R","20061001","F"
"5GW20","5P4WM","R","20061001","F"
"5GW21","5P4WN","R","20061001","F"
"5GWHQ","5P4W0","R","20061001","F"
"5GX","5P4","R","20061001","F"
"5GX01","5P4X1","R","20061001","F"
"5GX02","5P4X2","R","20061001","X"
"5GX04","5P4X4","R","20061001","F"
"5GX06","5P4X6","R","20061001","X"
"5GX13","5P4X3","R","20061001","F"
"5GX14","5P4VK","R","20061001","F"
"5GX15","5P4VL","R","20061001","F"
"5GX16","5P4VM","R","20061001","F"
"5GX17","5P4X7","R","20061001","F"
"5GX18","5P4X8","R","20061001","F"
"5GX19","5P4X9","R","20061001","X"
"5GX20","5P4XD","R","20061001","F"
"5GX21","5P4XE","R","20061001","F"
"5GX22","5P4XF","R","20061001","F"
"5GX23","5P4P5","R","20061001","F"
"5GX24","5P4XH","R","20061001","F"
"5GX25","5P4XJ","R","20061001","F"
"5GX26","5P4XK","R","20061001","F"
"5GX27","5P4XL","R","20061001","F"
"5GX28","5P4XM","R","20061001","F"
"5GX29","5P4XN","R","20061001","F"
"5GX30","5P4XP","R","20061001","F"
"5GX31","5P4XQ","R","20061001","F"
"5GX32","5P4XR","R","20061001","F"
"5GX33","5P4XT","R","20061001","F"
"5GX34","5P4XV","R","20061001","F"
"5GX35","5P4XW","R","20061001","F"
"5GX36","5P4XX","R","20061001","F"
"5GX37","5P4XY","R","20061001","F"
"5GX38","5P4Y1","R","20061001","F"
"5GX39","5P4Y2","R","20061001","F"
"5GX40","5P4Y3","R","20061001","F"
"5GXHQ","5P4X0","R","20061001","X"
"5GY","5L1","R","20020401","X"
"5GY01","5L101","R","20020401","X"
"5GY02","5L102","R","20020401","X"
"5GY03","5L103","R","20020401","X"
"5GY04","5L104","R","20020401","X"
"5GY05","5L105","R","20020401","X"
"5GY06","5L106","R","20020401","X"
"5GY07","5L107","R","20020401","X"
"5GY08","5L108","R","20020401","X"
"5H2","5NK","R","20061001","X"
"5H201","5NK01","R","20061001","X"
"5H202","5NK02","R","20061001","X"
"5H203","5NK03","R","20061001","X"
"5H204","5NK04","R","20061001","X"
"5H205","5NK05","R","20061001","X"
"5H206","5NK06","R","20061001","X"
"5H207","5NK07","R","20061001","X"
"5H208","5NK08","R","20061001","X"
"5H209","5NK09","R","20061001","X"
"5H210","5NK10","R","20061001","X"
"5H211","5NK11","R","20061001","X"
"5H212","5NK12","R","20061001","X"
"5H213","5NK13","R","20061001","X"
"5H214","5NK14","R","20061001","X"
"5H215","5NK15","R","20061001","X"
"5H216","5NK16","R","20061001","X"
"5H217","5NK17","R","20061001","X"
"5H218","5NK18","R","20061001","X"
"5H219","5NK19","R","20061001","X"
"5H220","5NK20","R","20061001","X"
"5H221","5NK21","R","20061001","X"
"5H222","5NK22","R","20061001","X"
"5H223","5NK23","R","20061001","X"
"5H225","5NK25","R","20061001","X"
"5H226","5NK26","R","20061001","X"
"5H227","5NK27","R","20061001","X"
"5H228","5NK28","R","20061001","X"
"5H229","5NK29","R","20061001","X"
"5H230","5NK30","R","20061001","X"
"5H231","5NK31","R","20061001","X"
"5H232","5NK32","R","20061001","X"
"5H3","5NN","R","20061001","X"
"5H301","5NN01","R","20061001","X"
"5H302","5NN02","R","20061001","X"
"5H303","5NN03","R","20061001","X"
"5H304","5NN04","R","20061001","X"
"5H305","5NN05","R","20061001","X"
"5H306","5NN06","R","20061001","X"
"5H307","5NN07","R","20061001","X"
"5H308","5NN08","R","20061001","X"
"5H309","5NN09","R","20061001","X"
"5H310","5NN10","R","20061001","X"
"5H311","5NN11","R","20061001","X"
"5H312","5NN12","R","20061001","X"
"5H313","5NN13","R","20061001","X"
"5H314","5NN14","R","20061001","X"
"5H315","5NN15","R","20061001","X"
"5H316","5NN16","R","20061001","X"
"5H317","5NN17","R","20061001","X"
"5H318","5NN18","R","20061001","X"
"5H319","5NN19","R","20061001","X"
"5H320","5NN20","R","20061001","X"
"5H321","5NN21","R","20061001","X"
"5H322","5NN22","R","20061001","X"
"5H323","5NN23","R","20061001","X"
"5H324","5NN24","R","20061001","X"
"5H325","5NN25","R","20061001","X"
"5H326","5NN34","R","20061001","X"
"5H4","5NP","R","20061001","X"
"5H401","5NP01","R","20061001","X"
"5H5","5NP","R","20061001","X"
"5H501","5NP03","R","20061001","X"
"5H502","5NP02","R","20061001","X"
"5H6","5NN","R","20061001","X"
"5H601","5NN26","R","20061001","X"
"5H602","5NN27","R","20061001","X"
"5H603","5NN28","R","20061001","X"
"5H604","5NN29","R","20061001","X"
"5H605","5NN30","R","20061001","X"
"5H606","5NN31","R","20061001","X"
"5H608","5NN33","R","20061001","X"
"5H609","5NN35","R","20061001","X"
"5H7","5N6","R","20061001",""
"5H701","5N67A","R","20061001",""
"5H702","5N67C","R","20061001",""
"5H703","5N67D","R","20061001",""
"5H704","5N67E","R","20061001",""
"5H705","5N67F","R","20061001",""
"5H706","5N67G","R","20061001",""
"5H707","5N67H","R","20061001",""
"5H708","5N67J","R","20061001",""
"5H709","5N67K","R","20061001",""
"5H710","5N67L","R","20061001",""
"5H711","5N67M","R","20061001",""
"5H712","5N67N","R","20061001",""
"5H713","5N67P","R","20061001",""
"5H714","5N67Q","R","20061001",""
"5H715","5N67R","R","20061001",""
"5H716","5N67T","R","20061001",""
"5H717","5N67V","R","20061001",""
"5H718","5N67W","R","20061001",""
"5H8PC","5H8PE","R","20050401","X"
"5H8SA","5H8HQ","R","20050401","X"
"5H9","5N9","R","20061001","X"
"5H901","5N926","R","20061001","X"
"5H902","5N927","R","20061001","X"
"5H903","5N919","R","20061001","X"
"5H904","5N928","R","20061001","X"
"5H905","5N929","R","20061001","X"
"5H906","5N930","R","20061001","X"
"5H907","5N931","R","20061001","X"
"5H908","5N932","R","20061001","X"
"5H909","5N933","R","20061001","X"
"5H910","5N934","R","20061001","X"
"5H911","5N935","R","20061001","X"
"5H912","5N936","R","20061001","X"
"5H913","5N937","R","20061001","X"
"5H914","5N938","R","20061001","X"
"5H915","5N939","R","20061001","X"
"5H916","5N940","R","20061001","X"
"5H917","5N941","R","20061001","X"
"5H918","5N942","R","20061001","X"
"5H919","5N943","R","20061001","X"
"5H920","5N944","R","20061001","X"
"5H921","5N945","R","20061001","X"
"5H922","5N946","R","20061001","X"
"5H923","5N947","R","20061001","X"
"5H924","5N948","R","20061001","X"
"5H925","5N949","R","20061001","X"
"5H926","5N950","R","20061001","X"
"5H927","5N951","R","20061001","X"
"5H928","5N952","R","20061001","X"
"5H929","5N953","R","20061001","X"
"5H930","5N954","R","20061001","X"
"5H931","5N955","R","20061001","X"
"5H932","5N956","R","20061001","X"
"5H933","5N957","R","20061001","X"
"5HA","5NL","R","20061001","X"
"5HA01","5NL03","R","20061001","X"
"5HA02","5NL04","R","20061001","X"
"5HA03","5NL05","R","20061001","X"
"5HA04","5NL06","R","20061001","X"
"5HA05","5NL07","R","20061001","X"
"5HA06","5NL08","R","20061001","X"
"5HA07","5NL09","R","20061001","X"
"5HA08","5NL10","R","20061001","X"
"5HA09","5NL11","R","20061001","X"
"5HA10","5NL12","R","20061001","X"
"5HA11","5NL13","R","20061001","X"
"5HA12","5NL14","R","20061001","X"
"5HA13","5NL15","R","20061001","X"
"5HA15","5NL16","R","20061001","X"
"5HA16","5NL17","R","20061001","X"
"5HA17","5NL18","R","20061001","X"
"5HA18","5NL19","R","20061001","X"
"5HA19","5NL20","R","20061001","X"
"5HA20","5NL21","R","20061001","X"
"5HA21","5NL22","R","20061001","X"
"5HA22","5NL23","R","20061001","X"
"5HA23","5NL24","R","20061001","X"
"5HA24","5NL25","R","20061001","X"
"5HA25","5NL26","R","20061001","X"
"5HA26","5NL27","R","20061001","X"
"5HA27","5NL02","R","20061001","X"
"5HA28","5NL28","R","20061001","X"
"5HA29","5NL29","R","20061001","X"
"5HA30","5NL30","R","20061001","X"
"5HA31","5NL31","R","20061001","X"
"5HA32","5NL32","R","20061001","X"
"5HA33","5NL33","R","20061001","X"
"5HA34","5NL34","R","20061001","X"
"5HA36","5NL35","R","20061001","X"
"5HA37","5NL36","R","20061001","X"
"5HA38","5NL37","R","20061001","X"
"5HA39","5NL38","R","20061001","X"
"5HA40","5NL39","R","20061001","X"
"5HA41","5NL40","R","20061001","X"
"5HA42","5NL41","R","20061001","X"
"5HA43","5NL42","R","20061001","X"
"5HA44","5NL43","R","20061001","X"
"5HA45","5NL44","R","20061001","X"
"5HA46","5NL45","R","20061001","X"
"5HA47","5NL46","R","20061001","X"
"5HA48","5NL01","R","20061001","X"
"5HA50","5NL47","R","20061001","X"
"5HA51","5NL48","R","20061001","X"
"5HA52","5NL49","R","20061001","X"
"5HC","5NL","R","20061001","X"
"5HC01","5NL03","R","20061001","X"
"5HC02","5NL50","R","20061001","X"
"5HC03","5NL51","R","20061001","X"
"5HC04","5NL52","R","20061001","X"
"5HC05","5NL53","R","20061001","X"
"5HC06","5NL54","R","20061001","X"
"5HC07","5NL55","R","20061001","X"
"5HC08","5NL56","R","20061001","X"
"5HC09","5NL47","R","20061001","X"
"5HD","5NG","R","20061001","X"
"5HD01","5NG37","R","20061001","X"
"5HD02","5NG38","R","20061001","X"
"5HD03","5NG39","R","20061001","X"
"5HD04","5NG40","R","20061001","X"
"5HD05","5NG41","R","20061001","X"
"5HD06","5NG42","R","20061001","X"
"5HD07","5NG43","R","20061001","X"
"5HD08","5NG44","R","20061001","X"
"5HD09","5NG45","R","20061001","X"
"5HD10","5NG46","R","20061001","X"
"5HD11","5NG47","R","20061001","X"
"5HD12","5NG48","R","20061001","X"
"5HD13","5NG49","R","20061001","X"
"5HD14","5NG50","R","20061001","X"
"5HE","5NF","R","20061001","X"
"5HE01","5NF21","R","20061001","X"
"5HE02","5NF22","R","20061001","X"
"5HE04","5NF23","R","20061001","X"
"5HE05","5NF17","R","20061001","X"
"5HE06","5NF33","R","20061001","X"
"5HE07","5NF26","R","20061001","X"
"5HE08","5NF27","R","20061001","X"
"5HE09","5NF28","R","20061001","X"
"5HE10","5NF29","R","20061001","X"
"5HE11","5NF30","R","20061001","X"
"5HE12","5NF31","R","20061001","X"
"5HE13","5NF32","R","20061001","X"
"5HF","5NF","R","20061001","X"
"5HF01","5NF01","R","20061001","X"
"5HF02","5NF02","R","20061001","X"
"5HF03","5NF03","R","20061001","X"
"5HF04","5NF04","R","20061001","X"
"5HF05","5NF05","R","20061001","X"
"5HF06","5NF06","R","20061001","X"
"5HF07","5NF07","R","20061001","X"
"5HF08","5NF08","R","20061001","X"
"5HF09","5NF09","R","20061001","X"
"5HF10","5NF10","R","20061001","X"
"5HF11","5NF11","R","20061001","X"
"5HF12","5NF12","R","20061001","X"
"5HF13","5NF13","R","20061001","X"
"5HF14","5NF14","R","20061001","X"
"5HF15","5NF15","R","20061001","X"
"5HF16","5NF16","R","20061001","X"
"5HF17","5NF17","R","20061001","X"
"5HF18","5NF18","R","20061001","X"
"5HF19","5NF19","R","20061001","X"
"5HF20","5NF20","R","20061001","X"
"5HF21","5NF21","R","20061001","X"
"5HF22","5NF22","R","20061001","X"
"5HF23","5NF23","R","20061001","X"
"5HF24","5NF24","R","20061001","X"
"5HF25","5NF25","R","20061001","X"
"5HF26","5NF26","R","20061001","X"
"5HF27","5NF27","R","20061001","X"
"5HF28","5NF28","R","20061001","X"
"5HF29","5NF29","R","20061001","X"
"5HF30","5NF30","R","20061001","X"
"5HF31","5NF31","R","20061001","X"
"5HF32","5NF32","R","20061001","X"
"5HF33","5NF33","R","20061001","X"
"5HF34","5NF34","R","20061001","X"
"5HF35","5NF35","R","20061001","X"
"5HF36","5NF36","R","20061001","X"
"5HF42","5NF42","R","20061001","X"
"5HH","5N1","R","20061001","X"
"5HH01","5N106","R","20061001","X"
"5HH02","5N107","R","20061001","X"
"5HH03","5N108","R","20061001","X"
"5HH04","5N109","R","20061001","X"
"5HH05","5N110","R","20061001","X"
"5HH06","5N111","R","20061001","X"
"5HH07","5N112","R","20061001","X"
"5HH08","5N113","R","20061001","X"
"5HH09","5N114","R","20061001","X"
"5HH10","5N115","R","20061001","X"
"5HH11","5N171","R","20061001","X"
"5HH12","5N176","R","20061001","X"
"5HH13","5N177","R","20061001","X"
"5HHHQ","5N101","R","20061001","X"
"5HJ","5N1","R","20061001","X"
"5HJ01","5N116","R","20061001","X"
"5HJ02","5N117","R","20061001","X"
"5HJ03","5N118","R","20061001","X"
"5HJ04","5N119","R","20061001","X"
"5HJ05","5N120","R","20061001","X"
"5HJ06","5N121","R","20061001","X"
"5HJ07","5N122","R","20061001","X"
"5HJ08","5N123","R","20061001","X"
"5HJ09","5N124","R","20061001","X"
"5HJ10","5N125","R","20061001","X"
"5HJ11","5N178","R","20061001","X"
"5HJ12","5N181","R","20061001","X"
"5HJHQ","5N102","R","20061001","X"
"5HK","5N1","R","20061001","X"
"5HK01","5N126","R","20061001","X"
"5HK02","5N127","R","20061001","X"
"5HK03","5N128","R","20061001","X"
"5HK04","5N129","R","20061001","X"
"5HK05","5N130","R","20061001","X"
"5HK06","5N131","R","20061001","X"
"5HK07","5N132","R","20061001","X"
"5HK08","5N133","R","20061001","X"
"5HK09","5N134","R","20061001","X"
"5HK10","5N135","R","20061001","X"
"5HK11","5N136","R","20061001","X"
"5HK12","5N137","R","20061001","X"
"5HK13","5N138","R","20061001","X"
"5HK14","5N139","R","20061001","X"
"5HK15","5N140","R","20061001","X"
"5HK16","5N141","R","20061001","X"
"5HK17","5N142","R","20061001","X"
"5HK18","5N143","R","20061001","X"
"5HK19","5N144","R","20061001","X"
"5HK20","5N145","R","20061001","X"
"5HK21","5N146","R","20061001","X"
"5HK22","5N182","R","20061001","X"
"5HK23","5N183","R","20061001","X"
"5HK24","5N184","R","20061001","X"
"5HKHQ","5N103","R","20061001","X"
"5HL","5N1","R","20061001","X"
"5HL01","5N147","R","20061001","X"
"5HL02","5N148","R","20061001","X"
"5HL03","5N149","R","20061001","X"
"5HL04","5N150","R","20061001","X"
"5HL05","5N151","R","20061001","X"
"5HL06","5N152","R","20061001","X"
"5HL07","5N153","R","20061001","X"
"5HL08","5N154","R","20061001","X"
"5HL09","5N155","R","20061001","X"
"5HL10","5N156","R","20061001","X"
"5HL11","5N157","R","20061001","X"
"5HL12","5N172","R","20061001","X"
"5HL13","5N155","R","20061001","X"
"5HL14","5N179","R","20061001","X"
"5HL15","5N180","R","20061001","X"
"5HL16","5N185","R","20061001","X"
"5HL18","5N173","R","20061001","X"
"5HLHQ","5N104","R","20061001","X"
"5HM","5N1","R","20061001","X"
"5HM01","5N158","R","20061001","X"
"5HM02","5N159","R","20061001","X"
"5HM03","5N160","R","20061001","X"
"5HM04","5N161","R","20061001","X"
"5HM05","5N162","R","20061001","X"
"5HM06","5N163","R","20061001","X"
"5HM07","5N164","R","20061001","X"
"5HM08","5N165","R","20061001","X"
"5HM09","5N166","R","20061001","X"
"5HM10","5N167","R","20061001","X"
"5HM11","5N168","R","20061001","X"
"5HM12","5N169","R","20061001","X"
"5HM13","5N170","R","20061001","X"
"5HM14","5N105","R","20061001","X"
"5HM15","5N175","R","20061001","X"
"5HM16","5N174","R","20061001","X"
"5HMHQ","5N105","R","20061001","X"
"5HN","5N6","R","20061001",""
"5HN01","5N6NA","R","20061001",""
"5HN05","5N6NC","R","20061001",""
"5HN06","5N6ND","R","20061001",""
"5HN08","5N6NE","R","20061001",""
"5HN09","5N6NF","R","20061001",""
"5HN10","5N6NG","R","20061001",""
"5HN11","5N6NH","R","20061001",""
"5HN12","5N6NJ","R","20061001",""
"5HN13","5N6NK","R","20061001",""
"5HN14","5N6NL","R","20061001",""
"5HN15","5N6AF","R","20061001",""
"5HN16","5N6NN","R","20061001",""
"5HN17","5N6NP","R","20061001",""
"5HN18","5N6NQ","R","20061001",""
"5HN19","5N6NR","R","20061001",""
"5HN20","5N6NT","R","20061001",""
"5HN21","5N6NV","R","20061001",""
"5HN22","5N6NM","R","20061001",""
"5HNAB","5N6AE","R","20061001",""
"5HNAC","5N6AH","R","20061001",""
"5HNAJ","5N6NA","R","20061001",""
"5HNAK","5N6NW","R","20061001",""
"5HNP1","5N6NX","R","20061001",""
"5HNPB","5HNP1","R","20041001","F"
"5HR","5PH","R","20061001","X"
"5HR01","5PH01","R","20061001","X"
"5HR08","5PH08","R","20061001","X"
"5HR14","5PH14","R","20061001","X"
"5HR56","5PH56","R","20061001","X"
"5HR57","5PH57","R","20061001","X"
"5HR63","5PH63","R","20061001","X"
"5HR64","5PH64","R","20061001","X"
"5HR66","5PH66","R","20061001","X"
"5HT","5PE","R","20061001","X"
"5HT01","5PE01","R","20061001","X"
"5HT02","5PE02","R","20061001","X"
"5HT03","5PE03","R","20061001","X"
"5HT04","5PE04","R","20061001","X"
"5HT05","5PE05","R","20061001","X"
"5HT06","5PE06","R","20061001","X"
"5HT07","5PE07","R","20061001","X"
"5HT08","5PE08","R","20061001","X"
"5HT09","5PE40","R","20061001","X"
"5HT10","5PE09","R","20061001","X"
"5HT11","5PE10","R","20061001","X"
"5HT12","5PE64","R","20061001","X"
"5HT13","5PE11","R","20061001","X"
"5HT14","5PE39","R","20061001","X"
"5HT15","5PE65","R","20061001","X"
"5HT16","5PE58","R","20061001","X"
"5HT17","5PE57","R","20061001","X"
"5HT18","5PE12","R","20061001","X"
"5HT19","5PE13","R","20061001","X"
"5HT20","5PE41","R","20061001","X"
"5HT21","5PE42","R","20061001","X"
"5HT22","5PE14","R","20061001","X"
"5HT24","5PE15","R","20061001","X"
"5HT25","5PE36","R","20061001","X"
"5HT26","5PE16","R","20061001","X"
"5HT27","5PE43","R","20061001","X"
"5HT28","5PE17","R","20061001","X"
"5HT29","5PE18","R","20061001","X"
"5HT30","5PE19","R","20061001","X"
"5HT31","5PE20","R","20061001","X"
"5HT32","5PE21","R","20061001","X"
"5HT33","5PE22","R","20061001","X"
"5HT34","5PE23","R","20061001","X"
"5HT35","5PE34","R","20061001","X"
"5HT36","5PE37","R","20061001","X"
"5HT37","5PE24","R","20061001","X"
"5HT38","5PE46","R","20061001","X"
"5HT39","5PE38","R","20061001","X"
"5HT40","5PE44","R","20061001","X"
"5HT41","5PE45","R","20061001","X"
"5HT42","5PE25","R","20061001","X"
"5HT43","5PE26","R","20061001","X"
"5HT44","5PE27","R","20061001","X"
"5HT45","5PE28","R","20061001","X"
"5HT46","5PE29","R","20061001","X"
"5HT47","5PE30","R","20061001","X"
"5HT48","5PE31","R","20061001","X"
"5HT49","5PE32","R","20061001","X"
"5HT50","5PE33","R","20061001","X"
"5HT52","5PE52","R","20061001","X"
"5HT53","5PE69","R","20061001","X"
"5HV","5PE","R","20061001","X"
"5HV02","5PE34","R","20061001","X"
"5HV03","5PE35","R","20061001","X"
"5HV04","5PE36","R","20061001","X"
"5HV05","5PE37","R","20061001","X"
"5HV06","5PE38","R","20061001","X"
"5HV07","5PE39","R","20061001","X"
"5HV08","5PE40","R","20061001","X"
"5HV09","5PE41","R","20061001","X"
"5HV10","5PE42","R","20061001","X"
"5HV11","5PE43","R","20061001","X"
"5HV12","5PE44","R","20061001","X"
"5HV13","5PE45","R","20061001","X"
"5HV14","5PE46","R","20061001","X"
"5HV15","5PE47","R","20061001","X"
"5HV16","5PE24","R","20061001","X"
"5HV17","5PE48","R","20061001","X"
"5HV18","5PE49","R","20061001","X"
"5HV19","5PE50","R","20061001","X"
"5HV20","5PE51","R","20061001","X"
"5HV21","5PE52","R","20061001","X"
"5HV22","5PE53","R","20061001","X"
"5HV23","5PE54","R","20061001","X"
"5HV24","5PE55","R","20061001","X"
"5HV25","5PE56","R","20061001","X"
"5HV26","5PE57","R","20061001","X"
"5HV27","5PE58","R","20061001","X"
"5HV29","5PE59","R","20061001","X"
"5HV30","5PE60","R","20061001","X"
"5HV31","5PE61","R","20061001","X"
"5HV32","5PE62","R","20061001","X"
"5HV34","5PE01","R","20061001","X"
"5HV35","5PE63","R","20061001","X"
"5HV36","5PE64","R","20061001","X"
"5HV37","5PE65","R","20061001","X"
"5HV38","5PE66","R","20061001","X"
"5HV39","5PE67","R","20061001","X"
"5HV40","5PE68","R","20061001","X"
"5HW","5PH","R","20061001","X"
"5HW15","5PH15","R","20061001","X"
"5HW41","5PH41","R","20061001","X"
"5HW42","5PH42","R","20061001","X"
"5HW47","5PH47","R","20061001","X"
"5HW51","5PH51","R","20061001","X"
"5HW53","5PH53","R","20061001","X"
"5HW57","5PH57","R","20061001","X"
"5HW59","5PH59","R","20061001","X"
"5HW68","5PH68","R","20061001","X"
"5HW73","5PH73","R","20061001","X"
"5HW76","5PH76","R","20061001","X"
"5J1","5NM","R","20061001","X"
"5J101","5NM01","R","20061001","X"
"5J102","5NM02","R","20061001","X"
"5J103","5NM03","R","20061001","X"
"5J104","5NM04","R","20061001","X"
"5J105","5NM05","R","20061001","X"
"5J106","5NM06","R","20061001","X"
"5J107","5NM07","R","20061001","X"
"5J108","5NM08","R","20061001","X"
"5J109","5NM09","R","20061001","X"
"5J110","5NM10","R","20061001","X"
"5J111","5NM11","R","20061001","X"
"5J112","5NM12","R","20061001","X"
"5J113","5NM13","R","20061001","X"
"5J114","5NM14","R","20061001","X"
"5J115","5NMHQ","R","20061001","X"
"5J116","5NM16","R","20061001","X"
"5J117","5NM17","R","20061001","X"
"5J118","5NM18","R","20061001","X"
"5J119","5NM19","R","20061001","X"
"5J120","5NM20","R","20061001","X"
"5J3","5NM","R","20061001","X"
"5J301","5NM21","R","20061001","X"
"5J302","5NM22","R","20061001","X"
"5J303","5NM23","R","20061001","X"
"5J304","5NM24","R","20061001","X"
"5J305","5NM25","R","20061001","X"
"5J306","5NM26","R","20061001","X"
"5J307","5NM27","R","20061001","X"
"5J308","5NM28","R","20061001","X"
"5J309","5NM29","R","20061001","X"
"5J310","5NM30","R","20061001","X"
"5J311","5NM31","R","20061001","X"
"5J312","5NM32","R","20061001","X"
"5J313","5NM33","R","20061001","X"
"5J314","5NM34","R","20061001","X"
"5J315","5NM15","R","20061001","X"
"5J316","5NM35","R","20061001","X"
"5J351","5NM36","R","20061001","X"
"5J352","5NM37","R","20061001","X"
"5J353","5NM38","R","20061001","X"
"5J360","5NM39","R","20061001","X"
"5J361","5NM40","R","20061001","X"
"5J362","5NM41","R","20061001","X"
"5J363","5NM42","R","20061001","X"
"5J7","5N2","R","20061001","X"
"5J701","5N220","R","20061001","X"
"5J702","5N221","R","20061001","X"
"5J703","5N222","R","20061001","X"
"5J704","5N223","R","20061001","X"
"5J705","5N224","R","20061001","X"
"5J706","5N225","R","20061001","X"
"5J707","5N226","R","20061001","X"
"5J708","5N227","R","20061001","X"
"5J709","5N228","R","20061001","X"
"5J710","5N229","R","20061001","X"
"5J711","5N230","R","20061001","X"
"5J712","5N231","R","20061001","X"
"5J713","5N232","R","20061001","X"
"5J7HQ","5N233","R","20061001","X"
"5J8","5ND","R","20061001","X"
"5J8CA","5NDCA","R","20061001","X"
"5J8CC","5NDCC","R","20061001","X"
"5J8CD","5NDCD","R","20061001","X"
"5J8CE","5NDCE","R","20061001","X"
"5J8CF","5NDTK","R","20061001","X"
"5J8CG","5NDCG","R","20061001","X"
"5J8CH","5NDCH","R","20061001","X"
"5J8CJ","5NDCJ","R","20061001","X"
"5J8CN","5NDCN","R","20061001","X"
"5J8CP","5NDCP","R","20061001","X"
"5J8CQ","5NDCQ","R","20061001","X"
"5J8CT","5NDWH","R","20061001","X"
"5J8CV","5ND35","R","20061001","X"
"5J8HQ","5NDJ8","R","20061001","X"
"5JA","5PA","R","20061001","X"
"5JA01","5PA19","R","20061001","X"
"5JA02","5PA98","R","20061001","X"
"5JA03","5PA20","R","20061001","X"
"5JA04","5PA21","R","20061001","X"
"5JA05","5PA22","R","20061001","X"
"5JA06","5PA23","R","20061001","X"
"5JA07","5PA24","R","20061001","X"
"5JA08","5PA25","R","20061001","X"
"5JA09","5PA26","R","20061001","X"
"5JA10","5PA27","R","20061001","X"
"5JA11","5PA28","R","20061001","X"
"5JA12","5PA29","R","20061001","X"
"5JA13","5PA30","R","20061001","X"
"5JA14","5PA31","R","20061001","X"
"5JA15","5PA32","R","20061001","X"
"5JA16","5PA33","R","20061001","X"
"5JA17","5PA34","R","20061001","X"
"5JA18","5PA35","R","20061001","X"
"5JA19","5PA36","R","20061001","X"
"5JA20","5PA1D","R","20061001","X"
"5JA21","5PA38","R","20061001","X"
"5JA22","5PA39","R","20061001","X"
"5JADE","5PADE","R","20061001","X"
"5JADG","5PADG","R","20061001","X"
"5JC","5PA","R","20061001","X"
"5JC01","5PA40","R","20061001","X"
"5JC02","5PA41","R","20061001","X"
"5JC03","5PA42","R","20061001","X"
"5JC04","5PA43","R","20061001","X"
"5JC05","5PA44","R","20061001","X"
"5JC06","5PA45","R","20061001","X"
"5JC07","5PA46","R","20061001","X"
"5JC08","5PA47","R","20061001","X"
"5JC09","5PA48","R","20061001","X"
"5JC10","5PA49","R","20061001","X"
"5JC11","5PA50","R","20061001","X"
"5JC12","5PA51","R","20061001","X"
"5JC13","5PA52","R","20061001","X"
"5JC14","5PA53","R","20061001","X"
"5JC15","5PA54","R","20061001","X"
"5JC16","5PA55","R","20061001","X"
"5JC17","5PA56","R","20061001","X"
"5JC18","5PA57","R","20061001","X"
"5JC19","5PA58","R","20061001","X"
"5JC20","5PA59","R","20061001","X"
"5JC21","5PA60","R","20061001","X"
"5JC22","5PA61","R","20061001","X"
"5JC23","5PA62","R","20061001","X"
"5JC24","5PA63","R","20061001","X"
"5JC26","5PA65","R","20061001","X"
"5JC27","5PA66","R","20061001","X"
"5JC28","5PA67","R","20061001","X"
"5JC29","5PA68","R","20061001","X"
"5JC30","5PA69","R","20061001","X"
"5JC31","5PA70","R","20061001","X"
"5JC32","5PA71","R","20061001","X"
"5JC33","5PA72","R","20061001","X"
"5JC34","5PA73","R","20061001","X"
"5JC35","5PA74","R","20061001","X"
"5JC36","5PA75","R","20061001","X"
"5JC37","5PA76","R","20061001","X"
"5JC38","5PA77","R","20061001","X"
"5JC39","5PA78","R","20061001","X"
"5JC40","5PA79","R","20061001","X"
"5JC41","5PA80","R","20061001","X"
"5JC42","5PA81","R","20061001","X"
"5JC43","5PA82","R","20061001","X"
"5JC44","5PA83","R","20061001","X"
"5JC45","5PA84","R","20061001","X"
"5JC46","5PA85","R","20061001","X"
"5JC47","5PA86","R","20061001","X"
"5JC48","5PA87","R","20061001","X"
"5JC49","5PA88","R","20061001","X"
"5JC50","5PA89","R","20061001","X"
"5JCAC","5PAAC","R","20061001","X"
"5JCCZ","5PACA","R","20061001","X"
"5JCDB","5PADA","R","20061001","X"
"5JCHQ","5PA89","R","20061001","X"
"5JD","5PA","R","20061001","X"
"5JD01","5PA90","R","20061001","X"
"5JD02","5PA91","R","20061001","X"
"5JD03","5PA92","R","20061001","X"
"5JD04","5PA93","R","20061001","X"
"5JD05","5PA94","R","20061001","X"
"5JD06","5PA95","R","20061001","X"
"5JD07","5PA96","R","20061001","X"
"5JD08","5PA97","R","20061001","X"
"5JD09","5PA1X","R","20061001","X"
"5JD10","5PA99","R","20061001","X"
"5JD11","5PA1A","R","20061001","X"
"5JD12","5PA1C","R","20061001","X"
"5JD13","5PA1D","R","20061001","X"
"5JD14","5PA1E","R","20061001","X"
"5JD15","5PA1F","R","20061001","X"
"5JD16","5PA1G","R","20061001","X"
"5JD17","5PA1H","R","20061001","X"
"5JD18","5PA1J","R","20061001","X"
"5JD19","5PA1K","R","20061001","X"
"5JD20","5PA1L","R","20061001","X"
"5JD21","5PA1M","R","20061001","X"
"5JD22","5PA1N","R","20061001","X"
"5JD23","5PA1P","R","20061001","X"
"5JD24","5PA1Q","R","20061001","X"
"5JD25","5PA1R","R","20061001","X"
"5JD26","5PA1T","R","20061001","X"
"5JD27","5PA1V","R","20061001","X"
"5JD28","5PA1W","R","20061001","X"
"5JD29","5PA1X","R","20061001","X"
"5JD30","5PA1Y","R","20061001","X"
"5JD31","5PA2A","R","20061001","X"
"5JD32","5PA2C","R","20061001","X"
"5JD33","5PA2D","R","20061001","X"
"5JD34","5PA2E","R","20061001","X"
"5JDCP","5PACP","R","20061001","X"
"5JF","5QJ","R","20061001","X"
"5JF01","5QJ01","R","20061001","X"
"5JF02","5QJ06","R","20061001","X"
"5JF03","5QJ03","R","20061001","X"
"5JF04","5QJ04","R","20061001","X"
"5JF05","5QJ36","R","20061001","X"
"5JF06","5QJ53","R","20061001","X"
"5JF07","5QJ07","R","20061001","X"
"5JF08","5QJ08","R","20061001","X"
"5JF09","5QJ09","R","20061001","X"
"5JF10","5QJ10","R","20061001","X"
"5JF12","5QJ12","R","20061001","X"
"5JF13","5QJ13","R","20061001","X"
"5JF14","5QJ41","R","20061001","X"
"5JF15","5QJ15","R","20061001","X"
"5JF16","5QJ43","R","20061001","X"
"5JF17","5QJ17","R","20061001","X"
"5JF18","5QJ44","R","20061001","X"
"5JF19","5QJ45","R","20061001","X"
"5JF20","5QJ46","R","20061001","X"
"5JF21","5QJ21","R","20061001","X"
"5JF22","5QJ47","R","20061001","X"
"5JF23","5QJ23","R","20061001","X"
"5JF24","5QJ48","R","20061001","X"
"5JF25","5QJ49","R","20061001","X"
"5JF26","5QJ50","R","20061001","X"
"5JF27","5QJ51","R","20061001","X"
"5JF28","5QJ52","R","20061001","X"
"5JF29","5QJ29","R","20061001","X"
"5JFHQ","5QJHQ","R","20061001","X"
"5JG","5QJ","R","20061001","X"
"5JG01","5QJHQ","R","20061001","X"
"5JG02","5QJ02","R","20061001","X"
"5JG03","5QJ34","R","20061001","X"
"5JG04","5QJ35","R","20061001","X"
"5JG05","5QJ05","R","20061001","X"
"5JG06","5QJ01","R","20061001","X"
"5JG07","5QJ37","R","20061001","X"
"5JG09","5QJ38","R","20061001","X"
"5JG11","5QJ11","R","20061001","X"
"5JG12","5QJ39","R","20061001","X"
"5JG13","5QJ40","R","20061001","X"
"5JG14","5QJ14","R","20061001","X"
"5JG15","5QJ42","R","20061001","X"
"5JG16","5QJ16","R","20061001","X"
"5JG17","5QJ08","R","20061001","X"
"5JG18","5QJ18","R","20061001","X"
"5JG19","5QJ19","R","20061001","X"
"5JG20","5QJ20","R","20061001","X"
"5JG21","5QJ04","R","20061001","X"
"5JG22","5QJ22","R","20061001","X"
"5JG24","5QJ24","R","20061001","X"
"5JG25","5QJ25","R","20061001","X"
"5JG26","5QJ26","R","20061001","X"
"5JG27","5QJ27","R","20061001","X"
"5JG28","5QJ28","R","20061001","X"
"5JG30","5QJ30","R","20061001","X"
"5JG31","5QJ31","R","20061001","X"
"5JG32","5QJ32","R","20061001","X"
"5JG33","5QJ33","R","20061001","X"
"5JG34","5QJ54","R","20061001","X"
"5JH","5PP","R","20061001","X"
"5JH28","5PP33","R","20061001","X"
"5JH29","5PP34","R","20061001","X"
"5JH30","5PP35","R","20061001","X"
"5JH31","5PP36","R","20061001","X"
"5JH32","5PP37","R","20061001","X"
"5JH34","5PPHQ","R","20061001","X"
"5JH35","5PP38","R","20061001","X"
"5JH36","5PP39","R","20061001","X"
"5JH70","5PP40","R","20061001","X"
"5JH71","5PP41","R","20061001","X"
"5JH72","5PP42","R","20061001","X"
"5JH73","5PP43","R","20061001","X"
"5JH74","5PP44","R","20061001","X"
"5JH75","5PP45","R","20061001","X"
"5JH76","5PP46","R","20061001","X"
"5JH77","5PP47","R","20061001","X"
"5JH78","5PP48","R","20061001","X"
"5JH80","5PP49","R","20061001","X"
"5JH81","5PP50","R","20061001","X"
"5JH82","5PP51","R","20061001","X"
"5JH83","5PP52","R","20061001","X"
"5JH84","5PP53","R","20061001","X"
"5JH85","5PP54","R","20061001","X"
"5JH86","5PP55","R","20061001","X"
"5JJ","5PP","R","20061001","X"
"5JJ01","5PP57","R","20061001","X"
"5JJ02","5PP58","R","20061001","X"
"5JJ11","5PP59","R","20061001","X"
"5JJ12","5PP60","R","20061001","X"
"5JJ14","5PP61","R","20061001","X"
"5JJ15","5PP62","R","20061001","X"
"5JJ16","5PP63","R","20061001","X"
"5JJ17","5PP64","R","20061001","X"
"5JJ25","5PP65","R","20061001","X"
"5JJ26","5PP66","R","20061001","X"
"5JJ27","5PP67","R","20061001","X"
"5JJ70","5PP70","R","20061001","X"
"5JJ71","5PP71","R","20061001","X"
"5JJ72","5PP72","R","20061001","X"
"5JJ73","5PP17","R","20061001","X"
"5JJ74","5PP73","R","20061001","X"
"5JJ75","5PP74","R","20061001","X"
"5JJ77","5PP75","R","20061001","X"
"5JJ78","5PP76","R","20061001","X"
"5JJ79","5PP77","R","20061001","X"
"5JJ80","5PP78","R","20061001","X"
"5JJ82","5PP79","R","20061001","X"
"5JJ84","5PP80","R","20061001","X"
"5JJ85","5PP81","R","20061001","X"
"5JJ86","5PP82","R","20061001","X"
"5JK","5PP","R","20061001","X"
"5JK01","5PP01","R","20061001","X"
"5JK04","5PP02","R","20061001","X"
"5JK10","5PP03","R","20061001","X"
"5JK11","5PP04","R","20061001","X"
"5JK12","5PP05","R","20061001","X"
"5JK13","5PP06","R","20061001","X"
"5JK14","5PP07","R","20061001","X"
"5JK15","5PP08","R","20061001","X"
"5JK18","5PP09","R","20061001","X"
"5JK19","5PP10","R","20061001","X"
"5JK20","5PP11","R","20061001","X"
"5JK21","5PP12","R","20061001","X"
"5JK22","5PP13","R","20061001","X"
"5JK23","5PP14","R","20061001","X"
"5JK24","5PP15","R","20061001","X"
"5JK25","5PP16","R","20061001","X"
"5JK26","5PP17","R","20061001","X"
"5JK66","5PP18","R","20061001","X"
"5JK71","5PP19","R","20061001","X"
"5JK72","5PP20","R","20061001","X"
"5JK73","5PP21","R","20061001","X"
"5JK74","5PP22","R","20061001","X"
"5JK75","5PP23","R","20061001","X"
"5JK76","5PP24","R","20061001","X"
"5JK77","5PP25","R","20061001","X"
"5JK78","5PP26","R","20061001","X"
"5JK79","5PP27","R","20061001","X"
"5JK80","5PP28","R","20061001","X"
"5JK81","5PP29","R","20061001","X"
"5JK82","5PP30","R","20061001","X"
"5JK83","5PP31","R","20061001","X"
"5JK84","5PP32","R","20061001","X"
"5JL","5PQ","R","20061001","X"
"5JL01","5PQH3","R","20061001","X"
"5JL29","5PQ25","R","20061001","X"
"5JL34","5PQ34","R","20061001","X"
"5JL71","5PQ71","R","20061001","X"
"5JL77","5PQ77","R","20061001","X"
"5JL85","5PQ85","R","20061001","X"
"5JL86","5PQ01","R","20061001","X"
"5JM","5PQ","R","20061001","X"
"5JM01","5PQH4","R","20061001","X"
"5JM06","5PQ06","R","20061001","X"
"5JM31","5PQ31","R","20061001","X"
"5JM32","5PQ32","R","20061001","X"
"5JM33","5PQ33","R","20061001","X"
"5JM35","5PQ35","R","20061001","X"
"5JM65","5PQ65","R","20061001","X"
"5JM66","5PQ66","R","20061001","X"
"5JM75","5PQ75","R","20061001","X"
"5JM76","5PQ76","R","20061001","X"
"5JM82","5PQ82","R","20061001","X"
"5JM87","5PQ87","R","20061001","X"
"5JM90","5PQ90","R","20061001","X"
"5JN","5PX","R","20061001","X"
"5JN01","5PXHQ","R","20061001","X"
"5JN02","5PX52","R","20061001","X"
"5JN03","5PX37","R","20061001","X"
"5JN04","5PX16","R","20061001","X"
"5JN04","5PX40","R","20061001","X"
"5JN06","5PX61","R","20061001","X"
"5JN08","5PX57","R","20061001","X"
"5JN09","5PX65","R","20061001","X"
"5JN10","5PX06","R","20061001","X"
"5JN11","5PX05","R","20061001","X"
"5JN13","5PX48","R","20061001","X"
"5JP","5P1","R","20061001","X"
"5JP01","5P116","R","20061001","X"
"5JP02","5P117","R","20061001","X"
"5JP03","5P118","R","20061001","X"
"5JP04","5P119","R","20061001","X"
"5JP05","5P120","R","20061001","X"
"5JP06","5P121","R","20061001","X"
"5JP07","5P122","R","20061001","X"
"5JP08","5P123","R","20061001","X"
"5JP09","5P124","R","20061001","X"
"5JP10","5P125","R","20061001","X"
"5JP11","5P126","R","20061001","X"
"5JQ","5PT","R","20061001","X"
"5JQ01","5PT28","R","20061001","X"
"5JQ02","5PT29","R","20061001","X"
"5JQ03","5PT30","R","20061001","X"
"5JQ04","5PT31","R","20061001","X"
"5JQ06","5PT32","R","20061001","X"
"5JQ07","5PT33","R","20061001","X"
"5JQ08","5PT34","R","20061001","X"
"5JQ09","5PT35","R","20061001","X"
"5JQ10","5PT36","R","20061001","X"
"5JQ11","5PT37","R","20061001","X"
"5JQ12","5PT38","R","20061001","X"
"5JQ13","5PT39","R","20061001","X"
"5JQ14","5PT40","R","20061001","X"
"5JQ15","5PT42","R","20061001","X"
"5JQ16","5PTHQ","R","20061001","X"
"5JQ99","5PT41","R","20061001","X"
"5JR","5PT","R","20061001","X"
"5JR01","5PT43","R","20061001","X"
"5JR02","5PT44","R","20061001","X"
"5JR03","5PT45","R","20061001","X"
"5JR04","5PT46","R","20061001","X"
"5JR05","5PT47","R","20061001","X"
"5JR06","5PT48","R","20061001","X"
"5JR08","5PT50","R","20061001","X"
"5JR99","5PT51","R","20061001","X"
"5JT","5PT","R","20061001","X"
"5JT01","5PT22","R","20061001","X"
"5JT02","5PT23","R","20061001","X"
"5JT03","5PT24","R","20061001","X"
"5JT04","5PT25","R","20061001","X"
"5JT05","5PT26","R","20061001","X"
"5JT06","5PT27","R","20061001","X"
"5JV","5PR","R","20061001","X"
"5JV01","5PRHQ","R","20061001","X"
"5JV02","5PR01","R","20061001","X"
"5JV04","5PR02","R","20061001","X"
"5JV05","5PR03","R","20061001","X"
"5JV06","5PR04","R","20061001","X"
"5JV08","5PR52","R","20061001","X"
"5JV11","5PR05","R","20061001","X"
"5JV12","5PR55","R","20061001","X"
"5JV13","5PR06","R","20061001","X"
"5JV14","5PR07","R","20061001","X"
"5JV15","5PR08","R","20061001","X"
"5JV16","5PR09","R","20061001","X"
"5JV17","5PR10","R","20061001","X"
"5JW","5PT","R","20061001","X"
"5JW01","5PT01","R","20061001","X"
"5JW02","5PT02","R","20061001","X"
"5JW03","5PT03","R","20061001","X"
"5JW04","5PT04","R","20061001","X"
"5JW05","5PT05","R","20061001","X"
"5JW06","5PT06","R","20061001","X"
"5JW07","5PT07","R","20061001","X"
"5JW08","5PT08","R","20061001","X"
"5JW09","5PT09","R","20061001","X"
"5JW10","5PT10","R","20061001","X"
"5JW11","5PT11","R","20061001","X"
"5JW12","5PT12","R","20061001","X"
"5JW13","5PT13","R","20061001","X"
"5JW14","5PT14","R","20061001","X"
"5JW15","5PT15","R","20061001","X"
"5JW16","5PT16","R","20061001","X"
"5JW17","5PT17","R","20061001","X"
"5JW18","5PT18","R","20061001","X"
"5JW19","5PT19","R","20061001","X"
"5JW20","5PT20","R","20061001","X"
"5JW99","5PT21","R","20061001","X"
"5JY","5NQ","R","20061001","X"
"5JY01","5NQ02","R","20061001","X"
"5JY02","5NQ03","R","20061001","X"
"5JY03","5NQ04","R","20061001","X"
"5JY04","5NQ05","R","20061001","X"
"5JY05","5NQ06","R","20061001","X"
"5JY06","5NQ07","R","20061001","X"
"5JY07","5NQ08","R","20061001","X"
"5JY08","5NQ09","R","20061001","X"
"5JY09","5NQ10","R","20061001","X"
"5JY10","5NQ11","R","20061001","X"
"5JY11","5NQ12","R","20061001","X"
"5JY12","5NQ13","R","20061001","X"
"5JY13","5NQ14","R","20061001","X"
"5JY86","5NQ15","R","20061001","X"
"5JYRH","5NQ16","R","20061001","X"
"5K1","5QL","R","20061001","X"
"5K116","5QL16","R","20061001","X"
"5K132","5QL32","R","20061001","X"
"5K134","5QL34","R","20061001","X"
"5K136","5QL36","R","20061001","X"
"5K1C1","5QLC1","R","20061001","X"
"5K1C2","5QLC2","R","20061001","X"
"5K1HQ","5QLC3","R","20061001","X"
"5K2","5QL","R","20061001","X"
"5K201","5QLC4","R","20061001","X"
"5K215","5QL15","R","20061001","X"
"5K285","5QL85","R","20061001","X"
"5K2C1","5QLC5","R","20061001","X"
"5K2DB","5QLC6","R","20061001","X"
"5K4","5QK","R","20061001","X"
"5K401","5QK46","R","20061001","X"
"5K402","5QK47","R","20061001","X"
"5K403","5QK48","R","20061001","X"
"5K405","5QK49","R","20061001","X"
"5K406","5QK50","R","20061001","X"
"5K407","5QK51","R","20061001","X"
"5K408","5QK52","R","20061001","X"
"5K409","5QK53","R","20061001","X"
"5K411","5QK54","R","20061001","X"
"5K412","5QK55","R","20061001","X"
"5K413","5QK56","R","20061001","X"
"5K414","5QK57","R","20061001","X"
"5K415","5QK58","R","20061001","X"
"5K416","5QK59","R","20061001","X"
"5K418","5QK60","R","20061001","X"
"5K421","5QK61","R","20061001","X"
"5K427","5QK62","R","20061001","X"
"5K428","5QK63","R","20061001","X"
"5K429","5QK64","R","20061001","X"
"5K430","5QK65","R","20061001","X"
"5KA","5ND","R","20061001","X"
"5KA01","5ND01","R","20061001","X"
"5KA02","5ND04","R","20061001","X"
"5KA03","5ND07","R","20061001","X"
"5KA04","5ND10","R","20061001","X"
"5KA05","5ND11","R","20061001","X"
"5KA06","5ND15","R","20061001","X"
"5KA07","5ND17","R","20061001","X"
"5KA08","5ND19","R","20061001","X"
"5KA09","5ND21","R","20061001","X"
"5KA10","5ND23","R","20061001","X"
"5KA11","5ND25","R","20061001","X"
"5KA12","5ND27","R","20061001","X"
"5KA13","5ND29","R","20061001","X"
"5KA14","5ND31","R","20061001","X"
"5KAGC","5NDKA","R","20061001","X"
"5KAHQ","5NDKA","R","20061001","X"
"5KC","5ND","R","20061001","X"
"5KC01","5ND02","R","20061001","X"
"5KC02","5ND05","R","20061001","X"
"5KC03","5ND08","R","20061001","X"
"5KC04","5ND11","R","20061001","X"
"5KC05","5ND13","R","20061001","X"
"5KC07","5ND36","R","20061001","X"
"5KC08","5ND39","R","20061001","X"
"5KCHQ","5NDKC","R","20061001","X"
"5KD","5ND","R","20061001","X"
"5KD01","5ND03","R","20061001","X"
"5KD02","5ND06","R","20061001","X"
"5KD03","5ND09","R","20061001","X"
"5KD04","5ND12","R","20061001","X"
"5KD05","5ND14","R","20061001","X"
"5KD06","5ND16","R","20061001","X"
"5KD07","5ND18","R","20061001","X"
"5KD08","5ND20","R","20061001","X"
"5KD09","5ND22","R","20061001","X"
"5KD10","5ND24","R","20061001","X"
"5KD11","5ND26","R","20061001","X"
"5KD12","5ND28","R","20061001","X"
"5KD13","5ND30","R","20061001","X"
"5KD14","5ND32","R","20061001","X"
"5KD15","5ND33","R","20061001","X"
"5KD16","5ND34","R","20061001","X"
"5KDHQ","5NDKD","R","20061001","X"
"5KE","5ND","R","20061001","X"
"5KECB","5NDHC","R","20061001","X"
"5KECF","5NDFH","R","20061001","X"
"5KECH","5NDNA","R","20061001","X"
"5KECL","5NDCL","R","20061001","X"
"5KECM","5NDCM","R","20061001","X"
"5KECR","5NDCR","R","20061001","X"
"5KECT","5NDCT","R","20061001","X"
"5KECV","5NDCV","R","20061001","X"
"5KEHQ","5NDKE","R","20061001","X"
"5KH","5NV","R","20061001","X"
"5KH01","5NV3A","R","20061001","X"
"5KH02","5NV3C","R","20061001","X"
"5KH03","5NV3D","R","20061001","X"
"5KH04","5NV3E","R","20061001","X"
"5KH05","5NV3F","R","20061001","X"
"5KH06","5NV3G","R","20061001","X"
"5KH07","5NV3H","R","20061001","X"
"5KH08","5NV3J","R","20061001","X"
"5KH09","5NV3K","R","20061001","X"
"5KH10","5NV3L","R","20061001","X"
"5KH11","5NV3M","R","20061001","X"
"5KH12","5NV3N","R","20061001","X"
"5KH13","5NV3P","R","20061001","X"
"5KH15","5NV3Q","R","20061001","X"
"5KH16","5NV3R","R","20061001","X"
"5KH17","5NV3T","R","20061001","X"
"5KH18","5NV3V","R","20061001","X"
"5KH19","5NV3W","R","20061001","X"
"5KH20","5NV3X","R","20061001","X"
"5KH21","5NV4A","R","20061001","X"
"5KH22","5NV4C","R","20061001","X"
"5KH25","5NV4D","R","20061001","X"
"5KH26","5NV4E","R","20061001","X"
"5KH27","5NV4F","R","20061001","X"
"5KH28","5NV4G","R","20061001","X"
"5KHHQ","5NV4H","R","20061001","X"
"5KJ","5NV","R","20061001","X"
"5KJ02","5NV8C","R","20061001","X"
"5KJ03","5NV8D","R","20061001","X"
"5KJ04","5NV8E","R","20061001","X"
"5KJ05","5NV8F","R","20061001","X"
"5KJ06","5NV8G","R","20061001","X"
"5KJ07","5NV8H","R","20061001","X"
"5KJ09","5NV8J","R","20061001","X"
"5KJ10","5NV8K","R","20061001","X"
"5KJ11","5NV8L","R","20061001","X"
"5KJ12","5NV8M","R","20061001","X"
"5KJ13","5NV8N","R","20061001","X"
"5KJ14","5NV8P","R","20061001","X"
"5KJ15","5NV8Q","R","20061001","X"
"5KJ16","5NV8R","R","20061001","X"
"5KJ17","5NV8T","R","20061001","X"
"5KJ18","5NV8V","R","20061001","X"
"5KJ19","5NV8W","R","20061001","X"
"5KJ20","5NV8X","R","20061001","X"
"5KJ21","5NV9A","R","20061001","X"
"5KJ22","5NV9C","R","20061001","X"
"5KJ23","5NV9D","R","20061001","X"
"5KJ24","5NV9E","R","20061001","X"
"5KJ25","5NV9F","R","20061001","X"
"5KJHQ","5NV8A","R","20061001","X"
"5KK","5NV","R","20061001","X"
"5KK01","5NV1A","R","20061001","X"
"5KK02","5NV1C","R","20061001","X"
"5KK03","5NV1D","R","20061001","X"
"5KK04","5NV1E","R","20061001","X"
"5KK08","5NV1F","R","20061001","X"
"5KK09","5NV1G","R","20061001","X"
"5KK12","5NV1H","R","20061001","X"
"5KK14","5NV1J","R","20061001","X"
"5KK15","5NV1K","R","20061001","X"
"5KK16","5NV1L","R","20061001","X"
"5KK17","5NV1M","R","20061001","X"
"5KK18","5NV1N","R","20061001","X"
"5KK19","5NV1P","R","20061001","X"
"5KK24","5NV1Q","R","20061001","X"
"5KK26","5NV1R","R","20061001","X"
"5KK27","5NV1T","R","20061001","X"
"5KK28","5NV1V","R","20061001","X"
"5KK29","5NV1W","R","20061001","X"
"5KK30","5NV1X","R","20061001","X"
"5KK31","5NV2A","R","20061001","X"
"5KK32","5NV2C","R","20061001","X"
"5KK33","5NV2D","R","20061001","X"
"5KK34","5NV2E","R","20061001","X"
"5KK35","5NV2F","R","20061001","X"
"5KK36","5NV2G","R","20061001","X"
"5KK37","5NV2H","R","20061001","X"
"5KK38","5NV2J","R","20061001","X"
"5KK39","5NV2K","R","20061001","X"
"5KK40","5NV2L","R","20061001","X"
"5KK41","5NV2M","R","20061001","X"
"5KM06","5QR15","R","20061001","X"
"5KM07","5QR16","R","20061001","X"
"5KN","5QR","R","20061001","X"
"5KN01","5QR01","R","20061001","X"
"5KN02","5QR02","R","20061001","X"
"5KN03","5QR03","R","20061001","X"
"5KN04","5QR04","R","20061001","X"
"5KN05","5QR05","R","20061001","X"
"5KN06","5QR06","R","20061001","X"
"5KN07","5QR07","R","20061001","X"
"5KN08","5QR08","R","20061001","X"
"5KN09","5QR09","R","20061001","X"
"5KN10","5QR10","R","20061001","X"
"5KN11","5QR11","R","20061001","X"
"5KN12","5QR12","R","20061001","X"
"5KN14","5QR13","R","20061001","X"
"5KN15","5QR14","R","20061001","X"
"5KP","5P5","R","20061001","X"
"5KP01","5P549","R","20061001","X"
"5KP10","5P550","R","20061001","X"
"5KP20","5P551","R","20061001","X"
"5KP30","5P552","R","20061001","X"
"5KP31","5P553","R","20061001","X"
"5KP32","5P554","R","20061001","X"
"5KP33","5P555","R","20061001","X"
"5KP34","5P556","R","20061001","X"
"5KP35","5P557","R","20061001","X"
"5KP36","5P558","R","20061001","X"
"5KP37","5P559","R","20061001","X"
"5KP38","5P560","R","20061001","X"
"5KP39","5P561","R","20061001","X"
"5KP40","5P562","R","20061001","X"
"5KP41","5P563","R","20061001","X"
"5KP42","5P564","R","20061001","X"
"5KP43","5P565","R","20061001","X"
"5KP44","5P566","R","20061001","X"
"5KP45","5P567","R","20061001","X"
"5KP46","5P568","R","20061001","X"
"5KP47","5P569","R","20061001","X"
"5KP48","5P570","R","20061001","X"
"5KP49","5P571","R","20061001","X"
"5KP50","5P572","R","20061001","X"
"5KP51","5P573","R","20061001","X"
"5KP52","5P574","R","20061001","X"
"5KP53","5P575","R","20061001","X"
"5KP54","5P576","R","20061001","X"
"5KP55","5P577","R","20061001","X"
"5KP56","5P578","R","20061001","X"
"5KP57","5P579","R","20061001","X"
"5KP58","5P580","R","20061001","X"
"5KP60","5P581","R","20061001","X"
"5KP61","5P582","R","20061001","X"
"5KP90","5P583","R","20061001","X"
"5KPAA","5P548","R","20061001","X"
"5KQ","5P5","R","20061001","X"
"5KQ01","5P585","R","20061001","X"
"5KQ02","5P586","R","20061001","X"
"5KQ03","5P587","R","20061001","X"
"5KQ04","5P584","R","20061001","X"
"5KR","5QP","R","20061001","X"
"5KR01","5QP11","R","20061001","X"
"5KR02","5KR01","R","20020601","F"
"5KR03","5QP02","R","20061001","X"
"5KR04","5QP25","R","20061001","X"
"5KR05","5QP27","R","20061001","X"
"5KR06","5QP39","R","20061001","X"
"5KR07","5QP40","R","20061001","X"
"5KR08","5QP29","R","20061001","X"
"5KR10","5QP04","R","20061001","X"
"5KR12","5QP08","R","20061001","X"
"5KR13","5QP09","R","20061001","X"
"5KR14","5QP31","R","20061001","X"
"5KR20","5QP07","R","20061001","X"
"5KR24","5KR01","R","20020601","F"
"5KR32","5QP41","R","20061001","X"
"5KR83","5QP42","R","20061001","X"
"5KT","5QP","R","20061001","X"
"5KT01","5QP13","R","20061001","X"
"5KT04","5QP14","R","20061001","X"
"5KT06","5QP01","R","20061001","X"
"5KT07","5QP15","R","20061001","X"
"5KT10","5QP51","R","20061001","X"
"5KT11","5QP48","R","20061001","X"
"5KT12","5QP71","R","20061001","X"
"5KT13","5QP76","R","20061001","X"
"5KT14","5QP75","R","20061001","X"
"5KT15","5QP44","R","20061001","X"
"5KT16","5QP49","R","20061001","X"
"5KT17","5QP20","R","20061001","X"
"5KT33","5QP80","R","20061001","X"
"5KT35","5QP70","R","20061001","X"
"5KT42","5QP16","R","20061001","X"
"5KV","5QN","R","20061001","X"
"5KV01","5QN21","R","20061001","X"
"5KV02","5QN22","R","20061001","X"
"5KV03","5QN23","R","20061001","X"
"5KV04","5QN24","R","20061001","X"
"5KV05","5QN25","R","20061001","X"
"5KV06","5QN26","R","20061001","X"
"5KV07","5QN27","R","20061001","X"
"5KVHQ","5QN28","R","20061001","X"
"5KW","5QH","R","20061001","X"
"5KW01","5QH08","R","20061001","X"
"5KW02","5QH09","R","20061001","X"
"5KW11","5QH40","R","20061001","X"
"5KW12","5QH41","R","20061001","X"
"5KW13","5QH37","R","20061001","X"
"5KW14","5QH38","R","20061001","X"
"5KX","5QH","R","20061001","X"
"5KX01","5QH10","R","20061001","X"
"5KX02","5QH11","R","20061001","X"
"5KX03","5QH19","R","20061001","X"
"5KX04","5QH20","R","20061001","X"
"5KX05","5QH21","R","20061001","X"
"5KX06","5QH22","R","20061001","X"
"5KX07","5QH23","R","20061001","X"
"5KX08","5QH24","R","20061001","X"
"5KX09","5QH25","R","20061001","X"
"5KX10","5QH02","R","20061001","X"
"5KX11","5QH26","R","20061001","X"
"5KX12","5QH27","R","20061001","X"
"5KX13","5QH05","R","20061001","X"
"5KX14","5QH04","R","20061001","X"
"5KX15","5QH07","R","20061001","X"
"5KX19","5QH12","R","20061001","X"
"5KX20","5QH13","R","20061001","X"
"5KX22","5QH36","R","20061001","X"
"5KX23","5QH15","R","20061001","X"
"5KX25","5QH08","R","20061001","X"
"5KX26","5QH09","R","20061001","X"
"5KY","5QH","R","20061001","X"
"5KY01","5QH17","R","20061001","X"
"5KY02","5QH14","R","20061001","X"
"5KY03","5QH12","R","20061001","X"
"5KY04","5QH15","R","20061001","X"
"5KY05","5QH13","R","20061001","X"
"5KY06","5QH18","R","20061001","X"
"5KY07","5QH41","R","20061001","X"
"5KY08","5QH04","R","20061001","X"
"5KY09","5QH28","R","20061001","X"
"5KY10","5QH29","R","20061001","X"
"5KY11","5QH30","R","20061001","X"
"5KY12","5QH31","R","20061001","X"
"5KY13","5QH32","R","20061001","X"
"5KY14","5QH33","R","20061001","X"
"5KY15","5QH11","R","20061001","X"
"5KY16","5QH34","R","20061001","X"
"5KY17","5QH06","R","20061001","X"
"5KY18","5QH05","R","20061001","X"
"5KY19","5QH08","R","20061001","X"
"5KY20","5QH35","R","20061001","X"
"5KY21","5QH16","R","20061001","X"
"5L2","5P9","R","20061001","X"
"5L201","5P908","R","20061001","X"
"5L202","5P909","R","20061001","X"
"5L203","5P910","R","20061001","X"
"5L204","5P911","R","20061001","X"
"5L205","5P912","R","20061001","X"
"5L206","5P913","R","20061001","X"
"5L207","5P914","R","20061001","X"
"5L208","5P915","R","20061001","X"
"5L209","5P916","R","20061001","X"
"5L210","5P917","R","20061001","X"
"5L211","5P918","R","20061001","X"
"5L213","5P920","R","20061001","X"
"5L214","5P921","R","20061001","X"
"5L215","5P922","R","20061001","X"
"5L216","5P923","R","20061001","X"
"5L217","5P924","R","20061001","X"
"5L218","5P925","R","20061001","X"
"5L219","5P937","R","20061001","X"
"5L4","5QA","R","20061001","X"
"5L401","5QARV","R","20061001","X"
"5L402","5QAR1","R","20061001","X"
"5L403","5QAC6","R","20061001","X"
"5L404","5QAF5","R","20061001","X"
"5L405","5QARX","R","20061001","X"
"5L5","5P5","R","20061001","X"
"5L501","5P502","R","20061001","X"
"5L502","5P503","R","20061001","X"
"5L503","5P504","R","20061001","X"
"5L504","5P505","R","20061001","X"
"5L505","5P506","R","20061001","X"
"5L506","5P507","R","20061001","X"
"5L507","5P508","R","20061001","X"
"5L6","5P5","R","20061001","X"
"5L601","5P509","R","20061001","X"
"5L602","5P510","R","20061001","X"
"5L603","5P511","R","20061001","X"
"5L604","5P512","R","20061001","X"
"5L606","5P513","R","20061001","X"
"5L607","5P514","R","20061001","X"
"5L608","5P515","R","20061001","X"
"5L609","5P516","R","20061001","X"
"5L610","5P517","R","20061001","X"
"5L611","5P518","R","20061001","X"
"5L612","5P519","R","20061001","X"
"5L613","5P520","R","20061001","X"
"5L614","5P521","R","20061001","X"
"5L615","5P522","R","20061001","X"
"5L616","5P523","R","20061001","X"
"5L617","5P524","R","20061001","X"
"5L618","5P525","R","20061001","X"
"5L619","5P526","R","20061001","X"
"5L620","5P527","R","20061001","X"
"5L621","5P528","R","20061001","X"
"5L623","5P529","R","20061001","X"
"5L624","5P530","R","20061001","X"
"5L625","5P531","R","20061001","X"
"5L626","5P532","R","20061001","X"
"5L627","5P533","R","20061001","X"
"5L628","5P534","R","20061001","X"
"5L629","5P535","R","20061001","X"
"5L7","5P5","R","20061001","X"
"5L701","5P537","R","20061001","X"
"5L702","5P538","R","20061001","X"
"5L703","5P539","R","20061001","X"
"5L704","5P540","R","20061001","X"
"5L705","5P541","R","20061001","X"
"5L706","5P542","R","20061001","X"
"5L707","5P543","R","20061001","X"
"5L708","5P544","R","20061001","X"
"5L709","5P545","R","20061001","X"
"5L710","5P546","R","20061001","X"
"5L711","5P547","R","20061001","X"
"5L7HQ","5P536","R","20061001","X"
"5L8","5P6","R","20061001","X"
"5L801","5P602","R","20061001","X"
"5L802","5P603","R","20061001","X"
"5L803","5P604","R","20061001","X"
"5L804","5P605","R","20061001","X"
"5L811","5P606","R","20061001","X"
"5L830","5P607","R","20061001","X"
"5L831","5P608","R","20061001","X"
"5L832","5P609","R","20061001","X"
"5L833","5P610","R","20061001","X"
"5L9","5P6","R","20061001","X"
"5L901","5P621","R","20061001","X"
"5L902","5P622","R","20061001","X"
"5L903","5P623","R","20061001","X"
"5L904","5P624","R","20061001","X"
"5L905","5P625","R","20061001","X"
"5L906","5P626","R","20061001","X"
"5L907","5P627","R","20061001","X"
"5L908","5P628","R","20061001","X"
"5L909","5P629","R","20061001","X"
"5L910","5P630","R","20061001","X"
"5L911","5P631","R","20061001","X"
"5L912","5P632","R","20061001","X"
"5L913","5L914","R","20021102","F"
"5L914","5P633","R","20061001","X"
"5L915","5P634","R","20061001","X"
"5L916","5P635","R","20061001","X"
"5L917","5P636","R","20061001","X"
"5L918","5P637","R","20061001","X"
"5L919","5P638","R","20061001","X"
"5L920","5P639","R","20061001","X"
"5L921","5P652","R","20061001","X"
"5L990","5P640","R","20061001","X"
"5LJ","5N2","R","20061001","X"
"5LJ01","5N201","R","20061001","X"
"5LJ02","5N202","R","20061001","X"
"5LJ03","5N203","R","20061001","X"
"5LJ04","5N204","R","20061001","X"
"5LJ06","5N205","R","20061001","X"
"5LJ07","5N206","R","20061001","X"
"5LJ08","5N207","R","20061001","X"
"5LJ09","5N208","R","20061001","X"
"5LJ10","5N209","R","20061001","X"
"5LJ11","5N210","R","20061001","X"
"5LJ12","5N211","R","20061001","X"
"5LJ13","5N212","R","20061001","X"
"5LJ14","5N213","R","20061001","X"
"5LJ15","5N214","R","20061001","X"
"5LJ16","5N215","R","20061001","X"
"5LJHQ","5N2HQ","R","20061001","X"
"5LK","5N2","R","20061001","X"
"5LK01","5N216","R","20061001","X"
"5LK02","5N217","R","20061001","X"
"5LK03","5N218","R","20061001","X"
"5LKHV","5N219","R","20061001","X"
"5LL","5QA","R","20061001","X"
"5LL01","5QARY","R","20061001","X"
"5LL02","5QAT2","R","20061001","X"
"5LL08","5QAW2","R","20061001","X"
"5LL09","5QAE3","R","20061001","X"
"5LL14","5QAL1","R","20061001","X"
"5LL17","5QAAV","R","20061001","X"
"5LL20","5QAC1","R","20061001","X"
"5LL37","5QAM1","R","20061001","X"
"5LL38","5QAE1","R","20061001","X"
"5LL40","5QA1C","R","20061001","X"
"5LL41","5QA1D","R","20061001","X"
"5LL44","5QA8C","R","20061001","X"
"5LL47","5QAT5","R","20061001","X"
"5LL48","5QAA1","R","20061001","X"
"5LL60","5QAV1","R","20061001","X"
"5LL70","5QAC9","R","20061001","X"
"5LL84","5QAC4","R","20061001","X"
"5LL87","5QAF3","R","20061001","X"
"5LL90","5QAT1","R","20061001","X"
"5LL93","5QAC3","R","20061001","X"
"5LL94","5QAL2","R","20061001","X"
"5LM","5QA","R","20061001","X"
"5LM03","5QAP1","R","20061001","X"
"5LM04","5QAW6","R","20061001","X"
"5LM05","5QAQ1","R","20061001","X"
"5LM06","5QAF1","R","20061001","X"
"5LM07","5QAAY","R","20061001","X"
"5LM23","5QAF2","R","20061001","X"
"5LM24","5QAW7","R","20061001","X"
"5LM36","5QAC2","R","20061001","X"
"5LM75","5QAE2","R","20061001","X"
"5LM78","5QAW5","R","20061001","X"
"5LN","5QA","R","20061001","X"
"5LN01","5QAT7","R","20061001","X"
"5LN02","5QAV2","R","20061001","X"
"5LN04","5QAT8","R","20061001","X"
"5LN05","5QAT3","R","20061001","X"
"5LN06","5QAT6","R","20061001","X"
"5LN21","5QAA2","R","20061001","X"
"5LN22","5QAT4","R","20061001","X"
"5LN26","5QAW3","R","20061001","X"
"5LN27","5QAAX","R","20061001","X"
"5LN33","5QAD1","R","20061001","X"
"5LN51","5QAAT","R","20061001","X"
"5LN55","5QAC8","R","20061001","X"
"5LN58","5QAN3","R","20061001","X"
"5LN62","5QACA","R","20061001","X"
"5LN77","5QAH1","R","20061001","X"
"5LN79","5QAQ2","R","20061001","X"
"5LP","5QA","R","20061001","X"
"5LP25","5QAF4","R","20061001","X"
"5LP26","5QAW1","R","20061001","X"
"5LP49","5QAAP","R","20061001","X"
"5LP64","5QAH2","R","20061001","X"
"5LP65","5QAN2","R","20061001","X"
"5LP97","5QAN1","R","20061001","X"
"5LP98","5QAM2","R","20061001","X"
"5LP99","5QAC7","R","20061001","X"
"5LR","5P7","R","20061001","X"
"5LR01","5P717","R","20061001","X"
"5LR02","5P718","R","20061001","X"
"5LR03","5P719","R","20061001","X"
"5LR04","5P720","R","20061001","X"
"5LR05","5P721","R","20061001","X"
"5LR32","5P722","R","20061001","X"
"5LR37","5P723","R","20061001","X"
"5LR40","5P724","R","20061001","X"
"5LR41","5P725","R","20061001","X"
"5LR81","5P726","R","20061001","X"
"5LRCN","5P727","R","20061001","X"
"5LRCS","5P728","R","20061001","X"
"5LRCT","5P729","R","20061001","X"
"5LRCV","5P730","R","20061001","X"
"5LREK","5P731","R","20061001","X"
"5LT","5P7","R","20061001","X"
"5LT01","5P701","R","20061001","X"
"5LT02","5P702","R","20061001","X"
"5LT03","5P703","R","20061001","X"
"5LT04","5P706","R","20061001","X"
"5LT05","5P708","R","20061001","X"
"5LT06","5P709","R","20061001","X"
"5LT07","5P712","R","20061001","X"
"5LT08","5P710","R","20061001","X"
"5LT09","5P711","R","20061001","X"
"5LT12","5P704","R","20061001","X"
"5LT13","5P705","R","20061001","X"
"5LT14","5P751","R","20061001","X"
"5LT15","5P752","R","20061001","X"
"5LT16","5P753","R","20061001","X"
"5LT17","5P754","R","20061001","X"
"5LT50","5P713","R","20061001","X"
"5LTCW","5P714","R","20061001","X"
"5LTEJ","5P715","R","20061001","X"
"5LTEL","5P716","R","20061001","X"
"5LV","5PD","R","20061001","X"
"5LV01","5PD24","R","20061001","X"
"5LV02","5PD03","R","20061001","X"
"5LV03","5PD04","R","20061001","X"
"5LV04","5PD05","R","20061001","X"
"5LV05","5PD02","R","20061001","X"
"5LV06","5PD18","R","20061001","X"
"5LV07","5PD19","R","20061001","X"
"5LV08","5PD20","R","20061001","X"
"5LV09","5PD21","R","20061001","X"
"5LV10","5PD22","R","20061001","X"
"5LV11","5PD23","R","20061001","X"
"5LV12","5PD19","R","20061001","X"
"5LV13","5PD25","R","20061001","X"
"5LV14","5PD18","R","20061001","X"
"5LV15","5PD27","R","20061001","X"
"5LV16","5PD28","R","20061001","X"
"5LV17","5PD29","R","20061001","X"
"5LV18","5PD30","R","20061001","X"
"5LV19","5PD31","R","20061001","X"
"5LV20","5PD32","R","20061001","X"
"5LV21","5PD33","R","20061001","X"
"5LV22","5PD34","R","20061001","X"
"5LV23","5PD35","R","20061001","X"
"5LV24","5PD36","R","20061001","X"
"5LV25","5PD37","R","20061001","X"
"5LV26","5PD38","R","20061001","X"
"5LV27","5PD39","R","20061001","X"
"5LV28","5PD40","R","20061001","X"
"5LW","5PD","R","20061001","X"
"5LW01","5PD09","R","20061001","X"
"5LW02","5PD41","R","20061001","X"
"5LW03","5PD42","R","20061001","X"
"5LW04","5PD43","R","20061001","X"
"5LW05","5PD44","R","20061001","X"
"5LW06","5PD45","R","20061001","X"
"5LW07","5PD46","R","20061001","X"
"5LW08","5PD47","R","20061001","X"
"5LW09","5PD48","R","20061001","X"
"5LW10","5PD49","R","20061001","X"
"5LW11","5PD50","R","20061001","X"
"5LW12","5PD51","R","20061001","X"
"5LW13","5PD52","R","20061001","X"
"5LW14","5PD53","R","20061001","X"
"5LX","5QC","R","20061001","X"
"5LX03","5QCA2","R","20061001","X"
"5LX05","5QCA3","R","20061001","X"
"5LX06","5QCA4","R","20061001","X"
"5LX07","5QCA5","R","20061001","X"
"5LX11","5QCA6","R","20061001","X"
"5LX14","5QCA7","R","20061001","X"
"5LX23","5QCA8","R","20061001","X"
"5LX26","5QCA9","R","20061001","X"
"5LX36","5QCC1","R","20061001","X"
"5LX40","5QCC2","R","20061001","X"
"5LX41","5QCC3","R","20061001","X"
"5LX43","5QCC4","R","20061001","X"
"5LX46","5QCC5","R","20061001","X"
"5LX49","5QCC6","R","20061001","X"
"5LX56","5QCC7","R","20061001","X"
"5LX65","5QCC9","R","20061001","X"
"5LX67","5QCD1","R","20061001","X"
"5LX68","5QCD2","R","20061001","X"
"5LX72","5LXK4","R","20040224","X"
"5LX75","5QCD3","R","20061001","X"
"5LX77","5QCD4","R","20061001","X"
"5LX78","5QCD5","R","20061001","X"
"5LX87","5QCD6","R","20061001","X"
"5LXB9","5QCD8","R","20061001","X"
"5LXC4","5QCD9","R","20061001","X"
"5LXE3","5QCE1","R","20061001","X"
"5LXF3","5LXK5","R","20031008","X"
"5LXH1","5QCE2","R","20061001","X"
"5LXJ5","5QCE6","R","20061001","X"
"5LXK2","5QCE4","R","20061001","X"
"5LXK3","5QCA1","R","20061001","X"
"5LXK7","5QCGN","R","20061001","X"
"5LXK8","5QCGP","R","20061001","X"
"5LY","5QC","R","20061001","X"
"5LY01","5QCT4","R","20061001","X"
"5LY02","5QCV5","R","20061001","X"
"5LY03","5QCP8","R","20061001","X"
"5LY04","5QCT3","R","20061001","X"
"5LY05","5QCP1","R","20061001","X"
"5LY06","5QCP4","R","20061001","X"
"5LY07","5QCP6","R","20061001","X"
"5LY08","5QCQ1","R","20061001","X"
"5LY09","5QCR4","R","20061001","X"
"5LY10","5QCR6","R","20061001","X"
"5LY11","5QCR8","R","20061001","X"
"5LY12","5QCP2","R","20061001","X"
"5LY13","5QCP5","R","20061001","X"
"5LY14","5QCP7","R","20061001","X"
"5LY15","5QCQ4","R","20061001","X"
"5LY16","5QCR7","R","20061001","X"
"5LY17","5QCT1","R","20061001","X"
"5LY18","5QCR9","R","20061001","X"
"5LY19","5QCT7","R","20061001","X"
"5LY20","5QCV9","R","20061001","X"
"5LY21","5QCT5","R","20061001","X"
"5LY22","5QCT8","R","20061001","X"
"5LY23","5QCP9","R","20061001","X"
"5LY24","5QCQ7","R","20061001","X"
"5LY25","5QCW1","R","20061001","X"
"5LY29","5QCGH","R","20061001","X"
"5LY30","5QCGK","R","20061001","X"
"5LY31","5QCGL","R","20061001","X"
"5M5","5NJ","R","20061001","X"
"5M501","5NJ08","R","20061001","X"
"5M502","5NJ09","R","20061001","X"
"5M504","5NJ17","R","20061001","X"
"5M505","5NJ28","R","20061001","X"
"5M506","5NJ18","R","20061001","X"
"5M519","5NJ19","R","20061001","X"
"5M525","5NJ20","R","20061001","X"
"5M526","5NJ21","R","20061001","X"
"5M527","5NJ22","R","20061001","X"
"5M528","5NJ23","R","20061001","X"
"5M539","5NJ24","R","20061001","X"
"5M541","5NJ16","R","20061001","X"
"5M5HQ","5NJHQ","R","20061001","X"
"5M9","5PM","R","20061001","X"
"5M901","RYG45","O","20061001","X"
"5M902","5PMG2","R","20061001","X"
"5M903","RYG49","O","20061001","X"
"5M903","5PMH4","R","20061001","X"
"5M904","5PMH5","R","20061001","X"
"5M905","5PMF8","R","20061001","X"
"5MA","5P6","R","20061001","X"
"5MA01","5P641","R","20061001","X"
"5MA02","5P642","R","20061001","X"
"5MA03","5P643","R","20061001","X"
"5MA04","5P644","R","20061001","X"
"5MA05","5P645","R","20061001","X"
"5MA06","5P646","R","20061001","X"
"5MA07","5P647","R","20061001","X"
"5MC","5P6","R","20061001","X"
"5MC01","5P648","R","20061001","X"
"5MC02","5P649","R","20061001","X"
"5MC04","5P650","R","20061001","X"
"5MC05","5P651","R","20061001","X"
"5MD03","RYG58","O","20061001",""
"5MD17","RYG54","O","20061001",""
"5MD20","RYG73","O","20061001","X"
"5MD25","RYG56","O","20061001","X"
"5MD25","RYG57","O","20061001",""
"5MD26","RYG61","O","20061001","X"
"5MD30","RYG51","O","20061001",""
"5MD33","RYG66","O","20061001","X"
"5MD42","RYG55","O","20061001",""
"5MD51","RYG63","O","20061001","X"
"5ME","5PJ","R","20061001","X"
"5ME02","5PJ01","R","20061001","X"
"5ME04","5PJ04","R","20061001","X"
"5ME05","5PJ04","R","20061001","X"
"5ME06","5PJ06","R","20061001","X"
"5ME07","5PJ07","R","20061001","X"
"5ME08","5PJ08","R","20061001","X"
"5ME09","5PJ09","R","20061001","X"
"5ME12","5PJ10","R","20061001","X"
"5ME26","5PJ11","R","20061001","X"
"5ME29","5PJ12","R","20061001","X"
"5ME43","5PJ13","R","20061001","X"
"5ME49","5PJ14","R","20061001","X"
"5ME55","5PJ15","R","20061001","X"
"5ME65","5PJ16","R","20061001","X"
"5ME67","5PJ17","R","20061001","X"
"5ME72","5PJ18","R","20061001","X"
"5MF","5PJ","R","20061001","X"
"5MF01","5PJ01","R","20061001","X"
"5MF05","5PJ28","R","20061001","X"
"5MF27","5PJ29","R","20061001","X"
"5MF28","5PJ30","R","20061001","X"
"5MF44","5PJ31","R","20061001","X"
"5MF54","5PJ32","R","20061001","X"
"5MF58","5PJ33","R","20061001","X"
"5MF60","5PJ34","R","20061001","X"
"5MF61","5PJ35","R","20061001","X"
"5MF62","5PJ36","R","20061001","X"
"5MF69","5PJ37","R","20061001","X"
"5MG","5PF","R","20061001","X"
"5MG01","5PF01","R","20061001","X"
"5MG02","5PF02","R","20061001","X"
"5MG03","5PF03","R","20061001","X"
"5MG04","5PF04","R","20061001","X"
"5MG05","5PF05","R","20061001","X"
"5MG06","5PF06","R","20061001","X"
"5MG07","5PF07","R","20061001","X"
"5MG08","5PF08","R","20061001","X"
"5MG09","5PF09","R","20061001","X"
"5MG10","5PF10","R","20061001","X"
"5MG11","5PF11","R","20061001","X"
"5MG12","5PF12","R","20061001","X"
"5MG13","5PF13","R","20061001","X"
"5MG14","5PF14","R","20061001","X"
"5MG15","5PF15","R","20061001","X"
"5MG16","5PF16","R","20061001","X"
"5MG17","5PF17","R","20061001","X"
"5MG18","5PF18","R","20061001","X"
"5MG19","5PF19","R","20061001","X"
"5MG20","5PF20","R","20061001","X"
"5MG21","5PF21","R","20061001","X"
"5MG22","5PF22","R","20061001","X"
"5MG23","5PF23","R","20061001","X"
"5MG24","5PF24","R","20061001","X"
"5MG25","5PF25","R","20061001","X"
"5MH","5PF","R","20061001","X"
"5MH01","5PF01","R","20061001","X"
"5MH02","5PF26","R","20061001","X"
"5MH03","5PF27","R","20061001","X"
"5MH04","5PF28","R","20061001","X"
"5MH05","5PF29","R","20061001","X"
"5MH06","5PF30","R","20061001","X"
"5MH07","5PF31","R","20061001","X"
"5MH08","5PF32","R","20061001","X"
"5MJ","5PF","R","20061001","X"
"5MJ01","5PF01","R","20061001","X"
"5MJ02","5PF33","R","20061001","X"
"5MJ03","5PF34","R","20061001","X"
"5MJ04","5PF06","R","20061001","X"
"5MJ05","5PF36","R","20061001","X"
"5MJ06","5PF37","R","20061001","X"
"5MJ07","5PF38","R","20061001","X"
"5MJ08","5PF39","R","20061001","X"
"5MJ09","5PF40","R","20061001","X"
"5MJ10","5PF41","R","20061001","X"
"5MJ11","5PF42","R","20061001","X"
"5MJ12","5PF43","R","20061001","X"
"5MJ13","5PF44","R","20061001","X"
"5MJ14","5PF45","R","20061001","X"
"5MJ15","5PF46","R","20061001","X"
"5MJ16","5PF47","R","20061001","X"
"5MJ17","5PF48","R","20061001","X"
"5MJ18","5PF49","R","20061001","X"
"5MJ19","5PF50","R","20061001","X"
"5ML","5PK","R","20061001","X"
"5ML01","5PK31","R","20061001","X"
"5ML02","5PK32","R","20061001","X"
"5ML03","5PK33","R","20061001","X"
"5ML04","5PK34","R","20061001","X"
"5ML05","5PK35","R","20061001","X"
"5ML06","5PK36","R","20061001","X"
"5ML07","5PK37","R","20061001","X"
"5ML08","5PK38","R","20061001","X"
"5ML09","5PK39","R","20061001","X"
"5ML10","5PK40","R","20061001","X"
"5ML11","5PK41","R","20061001","X"
"5ML12","5PK42","R","20061001","X"
"5ML13","5PK43","R","20061001","X"
"5ML14","5PK44","R","20061001","X"
"5ML15","5PK45","R","20061001","X"
"5ML16","5PK46","R","20061001","X"
"5ML17","5PK47","R","20061001","X"
"5ML18","5PK48","R","20061001","X"
"5ML19","5PK49","R","20061001","X"
"5ML20","5PK50","R","20061001","X"
"5ML21","5PK51","R","20061001","X"
"5ML60","5PK52","R","20061001","X"
"5ML64","5PK53","R","20061001","X"
"5MM","5PK","R","20061001","X"
"5MM01","5PK54","R","20061001","X"
"5MM02","5PK55","R","20061001","X"
"5MM03","5PK56","R","20061001","X"
"5MM04","5PK57","R","20061001","X"
"5MM05","5PK58","R","20061001","X"
"5MM06","5PK59","R","20061001","X"
"5MM07","5PK60","R","20061001","X"
"5MM08","5PK61","R","20061001","X"
"5MM09","5PK62","R","20061001","X"
"5MM10","5PK63","R","20061001","X"
"5MM32","5PK64","R","20061001","X"
"5MM34","5PK65","R","20061001","X"
"5MM43","5PK54","R","20061001","X"
"5MM73","5PK66","R","20061001","X"
"5MM82","5PK67","R","20061001","X"
"5MM96","5PK68","R","20061001","X"
"5MM98","5PK69","R","20061001","X"
"5MN","5PK","R","20061001","X"
"5MN01","5PK70","R","20061001","X"
"5MN02","5PK71","R","20061001","X"
"5MN03","5PK72","R","20061001","X"
"5MN05","5PK74","R","20061001","X"
"5MN06","5PK75","R","20061001","X"
"5MN07","5PK76","R","20061001","X"
"5MN08","5PK77","R","20061001","X"
"5MN09","5PK78","R","20061001","X"
"5MN10","5PK79","R","20061001","X"
"5MN11","5PK80","R","20061001","X"
"5MN12","5PK81","R","20061001","X"
"5MN18","5PK82","R","20061001","X"
"5MN19","5PK83","R","20061001","X"
"5MN21","5PK84","R","20061001","X"
"5MN30","5PK85","R","20061001","X"
"5MN31","5PK86","R","20061001","X"
"5MN37","5PK87","R","20061001","X"
"5MN39","5PK88","R","20061001","X"
"5MN63","5PK89","R","20061001","X"
"5MN67","5PK90","R","20061001","X"
"5MN68","5PK73","R","20061001","X"
"5MP","5PM","R","20061001","X"
"5MP01","5PM68","R","20061001","X"
"5MP02","5PM72","R","20061001","X"
"5MP02","RYG12","O","20061001",""
"5MP03","RYG28","O","20061001","X"
"5MP03","5PM80","R","20061001","X"
"5MP04","RYG96","O","20061001",""
"5MP04","5PM81","R","20061001","X"
"5MP05","5PM70","R","20061001","X"
"5MP06","5PM71","R","20061001","X"
"5MP06","RYG02","O","20061001",""
"5MP07","RYG07","O","20061001","X"
"5MP07","5PMD2","R","20061001","X"
"5MP08","5PM77","R","20061001","X"
"5MP09","5PM76","R","20061001","X"
"5MP09","RYG30","O","20061001","X"
"5MP10","5PM89","R","20061001","X"
"5MP11","5PM90","R","20061001","X"
"5MP11","RYG23","O","20061001","X"
"5MP12","5PM97","R","20061001","X"
"5MP12","RYG18","O","20061001",""
"5MP13","5PMA4","R","20061001","X"
"5MP14","5PMD5","R","20061001","X"
"5MP14","RYG12","O","20061001",""
"5MP15","5PMC8","R","20061001","X"
"5MP16","5PMC9","R","20061001","X"
"5MP16","RYG06","O","20061001","X"
"5MP17","5PME7","R","20061001","X"
"5MP18","5PMF5","R","20061001","X"
"5MP19","5PMG7","R","20061001","X"
"5MP20","5PMG9","R","20061001","X"
"5MP20","RYG21","O","20061001","X"
"5MP21","RYG03","O","20061001",""
"5MP21","5PMA8","R","20061001","X"
"5MP22","5PMJ6","R","20061001","X"
"5MP23","5PMJ8","R","20061001","X"
"5MP23","RYG24","O","20061001",""
"5MP24","5PM06","R","20061001","X"
"5MP25","5PM91","R","20061001","X"
"5MP26","5PM20","R","20061001","X"
"5MP26","RYG34","O","20061001",""
"5MP27","RYG35","O","20061001",""
"5MP27","5PM50","R","20061001","X"
"5MP28","RYG08","O","20061001","X"
"5MP28","5PMD3","R","20061001","X"
"5MP29","5PM29","R","20061001","X"
"5MP30","5PMC6","R","20061001","X"
"5MP31","RYG45","O","20061001","X"
"5MP31","5PME2","R","20061001","X"
"5MP32","RYG94","O","20061001","X"
"5MP32","5PM61","R","20061001","X"
"5MP33","5PM15","R","20061001","X"
"5MP34","RYG97","O","20061001","X"
"5MP34","5PMD6","R","20061001","X"
"5MP35","5PM13","R","20061001","X"
"5MP35","RYG36","O","20061001",""
"5MP36","5PM45","R","20061001","X"
"5MP37","5PM19","R","20061001","X"
"5MP38","RYG19","O","20061001","X"
"5MP38","5PMG4","R","20061001","X"
"5MP39","5PM17","R","20061001","X"
"5MP40","5PMH6","R","20061001","X"
"5MP40","RYG31","O","20061001",""
"5MP41","RYG29","O","20061001",""
"5MP41","5PMH8","R","20061001","X"
"5MP42","5PM41","R","20061001","X"
"5MP43","RYG46","O","20061001",""
"5MP43","5PM23","R","20061001","X"
"5MP44","RYG50","O","20061001",""
"5MP44","5PMJ2","R","20061001","X"
"5MP45","5PM08","R","20061001","X"
"5MP46","5PM12","R","20061001","X"
"5MP47","5PMJ4","R","20061001","X"
"5MP48","5PM92","R","20061001","X"
"5MP48","RYG12","O","20061001",""
"5MP49","5PM35","R","20061001","X"
"5MP49","RYG44","O","20061001",""
"5MP50","5PMA9","R","20061001","X"
"5MP50","RYG37","O","20061001","X"
"5MP51","5PMC4","R","20061001","X"
"5MP51","RYG05","O","20061001",""
"5MP52","5PMD7","R","20061001","X"
"5MP52","RYG12","O","20061001",""
"5MP53","5PMF1","R","20061001","X"
"5MP54","5PME1","R","20061001","X"
"5MP54","RYG16","O","20061001",""
"5MP55","5PM21","R","20061001","X"
"5MP56","RYG12","O","20061001",""
"5MP56","5PMG8","R","20061001","X"
"5MP57","5PMD9","R","20061001","X"
"5MP57","RYG01","O","20061001","X"
"5MP58","5PME8","R","20061001","X"
"5MP58","RYG14","O","20061001",""
"5MP59","RYG48","O","20061001","X"
"5MP59","5PMA7","R","20061001","X"
"5MP60","RYG42","O","20061001",""
"5MP60","5PMH9","R","20061001","X"
"5MP61","5PMF3","R","20061001","X"
"5MP62","5PM67","R","20061001","X"
"5MP64","5PM56","R","20061001","X"
"5MP65","5PMJ9","R","20061001","X"
"5MP66","RYG95","O","20061001","X"
"5MP66","5PM62","R","20061001","X"
"5MP67","5PM49","R","20061001","X"
"5MP67","RYG25","O","20061001",""
"5MP68","RYG98","O","20061001","X"
"5MP68","5PM58","R","20061001","X"
"5MP69","5PM03","R","20061001","X"
"5MP69","RYG20","O","20061001",""
"5MP70","5PM47","R","20061001","X"
"5MP70","RYG11","O","20061001","X"
"5MP71","5PM25","R","20061001","X"
"5MP71","RYG10","O","20061001","X"
"5MP72","5PM22","R","20061001","X"
"5MP72","RYG09","O","20061001","X"
"5MP73","RYG99","O","20061001","X"
"5MP73","5PM54","R","20061001","X"
"5MP74","RYGA1","O","20061001","X"
"5MP74","5PM57","R","20061001","X"
"5MP75","RYGA2","O","20061001","X"
"5MP75","5PM59","R","20061001","X"
"5MP76","5PM55","R","20061001","X"
"5MP77","5PM16","R","20061001","X"
"5MP77","RYG15","O","20061001","X"
"5MP78","5PM28","R","20061001","X"
"5MP79","5PM02","R","20061001","X"
"5MP79","RYG22","O","20061001","X"
"5MP80","5PM37","R","20061001","X"
"5MP80","RYG17","O","20061001","X"
"5MP81","5PM07","R","20061001","X"
"5MP81","RYG04","O","20061001","X"
"5MP82","5PMG1","R","20061001","X"
"5MP83","5PM30","R","20061001","X"
"5MP84","RYG40","O","20061001","X"
"5MP84","5PMD1","R","20061001","X"
"5MP85","5PM96","R","20061001","X"
"5MP86","5PMD8","R","20061001","X"
"5MP87","5PM93","R","20061001","X"
"5MP87","RYG33","O","20061001",""
"5MP88","5PMA6","R","20061001","X"
"5MP89","5PM39","R","20061001","X"
"5MP90","5PM51","R","20061001","X"
"5MP91","5PM38","R","20061001","X"
"5MP92","5PM78","R","20061001","X"
"5MP93","5PM48","R","20061001","X"
"5MP94","5PM24","R","20061001","X"
"5MP95","5PM04","R","20061001","X"
"5MP96","5PM31","R","20061001","X"
"5MP97","5PM18","R","20061001","X"
"5MP98","5PM05","R","20061001","X"
"5MP99","5PM53","R","20061001","X"
"5MPA0","5PMA2","R","20061001","X"
"5MPA1","5PM42","R","20061001","X"
"5MPA2","5PM11","R","20061001","X"
"5MPA2","RYG27","O","20061001","X"
"5MPA3","5PM46","R","20061001","X"
"5MPA3","RYG38","O","20061001",""
"5MPA4","5PMF2","R","20061001","X"
"5MPA5","5PM75","R","20061001","X"
"5MPA6","RYG26","O","20061001","X"
"5MPA6","5PM73","R","20061001","X"
"5MPA7","RYG32","O","20061001","X"
"5MPA7","5PM85","R","20061001","X"
"5MPA8","5PMA3","R","20061001","X"
"5MPA9","5PM14","R","20061001","X"
"5MPC1","RYG43","O","20061001","X"
"5MPC1","5PMD4","R","20061001","X"
"5MPC2","5PMC2","R","20061001","X"
"5MPC3","5PME6","R","20061001","X"
"5MPC4","5PMJ7","R","20061001","X"
"5MPC5","RYG47","O","20061001","X"
"5MPC5","5PM95","R","20061001","X"
"5MPC7","RYG26","O","20061001","X"
"5MPC8","5PME4","R","20061001","X"
"5MPC9","5PME9","R","20061001","X"
"5MQ","5PM","R","20061001","X"
"5MQ02","5PMK1","R","20061001","X"
"5MQ02","RYG92","O","20061001",""
"5MQ03","5PMH2","R","20061001","X"
"5MQ04","5PMA1","R","20061001","X"
"5MQ05","5PM74","R","20061001","X"
"5MQ06","5PM87","R","20061001","X"
"5MQ07","5PMA5","R","20061001","X"
"5MQ08","RYG88","O","20061001","X"
"5MQ08","5PMF6","R","20061001","X"
"5MQ09","5PM65","R","20061001","X"
"5MQ11","5PM44","R","20061001","X"
"5MQ12","5PMC3","R","20061001","X"
"5MQ13","5PM40","R","20061001","X"
"5MQ14","5PM36","R","20061001","X"
"5MQ15","5PM63","R","20061001","X"
"5MQ16","5PMJ1","R","20061001","X"
"5MQ17","5PM52","R","20061001","X"
"5MQ18","5PM10","R","20061001","X"
"5MQ19","5PMK2","R","20061001","X"
"5MQ19","RYG81","O","20061001",""
"5MQ20","5PM26","R","20061001","X"
"5MQ21","5PM84","R","20061001","X"
"5MQ22","5PM43","R","20061001","X"
"5MQ23","5PM09","R","20061001","X"
"5MQ24","5PM32","R","20061001","X"
"5MQ24","RYG84","O","20061001","X"
"5MQ25","RYG83","O","20061001",""
"5MQ25","5PM69","R","20061001","X"
"5MQ26","5PM98","R","20061001","X"
"5MQ27","5PMC1","R","20061001","X"
"5MQ28","5PM01","R","20061001","X"
"5MQ29","5PMF4","R","20061001","X"
"5MQ30","5PMG6","R","20061001","X"
"5MQ30","RYG79","O","20061001",""
"5MQ33","RYG76","O","20061001",""
"5MQ33","5PME3","R","20061001","X"
"5MQ37","5PM34","R","20061001","X"
"5MQ38","5PMK3","R","20061001","X"
"5MQ38","RYG82","O","20061001",""
"5MQ39","5PM86","R","20061001","X"
"5MQ40","5PM88","R","20061001","X"
"5MQ41","5PME5","R","20061001","X"
"5MQ41","RYG77","O","20061001","X"
"5MQ42","5PMJ3","R","20061001","X"
"5MQ52","5PM33","R","20061001","X"
"5MQ54","RYG91","O","20061001","X"
"5MQ54","5PMH1","R","20061001","X"
"5MQ55","5PM99","R","20061001","X"
"5MQ60","5PMC7","R","20061001","X"
"5MQ61","5PM66","R","20061001","X"
"5MQ62","5PMC5","R","20061001","X"
"5MQ63","5PMH3","R","20061001","X"
"5MQ64","5PMJ5","R","20061001","X"
"5MQ64","RYG80","O","20061001",""
"5MQ65","RYG89","O","20061001","X"
"5MQ65","5PMF9","R","20061001","X"
"5MQ66","5PM60","R","20061001","X"
"5MQ68","5PMG5","R","20061001","X"
"5MQ68","RYG78","O","20061001",""
"5MQ69","5PM27","R","20061001","X"
"5MQ70","5PMH7","R","20061001","X"
"5MQ70","RYG85","O","20061001",""
"5MQ73","5PM79","R","20061001","X"
"5MQ75","5PM94","R","20061001","X"
"5MQ76","5PM82","R","20061001","X"
"5MQ77","5PM83","R","20061001","X"
"5MQ77","RYG74","O","20061001",""
"5MQ79","5PMG3","R","20061001","X"
"5MQ86","5PM64","R","20061001","X"
"5MR","5PL","R","20061001","X"
"5MR01","5PL52","R","20061001","X"
"5MR02","5PL02","R","20061001","X"
"5MR03","5PL62","R","20061001","X"
"5MR04","5PL95","R","20061001","X"
"5MR05","5PL16","R","20061001","X"
"5MR06","5PL19","R","20061001","X"
"5MR07","5PL20","R","20061001","X"
"5MR09","5PL26","R","20061001","X"
"5MR11","5PL29","R","20061001","X"
"5MR13","5PL61","R","20061001","X"
"5MR14","5PL69","R","20061001","X"
"5MR15","5PL79","R","20061001","X"
"5MR16","5PL39","R","20061001","X"
"5MR17","5PL87","R","20061001","X"
"5MR18","5PL88","R","20061001","X"
"5MR19","5PL48","R","20061001","X"
"5MT","5PL","R","20061001","X"
"5MT01","5PLHQ","R","20061001","X"
"5MT02","5PL01","R","20061001","X"
"5MT03","5PL05","R","20061001","X"
"5MT04","5PL04","R","20061001","X"
"5MT05","5PL14","R","20061001","X"
"5MT06","5PL18","R","20061001","X"
"5MT07","5PL12","R","20061001","X"
"5MT08","5PL15","R","20061001","X"
"5MT09","5PL13","R","20061001","X"
"5MT10","5PL23","R","20061001","X"
"5MT11","5PL67","R","20061001","X"
"5MT12","5PL17","R","20061001","X"
"5MT13","5PL30","R","20061001","X"
"5MT15","5PL28","R","20061001","X"
"5MT16","5PL68","R","20061001","X"
"5MT17","5PL63","R","20061001","X"
"5MT18","5PL66","R","20061001","X"
"5MT19","5PL55","R","20061001","X"
"5MT20","5PL03","R","20061001","X"
"5MT21","5PL64","R","20061001","X"
"5MT23","5PL53","R","20061001","X"
"5MT24","5PL80","R","20061001","X"
"5MT25","5PL54","R","20061001","X"
"5MT26","5PL65","R","20061001","X"
"5MT27","5PL31","R","20061001","X"
"5MT28","5PL02","R","20061001","X"
"5MT29","5PL81","R","20061001","X"
"5MT30","5PL89","R","20061001","X"
"5MT31","5PL90","R","20061001","X"
"5MW","5PG","R","20061001","X"
"5MW01","5PGR4","R","20061001","X"
"5MW02","5PGM5","R","20061001","X"
"5MW20","5PG20","R","20061001","X"
"5MW28","5PG28","R","20061001","X"
"5MW35","5PG35","R","20061001","X"
"5MW43","5PG43","R","20061001","X"
"5MW67","5PG67","R","20061001","X"
"5MW68","5PG68","R","20061001","X"
"5MWA3","5PGA3","R","20061001","X"
"5MWA5","5PGA5","R","20061001","X"
"5MWD5","5PGD5","R","20061001","X"
"5MWE4","5PGE4","R","20061001","X"
"5MWG3","5PGG3","R","20061001","X"
"5MWJ4","5PGJ4","R","20061001","X"
"5MWK3","5PGK3","R","20061001","X"
"5MWM3","5PGM3","R","20061001","X"
"5MY","5PG","R","20061001","X"
"5MY01","5PGR2","R","20061001","X"
"5MY02","5PG02","R","20061001","X"
"5MY03","5PGK2","R","20061001","X"
"5MY04","5PGD0","R","20061001","X"
"5MY05","5PGY7","R","20061001","X"
"5MY06","5PGM6","R","20061001","X"
"5MY07","5PGX9","R","20061001","X"
"5MY08","5PGW9","R","20061001","X"
"5MY19","5PG19","R","20061001","X"
"5MY30","5PG30","R","20061001","X"
"5MY32","5PG32","R","20061001","X"
"5MY55","5PG55","R","20061001","X"
"5MY63","5PG63","R","20061001","X"
"5MY64","5PG64","R","20061001","X"
"5MY66","5PG66","R","20061001","X"
"5MY72","5PG72","R","20061001","X"
"5MY73","5PG73","R","20061001","X"
"5MY76","5PG76","R","20061001","X"
"5MYB8","5PGY5","R","20061001","X"
"5MYC3","5PGC3","R","20061001","X"
"5MYC4","5PGC4","R","20061001","X"
"5MYC8","5PGC8","R","20061001","X"
"5MYC9","5PGC9","R","20061001","X"
"5MYD1","5PGD1","R","20061001","X"
"5MYE2","5PGE2","R","20061001","X"
"5MYE8","5PGE8","R","20061001","X"
"5MYE9","5PGE9","R","20061001","X"
"5MYF5","5PGF5","R","20061001","X"
"5MYH1","5PGH1","R","20061001","X"
"5MYJ3","5PGJ3","R","20061001","X"
"5MYK5","5PGK5","R","20061001","X"
"5MYK6","5PGK6","R","20061001","X"
"5MYM1","5PGM1","R","20061001","X"
"5N4S3","5N4L3","R","20061003","X"
"5P3","5QV","R","20100401","X"
"5P3G0","5QV93","R","20100401","X"
"5P3G1","5QVC1","R","20100401","X"
"5P3G2","5QV89","R","20100401","X"
"5P3G4","5QVC1","R","20100401","X"
"5P3G5","5QV91","R","20100401","X"
"5P3G6","5QV92","R","20100401","X"
"5P3G7","5QV93","R","20100401","X"
"5P3H0","5QVA3","R","20100401","X"
"5P3H2","5QV95","R","20100401","X"
"5P3H3","5QV96","R","20100401","X"
"5P3H4","5QV97","R","20100401","X"
"5P3H5","5QV98","R","20100401","X"
"5P3H6","5QV99","R","20100401","X"
"5P3H7","5QVA1","R","20100401","X"
"5P3H8","5QVA2","R","20100401","X"
"5P3H9","5QVA3","R","20100401","X"
"5P3HA","5QVA4","R","20100401","X"
"5P3HC","5QVA5","R","20100401","X"
"5P3HD","5QVA6","R","20100401","X"
"5P3HE","5QVC8","R","20100401","X"
"5P3JA","5QVC1","R","20100401","X"
"5P3JJ","5QVC8","R","20100401","X"
"5P3K1","5QVD2","R","20100401","X"
"5P3K3","5QVD2","R","20100401","X"
"5P3K4","5QVD4","R","20100401","X"
"5P3K5","5QVD4","R","20100401","X"
"5P3K7","5QVD5","R","20100401","X"
"5P3K8","5QVD6","R","20100401","X"
"5P3K9","5QVD7","R","20100401","X"
"5P3KA","5QVD8","R","20100401","X"
"5P3KC","5QVD9","R","20100401","X"
"5P3KD","5QVE1","R","20100401","X"
"5P3KE","5QVE3","R","20100401","X"
"5P3KF","5QVE3","R","20100401","X"
"5P3KG","5QVE4","R","20100401","X"
"5P3KH","5QVE5","R","20100401","X"
"5P3KJ","5QVE6","R","20100401","X"
"5P3KK","5QVE7","R","20100401","X"
"5P3KL","5QVF1","R","20100401","X"
"5P3KN","5QVF1","R","20100401","X"
"5P3KP","5QVF2","R","20100401","X"
"5P3KQ","5QVF3","R","20100401","X"
"5P3KR","5QVF4","R","20100401","X"
"5P3KT","5QVF5","R","20100401","X"
"5P3KW","5QVF7","R","20100401","X"
"5P4","5QV","R","20100401","X"
"5P401","5QV01","R","20100401","X"
"5P402","5QV02","R","20100401","X"
"5P403","5QV03","R","20100401","X"
"5P4P0","5QV10","R","20100401","X"
"5P4P1","5QV05","R","20100401","X"
"5P4P2","5QV06","R","20100401","X"
"5P4P3","5QV07","R","20100401","X"
"5P4P4","5QV08","R","20100401","X"
"5P4P5","5QV09","R","20100401","X"
"5P4P7","5QV10","R","20100401","X"
"5P4P8","5QV11","R","20100401","X"
"5P4P9","5QV12","R","20100401","X"
"5P4V0","5QV13","R","20100401","X"
"5P4V1","5QV14","R","20100401","X"
"5P4V2","5QV15","R","20100401","X"
"5P4V4","5QV57","R","20100401","X"
"5P4V5","5QV17","R","20100401","X"
"5P4V6","5QV18","R","20100401","X"
"5P4V7","5QV19","R","20100401","X"
"5P4V8","5QV20","R","20100401","X"
"5P4VA","5QV22","R","20100401","X"
"5P4VC","5QV23","R","20100401","X"
"5P4VD","5QV24","R","20100401","X"
"5P4VF","5QV26","R","20100401","X"
"5P4VG","5QVF8","R","20100401","X"
"5P4VH","5QV28","R","20100401","X"
"5P4VJ","5QV29","R","20100401","X"
"5P4VK","5QV30","R","20100401","X"
"5P4VL","5QV31","R","20100401","X"
"5P4VM","5QV32","R","20100401","X"
"5P4W0","5QV33","R","20100401","X"
"5P4W1","5QV34","R","20100401","X"
"5P4W2","5QV35","R","20100401","X"
"5P4W3","5QV36","R","20100401","X"
"5P4W4","5QV37","R","20100401","X"
"5P4W5","5QV38","R","20100401","X"
"5P4W6","5QV39","R","20100401","X"
"5P4W7","5QV40","R","20100401","X"
"5P4W8","5QV41","R","20100401","X"
"5P4WD","5QV42","R","20100401","X"
"5P4WE","5QV43","R","20100401","X"
"5P4WF","5QV44","R","20100401","X"
"5P4WG","5QV45","R","20100401","X"
"5P4WH","5QV46","R","20100401","X"
"5P4WJ","5QV47","R","20100401","X"
"5P4WK","5QV48","R","20100401","X"
"5P4WL","5QV49","R","20100401","X"
"5P4WM","5QV50","R","20100401","X"
"5P4WN","5QV51","R","20100401","X"
"5P4X1","5QV53","R","20100401","X"
"5P4X3","5QV55","R","20100401","X"
"5P4X4","5QV56","R","20100401","X"
"5P4X7","5QV58","R","20100401","X"
"5P4X8","5QV59","R","20100401","X"
"5P4XD","5QV61","R","20100401","X"
"5P4XE","5QV62","R","20100401","X"
"5P4XF","5QV63","R","20100401","X"
"5P4XH","5QV64","R","20100401","X"
"5P4XJ","5QV65","R","20100401","X"
"5P4XK","5QV66","R","20100401","X"
"5P4XL","5QV67","R","20100401","X"
"5P4XM","5QV68","R","20100401","X"
"5P4XN","5QV69","R","20100401","X"
"5P4XP","5QV70","R","20100401","X"
"5P4XQ","5QV71","R","20100401","X"
"5P4XR","5QV72","R","20100401","X"
"5P4XT","5QV73","R","20100401","X"
"5P4XV","5QV74","R","20100401","X"
"5P4XW","5QV75","R","20100401","X"
"5P4XX","5QV76","R","20100401","X"
"5P4XY","5QV77","R","20100401","X"
"5P4Y1","5QV78","R","20100401","X"
"5P4Y2","5QV79","R","20100401","X"
"5P4Y3","5QV80","R","20100401","X"
"5P4Y4","5QV81","R","20100401","X"
"5P4Y5","5QV82","R","20100401","X"
"5P4Y6","5QV83","R","20100401","X"
"5P4Y7","5QV84","R","20100401","X"
"5P4Y8","5QV85","R","20100401","X"
"5P4Y9","5QV86","R","20100401","X"
"5PW18","5PW75","R","20080204","X"
"5PW19","5PW76","R","20080204","X"
"5QH","R1J","O","20130401","X"
"60190","60335","R","19980401","X"
"60310","60335","R","19980401","X"
"60330","60335","R","19980401","X"
"610","625","R","20090401",""
"610","626","R","20090401",""
"610","611","R","20090401",""
"61150","64180","R","20051001","X"
"61160","64180","R","20051001","X"
"612","916","R","20200401",""
"63010","63170","R","19990401","X"
"6A1","7A6","O","20091001",""
"6A2","7A1","O","20091001",""
"6A3","7A2","O","20091001",""
"6A4","7A2","O","20091001",""
"6A5","7A3","O","20091001",""
"6A6","7A3","O","20091001",""
"6A7","7A1","O","20091001",""
"6A8","7A4","O","20091001",""
"6A9","7A5","O","20091001",""
"6B1","7A1","O","20091001",""
"6B2","7A6","O","20091001",""
"6B3","7A3","O","20091001",""
"6B4","7A1","O","20091001",""
"6B5","7A1","O","20091001",""
"6B6","7A4","O","20091001",""
"6B7","7A2","O","20091001",""
"6B8","7A5","O","20091001",""
"6B9","7A6","O","20091001",""
"6C1","7A1","O","20091001",""
"6C2","7A6","O","20091001",""
"6C3","7A6","O","20091001",""
"6C4","7A7","O","20091001",""
"6C401","6C408","R","20051001","F"
"6C402","6C408","R","20051001","F"
"6C403","6C407","R","20051001","F"
"6C404","7A704","O","20091001",""
"6C405","6C407","R","20051001","F"
"6C407","7A707","O","20091001","X"
"6C408","7A708","O","20091001","X"
"6C419","7A719","O","20091001","X"
"6C41B","7A71B","O","20091001","X"
"6C41N","7A71N","O","20091001",""
"6C42A","7A72A","O","20091001",""
"6C42C","7A72C","O","20091001","X"
"6C42D","7A72D","O","20091001",""
"6C42E","7A72E","O","20091001","X"
"6C42F","7A72F","O","20091001","X"
"6C42G","7A72G","O","20091001",""
"6C42J","7A72J","O","20091001",""
"6C42L","7A72L","O","20091001","X"
"6C42M","7A72M","O","20091001",""
"6C42Q","7A72Q","O","20091001",""
"6C42R","7A72R","O","20091001",""
"6C42T","7A72T","O","20091001",""
"6C42U","7A72U","O","20091001","X"
"6C42X","7A72X","O","20091001","X"
"6C42Z","7A72Z","O","20091001",""
"6C432","7A732","O","20091001",""
"6C433","7A733","O","20091001",""
"6C435","7A735","O","20091001",""
"6C436","7A736","O","20091001",""
"6C437","7A737","O","20091001",""
"6C439","7A739","O","20091001",""
"6C43A","7A73A","O","20091001",""
"6C43C","7A73C","O","20091001",""
"6C43D","7A73D","O","20091001",""
"6C43E","7A73E","O","20091001",""
"6C43F","7A73F","O","20091001",""
"6C43G","7A73G","O","20091001","X"
"6C43H","7A73H","O","20091001",""
"6C43J","7A73J","O","20091001","X"
"6C43K","7A73K","O","20091001",""
"6C43N","7A73N","O","20091001",""
"6C43P","7A73P","O","20091001","X"
"6C43Q","7A73Q","O","20091001","X"
"6C43R","7A73R","O","20091001",""
"6C43S","7A73S","O","20091001","X"
"6C444","7A744","O","20091001",""
"6C445","7A745","O","20091001","X"
"6C446","7A746","O","20091001",""
"6C448","7A748","O","20091001","X"
"6C44L","7A74L","O","20091001",""
"6C44M","7A74M","O","20091001",""
"6C44N","7A74N","O","20091001",""
"6C44Q","7A74Q","O","20091001",""
"6C45P","7A75P","O","20091001",""
"6C45R","7A75R","O","20091001",""
"6C45Y","7A75Y","O","20091001",""
"6C47L","7A77L","O","20091001",""
"6C48L","7A78L","O","20091001","X"
"6C4BN","7A7BN","O","20091001",""
"6C4BP","7A7BP","O","20091001",""
"6C4BQ","7A7BQ","O","20091001",""
"6C4BR","7A7BR","O","20091001",""
"6C4BS","7A7BS","O","20091001",""
"6C4BT","7A7BT","O","20091001",""
"6C4BU","7A7BU","O","20091001","X"
"6C4EG","7A7EG","O","20091001",""
"6C4EH","7A7EH","O","20091001",""
"6C4EJ","7A7EJ","O","20091001",""
"6C4GG","7A7GG","O","20091001","X"
"6C4GH","7A7GH","O","20091001","X"
"6C4GJ","7A7GJ","O","20091001",""
"6C4GK","7A7GK","O","20091001","X"
"6C4KJ","7A7KJ","O","20091001",""
"6C4KT","7A7KT","O","20091001",""
"6C4Q3","7A7Q3","O","20091001",""
"739","905","R","20230401",""
"810","738","R","20190401",""
"811","738","R","20190401",""
"8A033","NT112","O","20031001",""
"8A069","NTY01","O","20031001","F"
"8A110","NT440","O","20031001",""
"8A193","NTY02","O","20031001","X"
"8A263","NMQ03","O","20151001",""
"8A305","NTY03","O","20031001","X"
"8A331","NTY04","O","20031001","X"
"8A333","AY7","O","20170301",""
"8A334","NTY05","O","20031001","X"
"8A338","NT317","O","20031001",""
"8A347","NTY06","O","20031001","X"
"8A360","NT432","O","20031001","X"
"8A366","NTY07","O","20031001","X"
"8A387","NTY08","O","20031001","X"
"8A393","NTY09","O","20031001","X"
"8A436","NT208","O","20031001","X"
"8A455","NTY10","O","20031001","X"
"8A462","NT318","O","20031001",""
"8A517","NT423","O","20031001",""
"8A537","DC9","O","20160401",""
"8A549","NT316","O","20031001",""
"8A567","NT315","O","20031001",""
"8A581","NT416","O","20031001",""
"8A582","NTY11","O","20031001","X"
"8A595","NTY12","O","20031001","X"
"8A614","NT405","O","20031001",""
"8A625","NTY13","O","20031001","X"
"8A643","NTY14","O","20031001","X"
"8A646","NT411","O","20031001",""
"8A672","NTG01","O","20050401","X"
"8A695","NTY15","O","20031001","X"
"8A710","NTY16","O","20031001","X"
"8A711","NTY30","O","20031001","X"
"8A712","NTY17","O","20031001","X"
"8A713","NTY18","O","20031001","X"
"8A714","NTY19","O","20031001","X"
"8A715","NTY20","O","20031001","X"
"8A730","NTY21","O","20031001","X"
"8A732","NTY22","O","20031001","X"
"8A745","NTY23","O","20031001","F"
"8A768","NTY24","O","20031001","X"
"8A802","NTG02","O","20050401",""
"8A805","NTY25","O","20031001","X"
"8A842","NT313","O","20031001",""
"8A859","NT204","O","20031001",""
"8A860","NT319","O","20031001",""
"8A872","DL0","O","20180401",""
"8A876","NT422","O","20031001",""
"8A877","NTY26","O","20031001","X"
"8A878","NT421","O","20031001",""
"8A885","NTY27","O","20031001","F"
"8A886","NT228","O","20031001","X"
"8A898","NTY28","O","20031001","X"
"8A917","NT314","O","20031001",""
"8A926","NTY29","O","20031001","X"
"8A928","NTG03","O","20050401",""
"8AC19","AM0","O","20170401",""
"8AD80","NTY31","O","20031001","X"
"8AE69","NT135","O","20031001",""
"8AG12","NTY32","O","20031001","X"
"8AG13","NTY33","O","20031001","X"
"8AG53","NT104","O","20031001",""
"8AH09","8E985","R","19970401","X"
"8AK04","NT424","O","20031001",""
"8AK54","NT1","O","20031001",""
"8AK76","NTY34","O","20031001","X"
"8AK89","NTY35","O","20031001","X"
"8AM43","NT237","O","20031001",""
"8AN33","NTY36","O","20031001","X"
"8AN80","NT229","O","20031001",""
"8AN83","APX02","O","20150401",""
"8AP04","NT221","O","20031001","X"
"8AP25","NT331","O","20031001","F"
"8AP49","NTY37","O","20031001","F"
"8AP89","NTY38","O","20031001","X"
"8AQ06","NT243","O","20031001","X"
"8AQ15","NTY39","O","20031001","F"
"8AQ36","NTY40","O","20031001","X"
"8AQ70","NT217","O","20031001","X"
"8AT33","NT328","O","20031001","F"
"8AT54","NT220","O","20031001","X"
"8AV09","NTG04","O","20050401",""
"8AV41","NT330","O","20031001","F"
"8AV56","NT332","O","20031001",""
"8AW19","NT407","O","20031001","X"
"8AW66","NT213","O","20031001",""
"8AX49","NT226","O","20031001",""
"8AX51","NTY41","O","20031001","X"
"8AX68","NT322","O","20031001",""
"8AY29","NT427","O","20031001",""
"8C002","NTY42","O","20031001","F"
"8C008","NTY43","O","20031001","X"
"8C010","DLD","O","20190311",""
"8C019","NTY44","O","20031001","X"
"8C037","NTY45","O","20031001","X"
"8C122","NT215","O","20031001",""
"8C249","NTY46","O","20031001","X"
"8C252","NT233","O","20031001",""
"8C437","NTY48","O","20031001","X"
"8C515","NT238","O","20031001",""
"8C522","NT219","O","20031001",""
"8C537","NT301","O","20031001",""
"8C538","NT412","O","20031001",""
"8C579","NT235","O","20031001",""
"8C632","NT230","O","20031001",""
"8C639","NTYF0","O","20050401","X"
"8C658","NTY49","O","20031001","X"
"8C744","NT320","O","20031001",""
"8C766","NT242","O","20031001",""
"8C787","NT102","O","20031001",""
"8C805","NT429","O","20031001",""
"8C808","NT201","O","20031001","X"
"8C814","NTY51","O","20031001","F"
"8C910","NTY52","O","20031001","X"
"8C930","NT321","O","20031001",""
"8C971","NT224","O","20031001",""
"8C980","NT110","O","20031001","X"
"8CA05","NTY53","O","20031001","F"
"8CA07","NT437","O","20031001",""
"8CA24","NT409","O","20031001",""
"8CA25","NTY54","O","20031001","X"
"8CA49","8G094","R","19990401","X"
"8CA79","8G094","R","19990401","X"
"8CA84","NT106","O","20031001","X"
"8CD51","NT413","O","20031001","X"
"8CD52","NTYW6","O","20050401","F"
"8CE36","NTY55","O","20031001","F"
"8CE81","NT205","O","20031001",""
"8CF84","NT311","O","20031001","F"
"8CF86","NT408","O","20031001",""
"8CG09","NXF","O","20100201",""
"8CG37","NTY56","O","20031001","X"
"8CG66","NT310","O","20031001","X"
"8CG68","NT438","O","20031001","X"
"8CG69","NT414","O","20031001","X"
"8CG70","NT239","O","20031001",""
"8CG71","NTY57","O","20031001",""
"8CG73","NT312","O","20031001",""
"8CG95","NTY58","O","20031001","X"
"8CH21","NTY59","O","20031001","X"
"8CH81","NTG05","O","20050401",""
"8CJ02","NT131","O","20031001","X"
"8CJ04","NT406","O","20031001",""
"8CJ06","NTY60","O","20031001","X"
"8CJ40","NTY61","O","20031001","X"
"8CJ72","NTY62","O","20031001","X"
"8CJ73","NTY63","O","20031001","X"
"8CK13","NTY64","O","20031001","F"
"8CK24","NTY65","O","20031001","X"
"8CK50","NTY66","O","20031001","X"
"8CK53","NTY67","O","20031001","X"
"8CK55","NT241","O","20031001",""
"8CK58","NTY68","O","20031001","F"
"8CK65","NTY69","O","20031001","X"
"8CK94","NTY70","O","20031001","X"
"8CL27","NTN17","O","20070401",""
"8CL29","NT308","O","20031001",""
"8CL38","NTY71","O","20031001","X"
"8CL51","NTY72","O","20031001","X"
"8CL65","NT234","O","20031001","X"
"8CL66","NTY73","O","20031001","X"
"8CL81","NTY74","O","20031001","X"
"8CM59","NT212","O","20031001",""
"8CN05","NT218","O","20031001",""
"8CN58","NTY75","O","20031001","X"
"8CQ04","8EA83","R","19970401","X"
"8CQ48","NT202","O","20031001",""
"8CQ51","NT443","O","20031001",""
"8CR22","NT305","O","20031001",""
"8CR70","NTY77","O","20031001","F"
"8CR71","NTY78","O","20031001","X"
"8CR73","NT304","O","20031001",""
"8CR75","8G623","R","20010124",""
"8CR76","NT433","O","20031001",""
"8CR77","NT214","O","20031001",""
"8CR83","8G670","R","20010301",""
"8CR98","NT418","O","20031001",""
"8CT17","NT307","O","20031001","F"
"8CT34","NTY79","O","20031001","X"
"8CT54","NT430","O","20031001",""
"8CV18","NTY80","O","20031001","X"
"8CV37","NT236","O","20031001","X"
"8CV42","NTYH8","O","20070401","X"
"8CV45","NT428","O","20031001",""
"8CV51","NTY81","O","20031001","X"
"8CV62","NTY82","O","20031001","X"
"8CV80","NT306","O","20031001","F"
"8CV91","NTY83","O","20031001","X"
"8CW14","NT410","O","20031001",""
"8CW20","NT426","O","20031001","X"
"8CW56","NTY84","O","20031001","X"
"8CW74","NTY85","O","20031001","X"
"8CW75","NTY86","O","20031001","X"
"8CW77","NTY87","O","20031001","X"
"8CX05","NTY88","O","20031001","X"
"8CX22","NTY89","O","20031001","X"
"8CX27","NT232","O","20031001","F"
"8CX76","NT302","O","20031001",""
"8CX79","NT206","O","20031001",""
"8CY51","NTY90","O","20031001","X"
"8D173","8G587","R","20001212","X"
"8D232","8GC96","R","20020610","X"
"8D246","8GC89","R","20020612","X"
"8D250","NTG","O","20050401",""
"8D341","8GE11","R","20020911","X"
"8D433","APX03","O","20150401",""
"8D465","NTY91","O","20031001","X"
"8D606","NTYE1","O","20031001","X"
"8D642","DTY","O","20180401",""
"8DA07","NT425","O","20031001","X"
"8DA84","NT210","O","20031001",""
"8DC15","NTY93","O","20031001","X"
"8DC17","NTY94","O","20031001","X"
"8DC71","NT323","O","20031001","F"
"8DC74","NTY95","O","20031001","X"
"8DC92","8E798","R","20031114","X"
"8DD07","NT324","O","20031001",""
"8DD24","NT117","O","20031001",""
"8DD31","NTY96","O","20031001","X"
"8DD42","NTY97","O","20031001","X"
"8DD59","8E798","R","20031114","X"
"8DE10","NTY98","O","20031001","F"
"8DF61","NT325","O","20031001",""
"8DF71","NTY99","O","20031001","X"
"8DF99","NTYA0","O","20031001","X"
"8DG69","NTYA1","O","20031001","X"
"8DG76","NT401","O","20031001",""
"8DH24","NT326","O","20031001","F"
"8DH28","NTYA2","O","20031001","X"
"8DH80","NTF01","O","20050401",""
"8DH84","NT403","O","20031001",""
"8DJ54","NTYA3","O","20031001","X"
"8DJ72","NTYA4","O","20031001","X"
"8DK02","NT404","O","20031001",""
"8DK56","NT420","O","20031001",""
"8DL62","NMQ04","O","20151001",""
"8DL77","NT327","O","20031001",""
"8DL96","NTYA5","O","20031001","X"
"8DM17","NTYA6","O","20031001","X"
"8DM32","NTYA7","O","20031001","F"
"8DM68","NT223","O","20031001","X"
"8DM85","NTYA8","O","20031001","X"
"8DN49","NTYA9","O","20031001","X"
"8DP58","8WF32","R","20010212",""
"8DR29","8GD97","R","20020926",""
"8DT43","8WF46","R","20020601","X"
"8DV73","NT105","O","20031001","X"
"8DW60","NTYC0","O","20031001","X"
"8DW61","8AN58","R","20021212",""
"8DX01","NTYC1","O","20031001","X"
"8DX61","NTYC2","O","20031001","X"
"8E143","8FW91","R","19980401","X"
"8E144","NTQ01","O","20060401",""
"8E211","8WE50","R","19970401","X"
"8E269","8WF32","R","20010212",""
"8E418","NT115","O","20031001","X"
"8E422","NT136","O","20031001","X"
"8E424","NT135","O","20031001",""
"8EA87","8FE34","R","19980401","X"
"8EE59","8GD08","R","20020615",""
"8EG15","NTYC3","O","20031001","X"
"8EG51","8EY43","R","19970401","X"
"8EG54","NT419","O","20031001",""
"8EJ74","8G072","R","19990401","X"
"8EJ97","8JG94","R","20160901",""
"8EP03","8FE34","R","19980401","X"
"8ER41","AM4","O","20160401",""
"8EV90","NTYC4","O","20031001","X"
"8F349","NTYC5","O","20031001","X"
"8F619","NTYC6","O","20031001","X"
"8F926","NT231","O","20031001","X"
"8F936","NTYC7","O","20031001","X"
"8FA97","NTYC8","O","20031001","X"
"8FE32","8G670","R","20010301",""
"8FF04","8G623","R","20010124",""
"8FF58","NTYC9","O","20031001","F"
"8FJ12","NTYD0","O","20031001","X"
"8FJ47","8G874","R","20010815","X"
"8FL57","8WF29","R","20001018",""
"8FM58","NT137","O","20031001","X"
"8FM58","NT140","O","20031001","X"
"8FM87","NT309","O","20031001","X"
"8FN89","NDC","O","20120201",""
"8FP78","NTYD2","O","20031001","X"
"8FR61","NT335","O","20031001","X"
"8FV10","NT222","O","20031001",""
"8FV29","NTQ07","O","20060401",""
"8FX18","8WF57","R","20031024",""
"8G186","NT216","O","20031001",""
"8G329","NTYD3","O","20031001","X"
"8G492","NTG07","O","20050401",""
"8G536","NTYD4","O","20031001","X"
"8G647","NT136","O","20031001","X"
"8G648","NT134","O","20031001","X"
"8G649","NT101","O","20031001",""
"8G844","NTYE0","O","20031001","F"
"8G986","NTQ","O","20060401",""
"8G989","NTM","O","20051201",""
"8GD70","NT211","O","20031001",""
"8GD96","NTYD5","O","20031001","F"
"8GE05","NT225","O","20031001",""
"8GE95","NTYD6","O","20031001","X"
"8GG80","NTYD7","O","20031001","X"
"8GG90","NTYD8","O","20031001","X"
"8GH19","NTYD9","O","20031001","X"
"8GH63","AYV","O","20160901",""
"8GJ29","NT122","O","20031001","X"
"8GJ30","NT128","O","20031001",""
"8GJ31","NT103","O","20031001","X"
"8GJ33","NT125","O","20031001","X"
"8GJ34","NT113","O","20031001","X"
"8GJ35","NT114","O","20031001","X"
"8GJ36","NT105","O","20031001","X"
"8GJ37","NT107","O","20031001","X"
"8GJ39","NT108","O","20031001",""
"8GJ40","NT109","O","20031001",""
"8GJ41","NT111","O","20031001",""
"8GJ42","NT123","O","20031001",""
"8GJ43","NT133","O","20031001","X"
"8GJ44","NT115","O","20031001","X"
"8GJ45","NT118","O","20031001",""
"8GJ46","NT139","O","20031001","X"
"8GJ47","NT116","O","20031001","X"
"8GJ48","NT119","O","20031001",""
"8GJ49","NT120","O","20031001","X"
"8GJ50","NT121","O","20031001","X"
"8GJ51","NT124","O","20031001","X"
"8GJ52","NT126","O","20031001",""
"8GJ53","NT127","O","20031001","X"
"8GJ54","NT138","O","20031001","X"
"8GJ55","NT129","O","20031001","X"
"8GJ56","NT130","O","20031001",""
"8GJ57","NT132","O","20031001","X"
"8GJ59","NT134","O","20031001","X"
"8GJ81","NTN16","O","20060201",""
"8GP79","NMQ02","O","20151001","X"
"8GV52","NTYE9","O","20050701","X"
"8GV95","NTL","O","20051001",""
"8GW80","YGM10","O","20120201","F"
"8GW86","8HL08","R","20080624",""
"8GW96","NTYF4","O","20060401","X"
"8GX32","5HR01","O","20051118","F"
"8GX64","NT832","O","20051207","X"
"8GX80","YGM45","O","20061001",""
"8GY38","YGM65","O","20081001",""
"8HA95","YGM67","O","20090401",""
"8HC59","YGM68","O","20090401",""
"8HD66","8WG81","R","20160331",""
"8HD72","YGM46","O","20061001",""
"8HD88","NVT","O","20080401",""
"8HG61","YGMAE","O","20130401",""
"8HG89","NCL","O","20190507",""
"8HH18","GEV","O","20201208",""
"8HH27","NVM","O","20120301",""
"8HJ75","YGM69","O","20090401",""
"8HJ96","YGM70","O","20090401",""
"8HJ98","T1520","O","20160401",""
"8HK85","YGM71","O","20090401",""
"8HL38","AM5","O","20170401",""
"8HN33","NPP","O","20100401",""
"8HN48","AJ6","O","20181001",""
"8HQ18","ARG","O","20150401",""
"8HR41","AM6","O","20170401",""
"8HR61","DLA","O","20190401",""
"8HR97","AM7","O","20161213",""
"8HT03","AM8","O","20170401",""
"8HT29","NLS","O","20160331",""
"8HT69","APX01","O","20150401","X"
"8HT70","NQ556","O","20141001",""
"8HV02","DXK","O","20191201",""
"8HV16","NQ557","O","20141001",""
"8HV20","NQ559","O","20141001",""
"8HV57","AKR","O","20161209",""
"8HV88","AMA","O","20160901",""
"8HW06","DNE","O","20190401",""
"8HW40","AYY","O","20170401",""
"8HW63","AM4","O","20160401",""
"8HW71","AMC01","O","20160401",""
"8HX03","NQ558","O","20141001",""
"8HX24","AME","O","20160401",""
"8HX40","DWA","O","20190311",""
"8HX43","AMC02","O","20160401",""
"8HX49","DV3","O","20181002",""
"8HX54","DA0","O","20160824",""
"8HX68","NKI","O","20170401",""
"8HY89","AMJ","O","20160401",""
"8J148","NEH","O","20150401",""
"8J615","DA2","O","20160722",""
"8J632","DRL","O","20180401",""
"8J734","DA3","O","20170312",""
"8J761","DA4","O","20160901",""
"8J802","DA6","O","20170401",""
"8JC02","DV7","O","20190730",""
"8JD01","AD7","O","20191201",""
"8JD24","DH8","O","20170401",""
"8JE93","T1520","O","20160401",""
"8JK45","DGE","O","20170401",""
"8JK46","DGC","O","20170401",""
"8JK48","DGA","O","20190528",""
"8JL30","DTK","O","20181001",""
"8K421","U7R1J","O","20230818",""
"8KA45","X8S6J","O","20210401",""
"8WA03","NTYW1","O","20031001","X"
"8WC39","NTYW2","O","20041001","X"
"8WC55","NTYW5","O","20041001","X"
"8WD14","NT3W1","O","20031001","X"
"8WD68","NTYW4","O","20041001","F"
"8WE24","NT4W1","O","20031001",""
"8WE94","8G871","R","20010814",""
"8WF55","NT1W1","O","20031001",""
"8WF69","NTYW3","O","20041001","X"
"8WF93","8HR57","R","20110519",""
"8WG77","AJE03","O","20180626",""
"99D","71E","R","20200401",""
"99H","92A","R","20200401",""
"99J","91Q","R","20200401",""
"99K","97R","R","20200401",""
"99M","D4U1Y","R","20210401",""
"99N","92G","R","20200401",""
"99P","15N","R","20190401",""
"99Q","15N","R","20190401",""
"A0135","A3046","R","19940401","F"
"A0136","A3217","R","19940401","F"
"A0229","A3238","R","19940401","F"
"A0230","A3239","R","19940401","F"
"A0231","A3240","R","19940401","F"
"A0232","A3241","R","19940401","F"
"A0356","A3267","R","19940401","F"
"A0357","A3268","R","19940401","F"
"A0358","A3269","R","19940401","F"
"A0359","A3270","R","19940401","F"
"A0360","A3271","R","19940401","F"
"A0362","A3273","R","19940401","F"
"A0363","A3274","R","19940401","F"
"A0444","A3425","R","19940401","F"
"A0530","P2830","R","19940401","F"
"A0531","P2831","R","19940401","F"
"A0921","A3024","R","19920401","F"
"A0922","A3025","R","19920401","F"
"A0923","A3026","R","19920401","F"
"A1025","A3140","R","19930401","F"
"A1026","A3141","R","19930401","F"
"A1027","A3142","R","19930401","F"
"A1028","A3143","R","19930401","F"
"A1029","A3144","R","19930401","F"
"A1030","A3145","R","19930401","F"
"A1145","8AK71","O","19960401","X"
"A1147","8AK73","O","19960401",""
"A1148","8AK74","O","19960401",""
"A1149","8AK75","O","19960401",""
"A1150","8AK76","O","19960401","F"
"A1151","8AK77","O","19960401","X"
"A1152","8AK78","O","19960401",""
"A1153","8AK79","O","19960401",""
"A1154","8AK80","O","19960401",""
"A1155","8CY48","O","19960401",""
"A1228","A3313","R","19940401","F"
"A1229","A3314","R","19940401","F"
"A1230","A3315","R","19940401","F"
"A1337","A3514","R","19940601","F"
"A1338","A3515","R","19940601","F"
"A1339","A3516","R","19940601","F"
"A1340","A3517","R","19940601","F"
"A1341","A3518","R","19940601","F"
"A1342","A3519","R","19940601","F"
"A1343","A3520","R","19940601","F"
"A1344","A3521","R","19940601","F"
"A1345","A3522","R","19940601","F"
"A1346","A3523","R","19940601","F"
"A1347","A3524","R","19940601","F"
"A1348","A3525","R","19940601","F"
"A1349","A3526","R","19940601","X"
"A1350","A3527","R","19940601","F"
"A1351","A3528","R","19940601","F"
"A1352","A3529","R","19940601","F"
"A1353","A3530","R","19940601","F"
"A1354","A3531","R","19940601","F"
"A1416","A3535","R","19940601","F"
"A1417","A3536","R","19940601","F"
"A1418","A3537","R","19940601","F"
"A1419","A3538","R","19940601","F"
"A1653","8AL05","O","19960401",""
"A1654","8AL06","O","19960401",""
"A1655","8AL07","O","19960401","X"
"A1656","8AL08","O","19960401",""
"A1657","8AL09","O","19960401","X"
"A1658","8AL10","O","19960401",""
"A1659","8AL11","O","19960401",""
"A1660","8AL12","O","19960401",""
"A1662","8AL14","O","19960401",""
"A1663","8AL15","O","19960401",""
"A1664","8AL16","O","19960401",""
"A1665","8AL17","O","19960401",""
"A1666","8D853","O","19960401","X"
"A1667","8EA21","O","19960401",""
"A1668","8EA22","O","19960401",""
"A1669","8EA23","O","19960401",""
"A1670","8EA24","O","19960401",""
"A30","QDE","O","19960401","F"
"A3001","8AL18","O","19960401","X"
"A3002","8AL19","O","19960401","X"
"A3003","8AL20","O","19960401",""
"A3004","8AL21","O","19960401",""
"A3005","8AL22","O","19960401",""
"A3006","8AL23","O","19960401","X"
"A3007","8AL24","O","19960401",""
"A3008","8AL25","O","19960401",""
"A3009","8AL26","O","19960401",""
"A3010","8AL27","O","19960401",""
"A3012","8AL28","O","19960401",""
"A3013","8AL29","O","19960401",""
"A3014","8AL30","O","19960401",""
"A3015","8AL31","O","19960401",""
"A3016","8AL32","O","19960401",""
"A3017","8AL33","O","19960401",""
"A3018","8AL34","O","19960401","X"
"A3019","8AL35","O","19960401","X"
"A3020","8AL36","O","19960401",""
"A3021","8AL37","O","19960401",""
"A3022","8AL38","O","19960401","X"
"A3023","8AL39","O","19960401",""
"A3024","8AL40","O","19960401",""
"A3025","8AL41","O","19960401","X"
"A3026","8AL42","O","19960401","X"
"A3027","8AL43","O","19960401",""
"A3028","8AL44","O","19960401",""
"A3029","8AL45","O","19960401","X"
"A3030","8AL46","O","19960401",""
"A3031","8AL47","O","19960401",""
"A3032","8AL48","O","19960401",""
"A3033","8AL49","O","19960401",""
"A3034","8AL50","O","19960401",""
"A3035","8AL51","O","19960401","X"
"A3036","8AL52","O","19960401","X"
"A3037","8AL53","O","19960401",""
"A3038","8AL54","O","19960401","X"
"A3039","8AL55","O","19960401",""
"A3040","8AL56","O","19960401",""
"A3041","8AL57","O","19960401","X"
"A3042","8AL58","O","19960401",""
"A3044","8AL60","O","19960401",""
"A3045","8AL61","O","19960401",""
"A3046","8AL62","O","19960401",""
"A3047","8AL63","O","19960401",""
"A3048","8AL64","O","19960401",""
"A3049","8AL65","O","19960401",""
"A3050","8AL66","O","19960401",""
"A3051","8AL67","O","19960401","X"
"A3052","8AL68","O","19960401",""
"A3053","8AL69","O","19960401","X"
"A3054","8E287","O","19960401",""
"A3055","8E286","O","19960401",""
"A3056","8E781","O","19960401","X"
"A3057","8E782","O","19960401",""
"A3058","8E289","O","19960401",""
"A31","QDE","O","19960401","F"
"A3101","8AL70","O","19960401","X"
"A3102","8AL71","O","19960401",""
"A3103","8AL72","O","19960401",""
"A3104","8AL73","O","19960401","X"
"A3105","8AL74","O","19960401","X"
"A3106","8AL75","O","19960401","X"
"A3108","8AL77","O","19960401",""
"A3109","8AL78","O","19960401",""
"A3110","8AL79","O","19960401",""
"A3111","8AL80","O","19960401",""
"A3112","8AL81","O","19960401",""
"A3113","8AL82","O","19960401",""
"A3114","8AL83","O","19960401","X"
"A3115","8AL84","O","19960401","X"
"A3116","8AL85","O","19960401",""
"A3117","8AL86","O","19960401","X"
"A3118","8AL87","O","19960401",""
"A3119","8AL88","O","19960401",""
"A3120","8AL89","O","19960401","X"
"A3121","8AL90","O","19960401",""
"A3122","8AL91","O","19960401",""
"A3123","8AL92","O","19960401","X"
"A3124","8AL93","O","19960401",""
"A3125","8AL94","O","19960401","X"
"A3126","8AL95","O","19960401",""
"A3127","8AL96","O","19960401","X"
"A3128","8AL97","O","19960401",""
"A3129","8AL98","O","19960401",""
"A3130","8AL99","O","19960401",""
"A3132","8AM02","O","19960401",""
"A3133","8AM03","O","19960401",""
"A3134","8AM04","O","19960401","X"
"A3135","8AM05","O","19960401","X"
"A3136","8AM06","O","19960401",""
"A3137","8AM07","O","19960401","X"
"A3138","8AM08","O","19960401",""
"A3139","8AM09","O","19960401",""
"A3140","8AM10","O","19960401",""
"A3141","8AM11","O","19960401",""
"A3142","8AM12","O","19960401",""
"A3143","8AM13","O","19960401",""
"A3144","8AM14","O","19960401",""
"A3145","8AM15","O","19960401",""
"A3146","8AM16","O","19960401",""
"A3147","8AM17","O","19960401","X"
"A3148","8AM18","O","19960401",""
"A3149","8AM19","O","19960401","X"
"A3150","8AM20","O","19960401",""
"A3151","8AM21","O","19960401","X"
"A3152","8AM22","O","19960401",""
"A3153","8AM23","O","19960401",""
"A3154","8AM24","O","19960401",""
"A3155","8AM25","O","19960401",""
"A3156","8D480","O","19960401","X"
"A3157","8DA91","O","19960401",""
"A3158","8D479","O","19960401","X"
"A3159","8D807","O","19960401",""
"A3160","8D808","O","19960401","X"
"A3161","8D809","O","19960401",""
"A3162","8D810","O","19960401","X"
"A3163","8D811","O","19960401",""
"A32","QDP","O","19960401","F"
"A3201","8AM26","O","19960401",""
"A3202","8AM27","O","19960401",""
"A3203","8AM28","O","19960401",""
"A3204","8AM29","O","19960401",""
"A3205","8AM30","O","19960401",""
"A3206","8AM31","O","19960401",""
"A3207","8AM32","O","19960401",""
"A3208","8AM33","O","19960401",""
"A3209","8AM34","O","19960401","X"
"A3210","8AM35","O","19960401",""
"A3211","8AM36","O","19960401",""
"A3212","8AM37","O","19960401","X"
"A3213","8AM38","O","19960401",""
"A3214","8AM39","O","19960401",""
"A3215","8AM40","O","19960401",""
"A3216","8AM41","O","19960401","X"
"A3217","8AM42","O","19960401","X"
"A3218","8AM43","O","19960401","F"
"A3219","8AM44","O","19960401","X"
"A3220","8AM45","O","19960401",""
"A3221","8AM46","O","19960401","X"
"A3222","8AM47","O","19960401",""
"A3223","8AM48","O","19960401",""
"A3224","8AM49","O","19960401",""
"A3225","8AM50","O","19960401",""
"A3227","8AM52","O","19960401","X"
"A3228","8AM53","O","19960401",""
"A3229","8AM54","O","19960401",""
"A3230","8AM55","O","19960401","X"
"A3231","8AM56","O","19960401","X"
"A3232","8AM57","O","19960401",""
"A3233","8AM58","O","19960401",""
"A3234","8AM59","O","19960401",""
"A3235","8AM60","O","19960401",""
"A3236","8AM61","O","19960401","X"
"A3237","8AM62","O","19960401",""
"A3238","8AM63","O","19960401",""
"A3239","8AM64","O","19960401","X"
"A3240","8AM65","O","19960401",""
"A3241","8AM66","O","19960401",""
"A3242","8AM67","O","19960401",""
"A3243","8AM68","O","19960401",""
"A3244","8AM69","O","19960401",""
"A3245","8AM70","O","19960401","X"
"A3246","8AM71","O","19960401",""
"A3247","8AM72","O","19960401","X"
"A3248","8AM73","O","19960401",""
"A3250","8AM75","O","19960401",""
"A3251","8AM76","O","19960401",""
"A3252","8AM77","O","19960401",""
"A3253","8AM78","O","19960401",""
"A3254","8AM79","O","19960401",""
"A3255","8AM80","O","19960401",""
"A3256","8AM81","O","19960401",""
"A3257","8AM82","O","19960401","X"
"A3258","8AM83","O","19960401",""
"A3259","8AM84","O","19960401",""
"A3260","8AM85","O","19960401",""
"A3261","8AM86","O","19960401",""
"A3262","8AM87","O","19960401",""
"A3263","8AM88","O","19960401",""
"A3264","8AM89","O","19960401",""
"A3265","8AM90","O","19960401",""
"A3266","8AM91","O","19960401",""
"A3267","8AM92","O","19960401",""
"A3268","8AM93","O","19960401",""
"A3269","8AM94","O","19960401","X"
"A3270","8AM95","O","19960401",""
"A3271","8AM96","O","19960401",""
"A3272","8AM97","O","19960401",""
"A3273","8AM98","O","19960401",""
"A3274","8AM99","O","19960401",""
"A3275","8AN01","O","19960401",""
"A3276","8AN02","O","19960401",""
"A3277","8AN03","O","19960401",""
"A3278","8AN04","O","19960401",""
"A3279","8AN05","O","19960401",""
"A3280","8CY57","O","19960401","X"
"A3281","8CY85","O","19960401",""
"A3282","8CY99","O","19960401",""
"A3283","8CG48","O","19960401",""
"A33","QDG","O","19960401","F"
"A3301","8AN06","O","19960401",""
"A3302","8AN07","O","19960401","X"
"A3303","8AN08","O","19960401","X"
"A3304","8AN09","O","19960401",""
"A3305","8AN10","O","19960401","X"
"A3306","8AN11","O","19960401",""
"A3307","8AN12","O","19960401",""
"A3308","8AN13","O","19960401","X"
"A3309","8AN14","O","19960401",""
"A3310","8AN15","O","19960401",""
"A3311","8AN16","O","19960401",""
"A3312","8AN17","O","19960401",""
"A3313","8AN18","O","19960401","X"
"A3314","8AN19","O","19960401",""
"A3315","8AN20","O","19960401","X"
"A3316","8AN21","O","19960401",""
"A3317","8AN22","O","19960401",""
"A3318","8AN23","O","19960401","X"
"A3319","8AN24","O","19960401",""
"A3320","8AN25","O","19960401","X"
"A3321","8AN26","O","19960401","X"
"A3322","8AN27","O","19960401",""
"A3323","8AN28","O","19960401",""
"A3324","8AN29","O","19960401",""
"A3325","8AN30","O","19960401",""
"A3326","8AN31","O","19960401",""
"A3328","8D431","O","19960401","X"
"A3329","8D432","O","19960401",""
"A3330","8D433","O","19960401","F"
"A3331","8D434","O","19960401",""
"A3332","8D435","O","19960401",""
"A3333","8D436","O","19960401",""
"A3334","8D437","O","19960401",""
"A3335","8D438","O","19960401",""
"A34","QDK","O","19960401","F"
"A3401","8AN32","O","19960401",""
"A3402","8AN33","O","19960401","F"
"A3403","8AN34","O","19960401",""
"A3404","8AN35","O","19960401",""
"A3405","8AN36","O","19960401","X"
"A3406","8AN37","O","19960401",""
"A3407","8AN38","O","19960401",""
"A3408","8AN39","O","19960401","X"
"A3409","8AN40","O","19960401",""
"A3410","8AN41","O","19960401",""
"A3411","8AN42","O","19960401","X"
"A3412","8AN43","O","19960401",""
"A3413","8AN44","O","19960401","X"
"A3414","8AN45","O","19960401",""
"A3415","8AN46","O","19960401",""
"A3416","8AN47","O","19960401",""
"A3417","8AN48","O","19960401",""
"A3419","8AN50","O","19960401",""
"A3420","8AN51","O","19960401",""
"A3421","8AN52","O","19960401","X"
"A3422","8AN53","O","19960401",""
"A3423","8AN54","O","19960401",""
"A3424","8AN55","O","19960401",""
"A3425","8AN56","O","19960401",""
"A3426","8DP12","O","19960401",""
"A3427","8C037","O","19960401","F"
"A3428","8C043","O","19960401",""
"A35","QDJ","O","19960401","F"
"A3501","8AN57","O","19960401","X"
"A3502","8AN58","O","19960401",""
"A3503","8AN59","O","19960401","X"
"A3504","8AN60","O","19960401",""
"A3505","8AN61","O","19960401",""
"A3506","8AN62","O","19960401","X"
"A3507","8AN63","O","19960401",""
"A3508","8AN64","O","19960401",""
"A3509","8AN65","O","19960401",""
"A3510","8AN66","O","19960401","X"
"A3511","8AN67","O","19960401",""
"A3512","8AN68","O","19960401",""
"A3513","8AN69","O","19960401",""
"A3514","8AN70","O","19960401",""
"A3515","8AN71","O","19960401",""
"A3516","8AN72","O","19960401",""
"A3517","8AN73","O","19960401",""
"A3518","8AN74","O","19960401",""
"A3519","8AN75","O","19960401",""
"A3520","8AN76","O","19960401",""
"A3521","8AN77","O","19960401","X"
"A3522","8AN78","O","19960401",""
"A3523","8AN79","O","19960401",""
"A3524","8AN80","O","19960401","F"
"A3525","8AN81","O","19960401",""
"A3527","8AN83","O","19960401","F"
"A3528","8AN84","O","19960401","X"
"A3529","8AN85","O","19960401",""
"A3530","8AN86","O","19960401",""
"A3531","8AN87","O","19960401","X"
"A3532","8AN88","O","19960401","X"
"A3533","8AN89","O","19960401","X"
"A3534","8AN90","O","19960401","X"
"A3535","8AN91","O","19960401",""
"A3536","8AN92","O","19960401",""
"A3537","8AN93","O","19960401",""
"A3538","8AN94","O","19960401",""
"A3539","8AN95","O","19960401",""
"A3540","8AN96","O","19960401",""
"A3541","8AN97","O","19960401",""
"A3542","8AN98","O","19960401",""
"A3543","8AN99","O","19960401",""
"A3544","8AP01","O","19960401",""
"A3545","8AP02","O","19960401",""
"A3546","8AP03","O","19960401",""
"A3547","8AY34","O","19960401",""
"A3548","8AY48","O","19960401",""
"A3549","8A090","O","19960401",""
"A3550","8A172","O","19960401",""
"A3551","8CA38","O","19960401",""
"A3552","8CA40","O","19960401",""
"A3553","8CA68","O","19960401",""
"A3554","8CA78","O","19960401",""
"A3555","8CE05","O","19960401",""
"A3556","8EA20","O","19960401",""
"A3557","8CG55","O","19960401","X"
"AA2AA","RLJAA","O","19940401","F"
"AA3AC","RLJAC","O","19940401","X"
"AA3AD","RLJAD","O","19940401","X"
"AA3HG","RLLHG","O","19940401","F"
"AA3KA","RLLKA","O","19940401","F"
"AA3KB","RLLKB","O","19940401","F"
"AA3LN","RLLLN","O","19940401","F"
"AA3LQ","RLLLQ","O","19940401","X"
"AA3LR","RLLLR","O","19940401","F"
"AA3LU","RLLLU","O","19940401","F"
"AA3LV","RLLLV","O","19940401","F"
"AA3TA","RLLTA","O","19940401","F"
"AA3TB","RLLTB","O","19940401","F"
"AA3TC","RLLTC","O","19940401","F"
"AC5","RE4","O","19930401","F"
"AC5AN","RE4AN","O","19930401","F"
"AC5AP","RE4AP","O","19930401","X"
"AC5AQ","RE4AQ","O","19930401","F"
"AC5AR","RE4AR","O","19930401","F"
"AC5AS","RE4AS","O","19930401","F"
"AC5AU","RE4AU","O","19930401","F"
"AC5AV","RE4AV","O","19930401","F"
"AC5AW","RE4AW","O","19930401","F"
"AC5KJ","RE4KJ","O","19930401","F"
"AC5KK","RE4KK","O","19930401","F"
"AC5KL","RE4KL","O","19930401","F"
"AC5KM","RE4KM","O","19930401","F"
"AC5KN","RE4KN","O","19930401","F"
"AC5KP","RE4KP","O","19930401","F"
"AC5TG","RE4TG","O","19930401","F"
"AC5TH","RE4TH","O","19930401","F"
"AC5TJ","RE4TJ","O","19930401","F"
"AC5TK","RE4TK","O","19930401","F"
"AC5TL","RE4TL","O","19930401","F"
"AC5TN","RE4TN","O","19930401","X"
"AC5TP","RE4TP","O","19930401","X"
"AC5TQ","RE4TQ","O","19930401","F"
"AC5TR","RE4TR","O","19930401","X"
"AC5TS","RE4TS","O","19930401","F"
"AC5TT","RE4TT","O","19930401","F"
"AC5TU","RE4TU","O","19930401","X"
"AC5TV","RE4TV","O","19930401","F"
"AC5TW","RE4TW","O","19930401","F"
"AC5TX","RE4TX","O","19930401","F"
"AC5TY","RE4TY","O","19930401","F"
"AC5UA","RE4UA","O","19930401","X"
"AC5UB","RE4UB","O","19930401","X"
"AC5WT","RE4UC","O","19930401","X"
"AC5WU","RE4WU","O","19930401","X"
"AC5WV","RE4WV","O","19930401","X"
"AC5WW","RE4WW","O","19930401","X"
"AC5WX","RE4WX","O","19930401","F"
"AC5WY","RE4WY","O","19930401","F"
"AC5XA","RE4XA","O","19930401","X"
"AC5XB","RE4XB","O","19930401","F"
"AC5XC","RE4XC","O","19930401","X"
"AC5XD","RE4XD","O","19930401","X"
"AC5XE","RE4XE","O","19930401","X"
"AC5XF","RE4XF","O","19930401","X"
"AC5XG","RE4XG","O","19930401","X"
"AC5XT","RE4XT","O","19930401","F"
"AC5XU","RE4XU","O","19930401","X"
"AC5XV","RE4XV","O","19930401","X"
"AC5XW","RE4XW","O","19930401","F"
"AC5XX","RE4XX","O","19930401","F"
"AC5XY","RE4XY","O","19930401","F"
"AC5YE","RE4YE","O","19930401","F"
"ACN01","NPD04","R","20150722",""
"AD1JU","AD4JU","R","19930401","F"
"AD1JV","AD4JV","R","19930401","F"
"AD1QW","AD4QW","R","19930401","F"
"AD1QX","AD4QX","R","19930401","F"
"AD1QY","AD4QY","R","19930401","F"
"AD4","RLF","O","19940401","F"
"AD4BD","RLFBD","O","19940401","F"
"AD4BE","RLFBE","O","19940401","F"
"AD4BF","RLFBF","O","19940401","F"
"AD4BG","RLFBG","O","19940401","F"
"AD4BH","RLFBH","O","19940401","F"
"AD4BJ","RLFBJ","O","19940401","F"
"AD4BK","RLFBK","O","19940401","F"
"AD4BL","RLFBL","O","19940401","X"
"AD4BM","RLFBM","O","19940401","X"
"AD4HL","RLFHL","O","19940401","X"
"AD4HR","RLFHR","O","19940401","X"
"AD4JU","RLFJU","O","19940401","X"
"AD4JV","RLFJV","O","19940401","F"
"AD4KQ","RLFKQ","O","19940401","F"
"AD4KR","RLFKR","O","19940401","F"
"AD4KS","RLFKS","O","19940401","F"
"AD4KT","RLFKT","O","19940401","F"
"AD4QW","RLFQW","O","19940401","F"
"AD4QX","RLFQX","O","19940401","F"
"AD4QY","RLFQY","O","19940401","F"
"AD4UC","RLFUC","O","19940401","F"
"AD4UD","RLFUD","O","19940401","F"
"AD4UE","RLFUE","O","19940401","F"
"AD4UF","RLFUF","O","19940401","F"
"AD4UG","RLFUG","O","19940401","F"
"AD4UH","RLFUH","O","19940401","F"
"AE2JS","RE3JS","O","19930401","F"
"AE2JT","RE3JT","O","19930401","F"
"AG5","RLB","O","19940401","F"
"AG5CH","RLBCH","O","19940401","F"
"AH2JT","AH4JT","R","19930401","F"
"AH3","RLE","O","19940401","F"
"AH3CP","RLECP","O","19940401","F"
"AH3CW","RLECW","O","19940401","F"
"AH4","RLD","O","19940401","F"
"AH4CQ","RLDCQ","O","19940401","F"
"AH4CR","RLDCR","O","19940401","X"
"AH4CS","RLDCS","O","19940401","F"
"AH4CT","RLDCT","O","19940401","F"
"AH4CU","RLDCU","O","19940401","F"
"AH4CV","RLECV","O","19940401","X"
"AH4CX","RLDCX","O","19940401","F"
"AH4CY","RLDCY","O","19940401","F"
"AH4HH","RLDHH","O","19940401","F"
"AH4JH","RLDJH","O","19940401","X"
"AH4JJ","RLDJJ","O","19940401","X"
"AH4JR","RLDJR","O","19940401","X"
"AH4JT","RLDJT","O","19940401","X"
"AH4LG","RLDLG","O","19940401","X"
"AH4LH","RLDLH","O","19940401","X"
"AH4LJ","RLDLJ","O","19940401","X"
"AH4LK","RLDLK","O","19940401","X"
"AH4LL","RLDLL","O","19940401","X"
"AH4LM","RLDLM","O","19940401","X"
"AH4LP","RLDLP","O","19940401","X"
"AH4LS","RLDLS","O","19940401","X"
"AH4LT","RLDLT","O","19940401","X"
"AH4LW","RLDLW","O","19940401","X"
"AH4UW","RLDUW","O","19940401","X"
"AH4XH","RLDXH","O","19940401","X"
"AH4XJ","RLDXJ","O","19940401","X"
"AH4XK","RLDXK","O","19940401","X"
"AH4XL","RLDXL","O","19940401","X"
"AJ1JR","AH4JR","R","19930401","F"
"AK4","RLP","O","19940401","F"
"AK43A","RLP3A","O","19940401","F"
"AK4CK","RLPCK","O","19940401","F"
"AK4CL","RLPCL","O","19940401","F"
"AK4CM","RLPCM","O","19940401","X"
"AK4CN","RLPCN","O","19940401","F"
"AK4DE","RLPDE","O","19940401","F"
"AK4DF","RLPDF","O","19940401","F"
"AK4JY","RLPJY","O","19940401","F"
"AK4LB","RLPLB","O","19940401","F"
"AK4LC","RLPLC","O","19940401","F"
"AK4LD","RLPLD","O","19940401","F"
"AK4LE","RLPLE","O","19940401","F"
"AK4LF","RLPLF","O","19940401","F"
"AK4LX","RLPLX","O","19940401","F"
"AK4LY","RLPLY","O","19940401","F"
"AK4MA","RLPMA","O","19940401","F"
"AK4MB","RLPMB","O","19940401","F"
"AK4MC","RLPMC","O","19940401","F"
"AK4MD","RLPMD","O","19940401","F"
"AK4ME","RLPME","O","19940401","F"
"AK4MF","RLPMF","O","19940401","F"
"AK4MG","RLPMG","O","19940401","F"
"AK4MH","RLPMH","O","19940401","F"
"AK4MJ","RLPMJ","O","19940401","F"
"AK4MK","RLPMK","O","19940401","F"
"AK4ML","RLPML","O","19940401","F"
"AK4SA","RLPSA","O","19940401","F"
"AK4SB","RLPSB","O","19940401","F"
"AK4SC","RLPSC","O","19940401","F"
"AK4UV","RLPUV","O","19940401","F"
"AK4UX","RLPUX","O","19940401","F"
"AK4UY","RLPUY","O","19940401","F"
"AL5","RE8","O","19930401","F"
"AL5DP","RE8DP","O","19930401","F"
"AL5EF","RE8EF","O","19930401","X"
"AL5EG","RE8EG","O","19930401","X"
"AL5EH","RE8EH","O","19930401","X"
"AL5EJ","RE8EJ","O","19930401","X"
"AL5EK","RE8EK","O","19930401","X"
"AL6","RLK","O","19940401","F"
"AL6DH","RLKDH","O","19940401","F"
"AL6DJ","RLKDJ","O","19940401","F"
"AL6DK","RLKDK","O","19940401","F"
"AL6DL","RLKDL","O","19940401","F"
"AL6DM","RLKDM","O","19940401","F"
"AL6DV","RLKDV","O","19940401","F"
"AL6DX","RLKDX","O","19940401","F"
"AL6ED","RLKED","O","19940401","F"
"AL6MM","AL7MM","R","19930401","F"
"AL6MP","AL7MP","R","19930401","F"
"AL6MQ","AL7MQ","R","19930401","F"
"AL6MR","AL7MR","R","19930401","F"
"AL6MT","AL7MT","R","19930401","F"
"AL6MU","AL7MU","R","19930401","F"
"AL6MV","AL7MV","R","19930401","F"
"AL6NA","AL7NA","R","19930401","F"
"AL6NB","AL7NB","R","19930401","F"
"AL6NC","AL7NC","R","19930401","F"
"AL6ND","AL7ND","R","19930401","F"
"AL6NE","AL7NE","R","19930401","F"
"AL6NF","AL7NF","R","19930401","F"
"AL6NG","AL7NG","R","19930401","F"
"AL6NH","AL7NH","R","19930401","F"
"AL6NJ","AL7NJ","R","19930401","F"
"AL6NK","AL7NK","R","19930401","F"
"AL6NL","AL7NL","R","19930401","F"
"AL6VA","AL7VA","R","19930401","F"
"AL6VD","AL7VD","R","19930401","F"
"AL6VE","AL7VE","R","19930401","F"
"AL6VG","AL7VG","R","19930401","F"
"AL6VH","AL7VH","R","19930401","F"
"AL6XS","AL7XS","R","19930401","F"
"AL6YB","AL7YB","R","19930401","F"
"AL7","RLM","O","19940401","F"
"AL7DU","RLMDU","O","19940401","F"
"AL7DU","RCKDU","O","19940401","F"
"AL7MM","RLMMM","O","19940401","X"
"AL7MP","RLMMP","O","19940401","X"
"AL7MQ","RLMMQ","O","19940401","F"
"AL7MR","RLMMR","O","19940401","F"
"AL7MS","RLMMS","O","19940401","F"
"AL7MT","RLMMT","O","19940401","F"
"AL7MU","RLMMU","O","19940401","X"
"AL7MV","RLMMV","O","19940401","F"
"AL7MW","RLMMW","O","19940401","F"
"AL7MX","RLMMX","O","19940401","F"
"AL7MY","RLMMY","O","19940401","F"
"AL7NA","RLMNA","O","19940401","F"
"AL7NB","RLMNB","O","19940401","F"
"AL7NC","RLMNC","O","19940401","F"
"AL7ND","RLMND","O","19940401","X"
"AL7NE","RLMNE","O","19940401","F"
"AL7NF","RLMNF","O","19940401","F"
"AL7NG","RLMNG","O","19940401","F"
"AL7NH","RLMNH","O","19940401","F"
"AL7NJ","RLMNJ","O","19940401","F"
"AL7NK","RLMNK","O","19940401","F"
"AL7NL","RLMNL","O","19940401","F"
"AL7VA","RLMVA","O","19940401","F"
"AL7VB","RLMVB","O","19940401","X"
"AL7VC","RLMVC","O","19940401","F"
"AL7VD","RLMVD","O","19940401","F"
"AL7VE","RLMVE","O","19940401","F"
"AL7VF","RLMVF","O","19940401","F"
"AL7VG","RLMVG","O","19940401","F"
"AL7VH","RLMVH","O","19940401","X"
"AL7XS","RLMXS","O","19940401","F"
"AL7YB","RLMYB","O","19940401","F"
"AL8","RCK","O","19940401","F"
"AL8DR","RCKDR","O","19940401","F"
"AL8DT","RCKDT","O","19940401","X"
"AL9","RM6","O","19940401","F"
"AL9DQ","RM6DQ","O","19940401","F"
"AL9EL","RM6EL","O","19940401","X"
"AN6YC","AN8YC","R","19930401","F"
"AN7","AN8","R","19930401","X"
"AN7FF","AN8FF","R","19930401","F"
"AN8FC","RNMFC","O","19940401","F"
"AN8FD","RNMFD","O","19940401","F"
"AN8FF","RNMFF","O","19940401","F"
"AN8FM","RNMFM","O","19940401","F"
"AN8NU","RNMNU","O","19940401","F"
"AN8NV","RNMNV","O","19940401","F"
"AN8NW","RNMNW","O","19940401","F"
"AN8NX","RNMNX","O","19940401","F"
"AN8NY","RNMNY","O","19940401","F"
"AN8PA","RNMPA","O","19940401","F"
"AN8PB","RNMPB","O","19940401","F"
"AN8PC","RNMPC","O","19940401","F"
"AN8PD","RNMPD","O","19940401","F"
"AN8PF","RNMPF","O","19940401","F"
"AN8PG","RNMPG","O","19940401","X"
"AN8PJ","RNMPJ","O","19940401","F"
"AN8VU","RNMVU","O","19940401","F"
"AN8VV","RNMVV","O","19940401","F"
"AN8VW","RNMVW","O","19940401","F"
"AN8VX","RNMVX","O","19940401","F"
"AN8VY","RNMVY","O","19940401","F"
"AN8WA","RNMWA","O","19940401","F"
"AN8WB","RNMWB","O","19940401","F"
"AN8WC","RNMWC","O","19940401","F"
"AN8WD","RNMWD","O","19940401","X"
"AN8WE","RNMWE","O","19940401","F"
"AN8WF","RNMWF","O","19940401","F"
"AN8WG","RNMWG","O","19940401","F"
"AN8WH","RNMWH","O","19940401","F"
"AN8WJ","RNMWJ","O","19940401","F"
"AN8WK","RNMWK","O","19940401","F"
"AN8YC","RNMYC","O","19940401","F"
"AR3","RE9","O","19930401","F"
"AR3GA","RE9GA","O","19930401","X"
"AR3GB","RE9GB","O","19930401","X"
"AR3GC","RE9GC","O","19930401","F"
"AR3GD","RE9GD","O","19930401","X"
"AR3GE","RE9GE","O","19930401","X"
"AR3GF","RE9GF","O","19930401","X"
"AR3GG","RE9GG","O","19930401","X"
"AR3PX","RE9PX","O","19930401","X"
"AR3PY","RE9PY","O","19930401","X"
"AR3QA","RE9QA","O","19930401","X"
"AR3QB","RE9QB","O","19930401","X"
"AR3QC","RE9QC","O","19930401","X"
"AR3QD","RE9QD","O","19930401","X"
"AR3WM","RE9WM","O","19930401","X"
"AR3WN","RE9WN","O","19930401","X"
"AR3WP","RE9WP","O","19930401","X"
"AR3WQ","RE9WQ","O","19930401","X"
"AT3JF","AT5JF","R","19930401","F"
"AT3RA","AT5RA","R","19930401","F"
"AT4","RLN","O","19940401","F"
"AT4GH","RLNGH","O","19940401","X"
"AT4GJ","RLNGJ","O","19940401","X"
"AT4GL","RLNGL","O","19940401","X"
"AT4GM","RLNGM","O","19940401","F"
"AT4GN","RLNGN","O","19940401","X"
"AT4GP","RLNGP","O","19940401","X"
"AT5","RLH","O","19940401","F"
"AT5GJ","RLHGJ","O","19940401","X"
"AT5GK","RLHGK","O","19940401","F"
"AT5GQ","RLHGQ","O","19940401","F"
"AT5GR","RLHGR","O","19940401","X"
"AT5GS","RLHGS","O","19940401","F"
"AT5GT","RLHGT","O","19940401","F"
"AT5GU","RLHGU","O","19940401","F"
"AT5GV","RLHGV","O","19940401","X"
"AT5GW","RLHGW","O","19940401","F"
"AT5GY","RLHGY","O","19940401","X"
"AT5HA","RLHHA","O","19940401","F"
"AT5JF","RLHJF","O","19940401","F"
"AT5JX","RLHJX","O","19940401","X"
"AT5QE","RLHQE","O","19940401","X"
"AT5QF","RLHQF","O","19940401","X"
"AT5QG","RLHQG","O","19940401","X"
"AT5QH","RLHQH","O","19940401","X"
"AT5QJ","RLHQJ","O","19940401","X"
"AT5QK","RLHQK","O","19940401","X"
"AT5QL","RLHQL","O","19940401","X"
"AT5QM","RLHQM","O","19940401","X"
"AT5QN","RLHQN","O","19940401","X"
"AT5QP","RLHQP","O","19940401","X"
"AT5QQ","RLHQQ","O","19940401","X"
"AT5QR","RLHQR","O","19940401","X"
"AT5QS","RLHQS","O","19940401","X"
"AT5QT","RLHQT","O","19940401","X"
"AT5QV","RLHQV","O","19940401","X"
"AT5RA","RLHRA","O","19940401","X"
"AT5WR","RLHWR","O","19940401","X"
"AT5WS","RLHWS","O","19940401","F"
"AW13S","8DW72","O","19960401","X"
"AW14A","8AA10","O","19960401","X"
"AW14B","8AA11","O","19960401","X"
"AW14D","8AA13","O","19960401","X"
"AW14E","8DW27","O","19960401","X"
"AW14T","8DW38","O","19960401","X"
"AW14U","8DX51","O","19960401","X"
"AW14V","8DW20","O","19960401",""
"AW14Y","8DX50","O","19960401","X"
"AW16A","8DW19","O","19960401","X"
"AW16R","8AD91","O","19960401",""
"AW1GH","8DW18","O","19960401","X"
"AW1X8","8AA08","O","19960401","X"
"AW1X9","8AA09","O","19960401","X"
"B0001","8DQ10","O","19960401","X"
"B0002","8DT02","O","19960401",""
"B0003","8DT03","O","19960401","X"
"B0004","8DT04","O","19960401","X"
"B0005","8DT05","O","19960401","X"
"B11","QDF","O","19960401","F"
"B111W","8E024","O","19960401","X"
"B111X","8AA42","O","19960401",""
"B111Y","8AA43","O","19960401","X"
"B111Z","8AA44","O","19960401","X"
"B112W","8E025","O","19960401","X"
"B112X","8AA45","O","19960401",""
"B112Y","8AA46","O","19960401",""
"B112Z","8AA47","O","19960401","X"
"B113W","8E026","O","19960401",""
"B113X","8AA48","O","19960401","X"
"B113Y","8AA49","O","19960401","X"
"B113Z","8CM51","O","19960401","X"
"B114W","8E027","O","19960401",""
"B114X","8AA50","O","19960401",""
"B114Y","8AA51","O","19960401",""
"B114Z","8E017","O","19960401","X"
"B115W","8E028","O","19960401","X"
"B115X","8AA52","O","19960401","X"
"B115Y","8AA53","O","19960401",""
"B115Z","8E019","O","19960401","X"
"B116X","8AA54","O","19960401",""
"B116Y","8AA55","O","19960401","X"
"B116Z","8E020","O","19960401","X"
"B117X","8AA56","O","19960401","X"
"B117Y","8AA57","O","19960401",""
"B117Z","8E021","O","19960401",""
"B118X","8AA58","O","19960401",""
"B118Y","8AA59","O","19960401",""
"B118Z","8E022","O","19960401",""
"B119X","8AA60","O","19960401",""
"B119Y","8AA61","O","19960401",""
"B119Z","8E023","O","19960401",""
"B11A1","8AP04","O","19960401","F"
"B11A3","8AP05","O","19960401",""
"B11A4","8AP06","O","19960401",""
"B11A5","8AP07","O","19960401",""
"B11A6","8AP08","O","19960401",""
"B11A7","8AP09","O","19960401",""
"B11A8","8AP10","O","19960401",""
"B11A9","8AP11","O","19960401",""
"B11B1","8AP12","O","19960401",""
"B11B2","8AP13","O","19960401",""
"B11B3","8AP14","O","19960401",""
"B11B4","8AP15","O","19960401",""
"B11B5","8AP16","O","19960401",""
"B11B6","8AP17","O","19960401",""
"B11B7","8AP18","O","19960401",""
"B11B8","8AP19","O","19960401",""
"B11B9","8AP20","O","19960401",""
"B11C1","8AP21","O","19960401",""
"B11E1","8AP22","O","19960401",""
"B11E2","8AP23","O","19960401",""
"B11E3","8AP24","O","19960401",""
"B11E4","8AP25","O","19960401","F"
"B11E5","8AP26","O","19960401",""
"B11E6","8AP27","O","19960401","X"
"B11E7","8AP28","O","19960401",""
"B11E8","8AP29","O","19960401",""
"B11E9","8AP30","O","19960401",""
"B11F1","8AP31","O","19960401","X"
"B11F2","8AP32","O","19960401",""
"B11F3","8AP33","O","19960401",""
"B11F4","8AP34","O","19960401",""
"B11F5","8AP35","O","19960401",""
"B11F6","8AP36","O","19960401",""
"B11F7","8AP37","O","19960401",""
"B11F8","8AP38","O","19960401",""
"B11F9","8AP39","O","19960401",""
"B11G1","8AP40","O","19960401","X"
"B11G2","8AP41","O","19960401",""
"B11G3","8AP42","O","19960401","X"
"B11G4","8AP43","O","19960401","X"
"B11G5","8AP44","O","19960401",""
"B11G6","8AP45","O","19960401","X"
"B11G7","8AP46","O","19960401",""
"B11G8","8AP47","O","19960401",""
"B11G9","8AP48","O","19960401",""
"B11H0","8CQ52","O","19960401","X"
"B11H1","8CQ57","O","19960401","X"
"B11H2","8CR14","O","19960401",""
"B11H3","8C105","O","19960401",""
"B11X1","8AA15","O","19960401",""
"B11X2","8AA16","O","19960401",""
"B11X3","8AA17","O","19960401",""
"B11X4","8AA18","O","19960401",""
"B11X5","8AA19","O","19960401","X"
"B11X6","8AA20","O","19960401",""
"B11X7","8AA21","O","19960401",""
"B11X8","8AA22","O","19960401",""
"B11X9","8AA23","O","19960401",""
"B11Y1","8AA24","O","19960401","X"
"B11Y2","8AA25","O","19960401","X"
"B11Y3","8AA26","O","19960401",""
"B11Y4","8AA27","O","19960401",""
"B11Y5","8AA28","O","19960401",""
"B11Y6","8AA29","O","19960401",""
"B11Y7","8AA30","O","19960401","X"
"B11Y8","8AA31","O","19960401","X"
"B11Y9","8AA32","O","19960401","X"
"B11Z1","8AA33","O","19960401",""
"B11Z2","8AA34","O","19960401",""
"B11Z3","8AA35","O","19960401","X"
"B11Z4","8AA36","O","19960401",""
"B11Z5","8AA37","O","19960401","X"
"B11Z6","8AA38","O","19960401",""
"B11Z7","8AA39","O","19960401",""
"B11Z8","8AA40","O","19960401",""
"B11Z9","8AA41","O","19960401",""
"B12B9","B11B9","R","19930401","F"
"B12C1","B11C1","R","19930401","F"
"B13B7","B11F7","R","19930401","F"
"B13B8","B11F8","R","19930401","F"
"B13B9","B11F9","R","19930401","F"
"B13G1","B11G1","R","19930401","F"
"B13G2","B11G2","R","19930401","F"
"B13G3","B11G3","R","19930401","F"
"B15C4","B16G4","R","19930401","X"
"B15C5","B16G5","R","19930401","F"
"B15C6","B16G6","R","19930401","F"
"B16","QDL","O","19960401","F"
"B16A0","8AP49","O","19960401","F"
"B16A1","8AP50","O","19960401",""
"B16A3","8AP51","O","19960401","X"
"B16A4","8AP52","O","19960401",""
"B16A5","8AP53","O","19960401",""
"B16A6","8AP54","O","19960401",""
"B16A9","8AP55","O","19960401",""
"B16B0","8AP56","O","19960401",""
"B16B1","8AP57","O","19960401",""
"B16B2","8AP58","O","19960401",""
"B16B3","8AP59","O","19960401",""
"B16B4","8AP60","O","19960401",""
"B16B5","8AP61","O","19960401",""
"B16B6","8AP62","O","19960401",""
"B16E1","8AP63","O","19960401",""
"B16E3","8AP64","O","19960401","X"
"B16E4","8AP65","O","19960401",""
"B16E5","8AP66","O","19960401",""
"B16E6","8AP67","O","19960401",""
"B16E7","8AP68","O","19960401","X"
"B16E8","8AP69","O","19960401",""
"B16E9","8AP70","O","19960401","X"
"B16F1","8AP71","O","19960401",""
"B16F2","8AP72","O","19960401",""
"B16F3","8AP73","O","19960401",""
"B16F4","8AP74","O","19960401",""
"B16F5","8AP75","O","19960401",""
"B16F6","8AP76","O","19960401",""
"B16F7","8AP77","O","19960401","X"
"B16F8","8AP78","O","19960401",""
"B16F9","8AP79","O","19960401",""
"B16G1","8AP80","O","19960401",""
"B16G2","8AP81","O","19960401","X"
"B16G3","8AP82","O","19960401",""
"B16G5","8AP84","O","19960401",""
"B16G6","8AP85","O","19960401",""
"B16G7","8AP86","O","19960401",""
"B16G8","8AP87","O","19960401",""
"B16G9","8AP88","O","19960401",""
"B16H0","8D478","O","19960401",""
"B16H1","8C130","O","19960401",""
"B16X1","8AA62","O","19960401","X"
"B16X2","8AA63","O","19960401","X"
"B16X3","8AA64","O","19960401",""
"B16X4","8AA65","O","19960401","X"
"B16X5","8AA66","O","19960401",""
"B16X6","8AA67","O","19960401",""
"B16X7","8AA68","O","19960401",""
"B16X8","8AA69","O","19960401","X"
"B16X9","8AA70","O","19960401","X"
"B16Y1","8AA71","O","19960401",""
"B16Y2","8AA72","O","19960401","X"
"B16Y3","8AA73","O","19960401","X"
"B16Y4","8AA74","O","19960401","X"
"B16Y5","8AA75","O","19960401",""
"B16Y6","8AA76","O","19960401",""
"B16Y7","8AA77","O","19960401",""
"B16Y8","8AA78","O","19960401","X"
"B16Y9","8AA79","O","19960401","X"
"B16Z1","8AA80","O","19960401","X"
"B16Z2","8E030","O","19960401",""
"B21","QDR","O","19960401","F"
"B210E","8AR16","O","19960401",""
"B211X","8AC08","O","19960401","X"
"B211Y","8AC09","O","19960401",""
"B211Z","8AQ90","O","19960401","X"
"B212A","8AR17","O","19960401",""
"B212B","8AR18","O","19960401",""
"B212D","8AR19","O","19960401",""
"B212E","8AR20","O","19960401","X"
"B212X","8AC10","O","19960401",""
"B212Y","8AC11","O","19960401","X"
"B212Z","8E031","O","19960401",""
"B213B","8AR21","O","19960401",""
"B213Y","8AQ87","O","19960401",""
"B213Z","8E032","O","19960401",""
"B214X","8AC12","O","19960401",""
"B214Y","8DM90","O","19960401",""
"B214Z","8E114","O","19960401",""
"B215X","8AC13","O","19960401","X"
"B215Y","8DM91","O","19960401","X"
"B216E","8AR22","O","19960401",""
"B216X","8AC14","O","19960401",""
"B216Y","8DM92","O","19960401",""
"B217C","8AR23","O","19960401","X"
"B217D","8AR24","O","19960401",""
"B217E","8AR25","O","19960401","X"
"B217X","8AC15","O","19960401",""
"B217Y","8DM93","O","19960401","X"
"B218A","8AR26","O","19960401",""
"B218X","8AC16","O","19960401",""
"B218Y","8E234","O","19960401","X"
"B219A","8AR27","O","19960401",""
"B219B","8AR28","O","19960401",""
"B219E","8AR29","O","19960401",""
"B219X","8AC17","O","19960401",""
"B21A0","8AP89","O","19960401","F"
"B21A1","8AP90","O","19960401",""
"B21A2","8AP91","O","19960401",""
"B21A3","8AP92","O","19960401","X"
"B21A4","8AP93","O","19960401",""
"B21A6","8AP94","O","19960401",""
"B21A7","8AP95","O","19960401",""
"B21A8","8AP96","O","19960401",""
"B21A9","8AP97","O","19960401",""
"B21B1","8AP98","O","19960401",""
"B21B2","8AP99","O","19960401",""
"B21B3","8AQ01","O","19960401",""
"B21B4","8AQ02","O","19960401","X"
"B21B5","8AQ03","O","19960401",""
"B21B6","8AQ04","O","19960401",""
"B21E0","8AQ06","O","19960401","F"
"B21E1","8AQ07","O","19960401",""
"B21E2","8AQ08","O","19960401",""
"B21E3","8AQ09","O","19960401",""
"B21E4","8AQ10","O","19960401","X"
"B21E5","8AQ11","O","19960401",""
"B21E7","8AQ12","O","19960401",""
"B21E8","8AQ13","O","19960401",""
"B21F0","8AQ14","O","19960401",""
"B21F1","8AQ15","O","19960401","F"
"B21F2","8AQ16","O","19960401","X"
"B21F3","8AQ17","O","19960401",""
"B21F4","8AQ18","O","19960401",""
"B21F5","8AQ19","O","19960401","X"
"B21F6","8AQ20","O","19960401",""
"B21F7","8AQ21","O","19960401",""
"B21F9","8AQ22","O","19960401",""
"B21G0","8AQ23","O","19960401",""
"B21G1","8AQ24","O","19960401",""
"B21G2","8AQ25","O","19960401",""
"B21G3","8AQ26","O","19960401",""
"B21G4","8AQ27","O","19960401",""
"B21G5","8AQ28","O","19960401","X"
"B21G6","8AQ29","O","19960401","X"
"B21G7","8AQ30","O","19960401","X"
"B21G8","8AQ31","O","19960401",""
"B21G9","8AQ32","O","19960401",""
"B21H1","8AQ33","O","19960401",""
"B21H2","8AQ34","O","19960401",""
"B21H3","8AQ35","O","19960401",""
"B21H4","8AQ36","O","19960401","F"
"B21H5","8AQ37","O","19960401",""
"B21H6","8AQ38","O","19960401",""
"B21H7","8AQ39","O","19960401","X"
"B21H8","8AQ40","O","19960401",""
"B21H9","8AQ41","O","19960401",""
"B21K0","8AQ42","O","19960401",""
"B21K1","8AQ43","O","19960401",""
"B21K2","8AQ44","O","19960401","X"
"B21K3","8AQ45","O","19960401",""
"B21K4","8AQ46","O","19960401",""
"B21K5","8AQ47","O","19960401","X"
"B21K6","8AQ48","O","19960401",""
"B21K7","8AQ49","O","19960401",""
"B21K8","8AQ50","O","19960401","X"
"B21K9","8AQ51","O","19960401",""
"B21L1","8AQ52","O","19960401",""
"B21L2","8AQ53","O","19960401","X"
"B21L4","8AQ54","O","19960401",""
"B21L5","8AQ55","O","19960401","X"
"B21L6","8AQ56","O","19960401",""
"B21L8","8AQ57","O","19960401",""
"B21L9","8AQ58","O","19960401",""
"B21M2","8AQ59","O","19960401",""
"B21M3","8AQ60","O","19960401","X"
"B21M4","8AQ61","O","19960401","X"
"B21M6","8AQ62","O","19960401","X"
"B21M7","8AQ63","O","19960401",""
"B21P4","8AQ64","O","19960401",""
"B21P5","8AQ65","O","19960401","X"
"B21P6","8AQ66","O","19960401",""
"B21P7","8AQ67","O","19960401",""
"B21P9","8AQ68","O","19960401","X"
"B21Q1","8AQ69","O","19960401","X"
"B21Q2","8AQ70","O","19960401","F"
"B21Q4","8AQ71","O","19960401",""
"B21Q5","8AQ72","O","19960401","X"
"B21Q7","8AQ73","O","19960401",""
"B21Q8","8AQ74","O","19960401","X"
"B21Q9","8AQ75","O","19960401",""
"B21R1","8AQ76","O","19960401",""
"B21R3","8AQ77","O","19960401",""
"B21R5","8AQ78","O","19960401",""
"B21R6","8AQ79","O","19960401","X"
"B21R7","8AQ80","O","19960401","X"
"B21R8","8AQ81","O","19960401",""
"B21R9","8AQ82","O","19960401",""
"B21S1","8AQ83","O","19960401","X"
"B21S2","8AQ84","O","19960401",""
"B21S3","8AQ85","O","19960401",""
"B21S4","8AQ86","O","19960401","X"
"B21S7","8AQ88","O","19960401","X"
"B21S8","8AQ89","O","19960401","X"
"B21T1","8AQ91","O","19960401",""
"B21T2","8AQ92","O","19960401",""
"B21T3","8AQ93","O","19960401",""
"B21T4","8AQ94","O","19960401",""
"B21T5","8AQ95","O","19960401",""
"B21T6","8AQ96","O","19960401",""
"B21T7","8AQ97","O","19960401",""
"B21T8","8AQ98","O","19960401","X"
"B21T9","8AQ99","O","19960401","X"
"B21U1","8AR01","O","19960401",""
"B21U3","8AR02","O","19960401",""
"B21U4","8AR03","O","19960401",""
"B21U5","8AR04","O","19960401",""
"B21U6","8AC04","O","19960401","X"
"B21U7","8AR05","O","19960401",""
"B21U8","8AR06","O","19960401",""
"B21U9","8AR07","O","19960401",""
"B21V1","8AR08","O","19960401","X"
"B21V2","8AR09","O","19960401",""
"B21V3","8AR10","O","19960401",""
"B21V4","8AR11","O","19960401",""
"B21V6","8AR13","O","19960401",""
"B21V7","8AR14","O","19960401",""
"B21V8","8AR15","O","19960401",""
"B21X1","8AA81","O","19960401",""
"B21X2","8AA82","O","19960401",""
"B21X3","8AA83","O","19960401",""
"B21X4","8AA84","O","19960401",""
"B21X5","8AA85","O","19960401",""
"B21X6","8AA86","O","19960401",""
"B21X7","8AA87","O","19960401",""
"B21X8","8AA88","O","19960401","X"
"B21X9","8AA89","O","19960401",""
"B21Y1","8AA90","O","19960401",""
"B21Y2","8AA91","O","19960401",""
"B21Y3","8AA92","O","19960401",""
"B21Y4","8AA93","O","19960401",""
"B21Y5","8AA94","O","19960401",""
"B21Y6","8AA95","O","19960401",""
"B21Y7","8AA96","O","19960401",""
"B21Y8","8AA97","O","19960401",""
"B21Y9","8AA98","O","19960401",""
"B21Z1","8AA99","O","19960401",""
"B21Z2","8AC01","O","19960401",""
"B21Z3","8AC02","O","19960401",""
"B21Z4","8AC03","O","19960401",""
"B21Z6","8AC05","O","19960401",""
"B21Z7","8AC06","O","19960401",""
"B21Z8","8AC07","O","19960401",""
"B23D9","B21H9","R","19930401","F"
"B24C7","B21M7","R","19930401","F"
"B25F7","B21U7","R","19930401","F"
"B25F8","B21U8","R","19930401","F"
"B25F9","B21U9","R","19930401","F"
"B31","QDD","O","19960401","F"
"B311Y","8DM95","O","19960401","X"
"B312X","8AC46","O","19960401",""
"B312Y","8AA14","O","19960401","X"
"B313X","8AC47","O","19960401","X"
"B313Y","8E041","O","19960401","X"
"B314X","8AC48","O","19960401","X"
"B314Y","8E042","O","19960401","X"
"B315X","8AC49","O","19960401",""
"B315Y","8E043","O","19960401",""
"B316X","8AC50","O","19960401",""
"B316Y","8E044","O","19960401",""
"B317X","8AC51","O","19960401","X"
"B318X","8AC52","O","19960401","X"
"B319X","8DM94","O","19960401","X"
"B31A0","8AR30","O","19960401",""
"B31A1","8AR31","O","19960401","X"
"B31A2","8AR32","O","19960401",""
"B31A3","8AR33","O","19960401","X"
"B31A5","8AR35","O","19960401",""
"B31A6","8AR36","O","19960401","X"
"B31A7","8AR37","O","19960401",""
"B31A9","8AR38","O","19960401",""
"B31B0","8AR39","O","19960401",""
"B31B1","8AR40","O","19960401",""
"B31B2","8AR41","O","19960401",""
"B31B3","8AR42","O","19960401","X"
"B31B4","8AR43","O","19960401",""
"B31B5","8AR44","O","19960401",""
"B31B6","8AR45","O","19960401","X"
"B31B8","8AR46","O","19960401",""
"B31B9","8AR47","O","19960401","X"
"B31C0","8AR48","O","19960401",""
"B31C1","8AR49","O","19960401",""
"B31C2","8AR50","O","19960401",""
"B31C3","8AR51","O","19960401",""
"B31C4","8AR52","O","19960401",""
"B31C5","8AR53","O","19960401",""
"B31C6","8AR54","O","19960401",""
"B31C7","8AR55","O","19960401",""
"B31C8","8AR56","O","19960401",""
"B31C9","8AR57","O","19960401",""
"B31D0","8AR58","O","19960401",""
"B31D1","8AR59","O","19960401",""
"B31D2","8AR60","O","19960401",""
"B31D3","8AR61","O","19960401",""
"B31D4","8AR62","O","19960401",""
"B31D5","8AR63","O","19960401",""
"B31D6","8AR64","O","19960401",""
"B31D7","8AR65","O","19960401","X"
"B31D8","8AR66","O","19960401",""
"B31D9","8AR67","O","19960401","X"
"B31E0","8AR68","O","19960401",""
"B31E1","8AR69","O","19960401",""
"B31E2","8AR70","O","19960401",""
"B31E3","8AR71","O","19960401",""
"B31E4","8AR72","O","19960401",""
"B31E5","8AR73","O","19960401","X"
"B31E6","8AR74","O","19960401",""
"B31E7","8AR75","O","19960401",""
"B31E8","8AR76","O","19960401",""
"B31E9","8AR77","O","19960401",""
"B31F0","8AR78","O","19960401",""
"B31F1","8AR79","O","19960401",""
"B31F2","8AR80","O","19960401",""
"B31F3","8AR81","O","19960401",""
"B31F4","8AR82","O","19960401",""
"B31F6","8AR83","O","19960401",""
"B31F9","8AR84","O","19960401",""
"B31G1","8AR85","O","19960401",""
"B31G2","8AR86","O","19960401",""
"B31G3","8AR87","O","19960401",""
"B31G4","8AR88","O","19960401","X"
"B31G5","8AR89","O","19960401","X"
"B31G6","8AR90","O","19960401",""
"B31G7","8AR91","O","19960401","X"
"B31G8","8AR92","O","19960401","X"
"B31G9","8AR93","O","19960401",""
"B31H0","8AR94","O","19960401",""
"B31H1","8AR95","O","19960401",""
"B31H2","8AR96","O","19960401",""
"B31H3","8AR97","O","19960401",""
"B31H4","8AR98","O","19960401",""
"B31H5","8AR99","O","19960401","X"
"B31H6","8DR98","O","19960401",""
"B31H7","8AT02","O","19960401","X"
"B31H8","8AT03","O","19960401",""
"B31H9","8AT04","O","19960401",""
"B31I0","8AT05","O","19960401",""
"B31I1","8AT06","O","19960401","X"
"B31I2","8AT07","O","19960401",""
"B31I3","8AT08","O","19960401",""
"B31I4","8AT09","O","19960401",""
"B31I5","8AT10","O","19960401",""
"B31I6","8AT11","O","19960401",""
"B31I7","8AT12","O","19960401",""
"B31I8","8AT13","O","19960401",""
"B31I9","8AT14","O","19960401",""
"B31J0","8AT15","O","19960401",""
"B31J1","8AT16","O","19960401",""
"B31J2","8AT17","O","19960401",""
"B31J3","8AT18","O","19960401",""
"B31J4","8AT19","O","19960401",""
"B31J5","8AT20","O","19960401","X"
"B31J6","8AT21","O","19960401",""
"B31J7","8AT22","O","19960401","X"
"B31J9","8AT23","O","19960401",""
"B31K0","8CQ42","O","19960401",""
"B31X1","8AC18","O","19960401","X"
"B31X2","8AC19","O","19960401","F"
"B31X3","8AC20","O","19960401","X"
"B31X4","8AC21","O","19960401","X"
"B31X5","8AC22","O","19960401","X"
"B31X6","8AC23","O","19960401","X"
"B31X7","8AC24","O","19960401",""
"B31X8","8AC25","O","19960401","X"
"B31X9","8AC26","O","19960401",""
"B31Y1","8AC27","O","19960401","X"
"B31Y2","8AC28","O","19960401","X"
"B31Y3","8AC29","O","19960401",""
"B31Y4","8AC30","O","19960401",""
"B31Y5","8AC31","O","19960401",""
"B31Y6","8AC32","O","19960401",""
"B31Y7","8AC33","O","19960401","X"
"B31Y8","8AC34","O","19960401","X"
"B31Y9","8AC35","O","19960401",""
"B31Z1","8AC36","O","19960401","X"
"B31Z3","8AC38","O","19960401","X"
"B31Z4","8AC39","O","19960401",""
"B31Z5","8AC40","O","19960401","X"
"B31Z8","8AC43","O","19960401","X"
"B31Z9","8AC44","O","19960401","X"
"B32E5","B31E5","R","19930401","F"
"B32E6","B31E6","R","19930401","F"
"B32E7","B31E7","R","19930401","F"
"B32E8","B31E8","R","19930401","F"
"B32E9","B31E9","R","19930401","F"
"B32F1","B31F1","R","19930401","F"
"B32F2","B31F2","R","19930401","F"
"B32F3","B31F3","R","19930401","F"
"B32F4","B31F4","R","19930401","F"
"B32F6","B31F6","R","19930401","F"
"B32F9","B31F9","R","19930401","F"
"B32G1","B31G1","R","19930401","F"
"B32G2","B31G2","R","19930401","F"
"B32I4","B31I4","R","19930401","F"
"B32J6","B31J6","R","19930401","F"
"B33F2","B212F","R","19930401","X"
"B33I5","B31I5","R","19930401","F"
"B42C2","B51C2","R","19930401","F"
"B42C3","B51C3","R","19930401","F"
"B42C4","B51C4","R","19930401","F"
"B42C5","B51C5","R","19930401","F"
"B42C6","B51C6","R","19930401","F"
"B42C7","B51C7","R","19930401","F"
"B42C8","B51C8","R","19930401","F"
"B42C9","B51C9","R","19930401","F"
"B42D0","B51D0","R","19930401","F"
"B51","QDT","O","19960401","F"
"B51A0","8AT24","O","19960401",""
"B51A1","8AT25","O","19960401",""
"B51A2","8AT26","O","19960401",""
"B51A3","8AT27","O","19960401",""
"B51A4","8AT28","O","19960401","X"
"B51A5","8AT29","O","19960401",""
"B51A6","8AT30","O","19960401",""
"B51A7","8AT31","O","19960401",""
"B51A9","8AT32","O","19960401",""
"B51B0","8AT33","O","19960401","F"
"B51B1","8AT34","O","19960401",""
"B51B3","8AT35","O","19960401",""
"B51B4","8AT36","O","19960401",""
"B51B5","8AT37","O","19960401",""
"B51B6","8AT38","O","19960401",""
"B51B7","8AT39","O","19960401",""
"B51B8","8AT40","O","19960401",""
"B51B9","8AT41","O","19960401",""
"B51C0","8AT42","O","19960401",""
"B51C1","8AT43","O","19960401","X"
"B51C2","8AT44","O","19960401","X"
"B51C3","8AT45","O","19960401",""
"B51C4","8AT46","O","19960401",""
"B51C5","8AT47","O","19960401",""
"B51C6","8AT48","O","19960401",""
"B51C7","8AT49","O","19960401",""
"B51C8","8AT50","O","19960401",""
"B51C9","8AT51","O","19960401",""
"B51D0","8AT52","O","19960401",""
"B51E0","8AT53","O","19960401",""
"B51E1","8AT54","O","19960401","F"
"B51E3","8AT55","O","19960401",""
"B51E4","8AT56","O","19960401",""
"B51E5","8AT57","O","19960401",""
"B51E6","8AT58","O","19960401",""
"B51E8","8AT59","O","19960401",""
"B51E9","8AT60","O","19960401","X"
"B51F0","8AT61","O","19960401","X"
"B51F1","8AT62","O","19960401",""
"B51F2","8AT63","O","19960401","X"
"B51F3","8AT64","O","19960401","X"
"B51F4","8AT65","O","19960401",""
"B51F5","8AT66","O","19960401",""
"B51F6","8AT67","O","19960401","X"
"B51F7","8AT68","O","19960401",""
"B51F8","8AT69","O","19960401",""
"B51F9","8AT70","O","19960401","X"
"B51G0","8AT71","O","19960401",""
"B51G1","8AT72","O","19960401",""
"B51G2","8AT73","O","19960401","X"
"B51G3","8AT74","O","19960401",""
"B51J1","8AT75","O","19960401",""
"B51J2","8AT76","O","19960401",""
"B51J3","8AT77","O","19960401",""
"B51J4","8AT78","O","19960401",""
"B51J5","8AT79","O","19960401",""
"B51J6","8AT80","O","19960401","X"
"B51J7","8AT81","O","19960401",""
"B51J8","8AT82","O","19960401","X"
"B51J9","8AT83","O","19960401",""
"B51K1","8AT84","O","19960401",""
"B51K2","8AT85","O","19960401",""
"B51K3","8AT86","O","19960401",""
"B51K4","8AT87","O","19960401",""
"B51K5","8AT88","O","19960401","X"
"B51K6","8AT89","O","19960401",""
"B51K7","8AT90","O","19960401",""
"B51K8","8AT91","O","19960401",""
"B51K9","8AT92","O","19960401",""
"B51L1","8AT93","O","19960401",""
"B51L2","8AT94","O","19960401",""
"B51M1","8AT95","O","19960401",""
"B51M2","8AT96","O","19960401",""
"B51M3","8AT97","O","19960401",""
"B51M4","8AT98","O","19960401",""
"B51M5","8AT99","O","19960401",""
"B51M6","8AV01","O","19960401",""
"B51M7","8AV02","O","19960401",""
"B51M8","8AV03","O","19960401",""
"B51N1","8AV04","O","19960401",""
"B51N2","8AV05","O","19960401",""
"B51N3","8AV06","O","19960401",""
"B51N4","8C134","O","19960401",""
"B51N5","8C608","O","19960401","X"
"B51X1","8AC53","O","19960401",""
"B52B9","B51F9","R","19930401","F"
"B52C0","B51G0","R","19930401","F"
"B52C1","B51G1","R","19930401","F"
"B52C2","B51G2","R","19930401","F"
"B52C3","B51G3","R","19930401","F"
"B52XA","B71XA","R","19940401","X"
"B53C5","B51K5","R","19930401","F"
"B53C6","B51J6","R","19930401","F"
"B53C7","B51K6","R","19930401","F"
"B53C8","B51K7","R","19930401","F"
"B53C9","B51K9","R","19930401","F"
"B53D1","B51L1","R","19930401","F"
"B53D2","B51L2","R","19930401","F"
"B611X","8AC80","O","19960401","X"
"B611Y","8C582","O","19960401",""
"B612X","8AC81","O","19960401",""
"B612Y","8C585","O","19960401",""
"B613X","8AC82","O","19960401",""
"B613Y","8DE17","O","19960401",""
"B614X","8AC83","O","19960401",""
"B614Y","8DP66","O","19960401",""
"B615X","8AC84","O","19960401",""
"B615Y","8DP67","O","19960401",""
"B616X","8AC85","O","19960401","X"
"B616Y","8DP68","O","19960401",""
"B617X","8AC86","O","19960401",""
"B617Y","8DP69","O","19960401",""
"B618X","8AR12","O","19960401",""
"B619X","8AT01","O","19960401","X"
"B61L4","8AV64","O","19960401",""
"B61L5","8AV65","O","19960401",""
"B61L6","8AV66","O","19960401",""
"B61L7","8AV67","O","19960401","X"
"B61L8","8AV68","O","19960401",""
"B61L9","8AV69","O","19960401","X"
"B61M1","8AV70","O","19960401",""
"B61M2","8AV71","O","19960401","X"
"B61M3","8AV72","O","19960401","X"
"B61M4","8AV73","O","19960401",""
"B61M5","8AV74","O","19960401","X"
"B61M6","8AV75","O","19960401",""
"B61M7","8AV76","O","19960401",""
"B61M8","8AV77","O","19960401",""
"B61M9","8DA21","O","19960401",""
"B61N0","8DA22","O","19960401",""
"B61N1","8DA28","O","19960401",""
"B61N2","8DC32","O","19960401",""
"B61N3","8DD30","O","19960401",""
"B61N4","8DR24","O","19960401",""
"B61N5","8D512","O","19960401",""
"B61X3","8AC56","O","19960401",""
"B61X4","8AC57","O","19960401","X"
"B61X5","8AC58","O","19960401","X"
"B61X6","8AC59","O","19960401",""
"B61X7","8AC60","O","19960401","X"
"B61X8","8AC61","O","19960401",""
"B61Y1","8AC63","O","19960401","X"
"B61Y2","8AC64","O","19960401","X"
"B61Y3","8AC65","O","19960401","X"
"B61Y4","8AC66","O","19960401","X"
"B61Y5","8AC67","O","19960401",""
"B61Y7","8AC68","O","19960401","X"
"B61Y8","8AC69","O","19960401",""
"B61Y9","8AC70","O","19960401","X"
"B61Z1","8AC71","O","19960401",""
"B61Z2","8AC72","O","19960401","X"
"B61Z3","8AC73","O","19960401",""
"B61Z4","8AC74","O","19960401",""
"B61Z6","8AC76","O","19960401","X"
"B61Z7","8AC77","O","19960401","X"
"B61Z8","8AC78","O","19960401",""
"B61Z9","8AC79","O","19960401","X"
"B71","QDQ","O","19960401","F"
"B711Y","8AD17","O","19960401",""
"B712X","8AD18","O","19960401",""
"B712Y","8AD19","O","19960401","X"
"B712Z","8DP80","O","19960401","X"
"B713X","8AD20","O","19960401",""
"B713Y","8AD21","O","19960401",""
"B713Z","8DP81","O","19960401",""
"B714X","8AD22","O","19960401","X"
"B715X","8AD23","O","19960401","X"
"B716X","8AD25","O","19960401",""
"B716Y","8DM96","O","19960401","X"
"B717X","8AD26","O","19960401",""
"B717Y","8DM97","O","19960401","X"
"B718X","8AD27","O","19960401",""
"B719X","8AD28","O","19960401",""
"B719Y","8DP78","O","19960401",""
"B71A0","8AV78","O","19960401",""
"B71A1","8AV79","O","19960401",""
"B71A2","8AV80","O","19960401","X"
"B71A3","8AV81","O","19960401",""
"B71A4","8AV82","O","19960401",""
"B71A5","8AV83","O","19960401",""
"B71A6","8AV84","O","19960401",""
"B71A7","8AV85","O","19960401",""
"B71E1","8AV86","O","19960401",""
"B71E2","8AV87","O","19960401",""
"B71E3","8AV88","O","19960401",""
"B71E4","8AV89","O","19960401",""
"B71E5","8AV90","O","19960401",""
"B71E6","8AV91","O","19960401",""
"B71E7","8AV92","O","19960401",""
"B71E8","8AV93","O","19960401",""
"B71E9","8AV94","O","19960401",""
"B71F1","8AV95","O","19960401",""
"B71F2","8AV96","O","19960401",""
"B71F3","8AV97","O","19960401",""
"B71F4","8AV98","O","19960401",""
"B71F5","8AV99","O","19960401",""
"B71F6","8AW01","O","19960401",""
"B71F7","8EA25","O","19960401",""
"B71X1","8AC88","O","19960401","X"
"B71X2","8AC89","O","19960401",""
"B71X3","8AC90","O","19960401",""
"B71X4","8AC91","O","19960401",""
"B71X5","8AC92","O","19960401","X"
"B71X6","8AD10","O","19960401","X"
"B71X7","8AC94","O","19960401","X"
"B71X8","8AC95","O","19960401","X"
"B71X9","8AC96","O","19960401","X"
"B71Y1","8AD11","O","19960401","X"
"B71Y2","8AC98","O","19960401",""
"B71Y3","8AC99","O","19960401",""
"B71Y4","8AD01","O","19960401","X"
"B71Y5","8AD02","O","19960401",""
"B71Y6","8AD03","O","19960401",""
"B71Y7","8AD04","O","19960401",""
"B71Y8","8AD05","O","19960401","X"
"B71Y9","8AD06","O","19960401",""
"B71Z1","8AD07","O","19960401",""
"B71Z2","8AD08","O","19960401","X"
"B71Z3","8AD09","O","19960401",""
"B71Z4","8AD10","O","19960401","X"
"B71Z5","8AD11","O","19960401","X"
"B71Z6","8AD12","O","19960401","X"
"B71Z7","8AD13","O","19960401",""
"B71Z8","8AD14","O","19960401","X"
"B71Z9","8AD15","O","19960401","X"
"B72A5","B71A5","R","19930401","F"
"B72A6","B71A6","R","19930401","F"
"B72A7","B71A7","R","19930401","F"
"B73A6","B71E6","R","19930401","F"
"B73A7","B71E7","R","19930401","F"
"B73A8","B71E8","R","19930401","F"
"B73A9","B71E9","R","19930401","F"
"BA425","RMV20","O","19940401","F"
"BB414","RMU23","O","19940401","X"
"BM2","RGB","O","19930401","F"
"BM200","RGB00","O","19930401","X"
"BM201","RGB01","O","19930401","F"
"BM203","RGB03","O","19930401","X"
"BM204","RGB04","O","19930401","X"
"BM205","RGB05","O","19930401","X"
"BM207","RGB07","O","19930401","X"
"BM211","RGB11","O","19930401","X"
"BM212","RGB12","O","19930401","X"
"BM213","RGB13","O","19930401","X"
"BM214","RGB14","O","19930401","X"
"BM215","RGB15","O","19930401","X"
"BM217","RGB17","O","19930401","X"
"BM218","RGB18","O","19930401","X"
"BM219","RGB19","O","19930401","X"
"BM220","RGB20","O","19930401","X"
"BM2FA","RGBFA","O","19930401","X"
"BM2FB","RGBFB","O","19930401","X"
"BM2FC","RGBFC","O","19930401","X"
"BM2FD","RGBFD","O","19930401","X"
"BM2FE","RGBFE","O","19930401","X"
"BM2FF","RGBFF","O","19930401","X"
"BM2FG","RGBFG","O","19930401","X"
"BM2FH","RGBFH","O","19930401","X"
"BM2FI","RGBFI","O","19930401","X"
"BM2FJ","RGBFJ","O","19930401","X"
"BM2FK","RGBFK","O","19930401","X"
"BM2JA","RGBJA","O","19930401","X"
"BM2JB","RGBJB","O","19930401","X"
"BM2JC","RGBJC","O","19930401","X"
"BM2JD","RGBJD","O","19930401","X"
"BM2JE","RGBJE","O","19930401","X"
"BM2JF","RGBJF","O","19930401","X"
"BM2JG","RGBJG","O","19930401","X"
"BM2JH","RGBJH","O","19930401","X"
"BM2JI","RGBJI","O","19930401","X"
"BM2JJ","RGBJJ","O","19930401","F"
"BP307","RAC07","O","19940401","F"
"C0001","8DW60","O","19960401","F"
"C01B9","8AW18","O","19960401",""
"C01D3","8AW32","O","19960401",""
"C01D4","8AW33","O","19960401","X"
"C01D5","8AW34","O","19960401",""
"C01D6","8AW35","O","19960401",""
"C01D7","8AW36","O","19960401",""
"C01D8","8AW37","O","19960401",""
"C01D9","8AW38","O","19960401",""
"C01E0","8AW39","O","19960401","X"
"C01E1","8AW40","O","19960401",""
"C01E2","8AW41","O","19960401",""
"C01E3","8AW42","O","19960401",""
"C01E4","8AW43","O","19960401",""
"C01E5","8AW44","O","19960401",""
"C01E6","8AW45","O","19960401",""
"C01E7","8AW46","O","19960401",""
"C01E8","8AW47","O","19960401",""
"C01E9","8AW48","O","19960401",""
"C01F0","8AW49","O","19960401","X"
"C01F1","8AW50","O","19960401",""
"C01F2","8AW51","O","19960401",""
"C01F3","8AW52","O","19960401","X"
"C01F4","8AW53","O","19960401",""
"C01F5","8AW54","O","19960401",""
"C01F6","8AW55","O","19960401","X"
"C01F7","8AW56","O","19960401",""
"C01F8","8AW57","O","19960401",""
"C01F9","8AW58","O","19960401",""
"C01G0","8AW59","O","19960401",""
"C01G1","8DD76","O","19960401",""
"C01G2","8DD86","O","19960401",""
"C01G3","8DE02","O","19960401",""
"C01G4","8DE49","O","19960401",""
"C01G5","8DE56","O","19960401",""
"C01G6","8DE86","O","19960401",""
"C01G7","8DE96","O","19960401",""
"C02H1","8AX27","O","19960401",""
"C02H2","8AX28","O","19960401",""
"C02H3","8AX29","O","19960401",""
"C02H4","8AX30","O","19960401",""
"C02H5","8AX31","O","19960401",""
"C02H6","8AX32","O","19960401",""
"C02H8","8AX33","O","19960401",""
"C02H9","8AX34","O","19960401",""
"C02I0","8AX35","O","19960401",""
"C02I1","8AX36","O","19960401","X"
"C02I2","8AX37","O","19960401",""
"C02I3","8AX38","O","19960401",""
"C02I4","8AX39","O","19960401","X"
"C02I5","8D467","O","19960401",""
"C03C9","8AX68","O","19960401","F"
"C03E3","8AX80","O","19960401",""
"C03E4","8AX81","O","19960401",""
"C03E5","8AX82","O","19960401",""
"C03E6","8AX83","O","19960401",""
"C03E7","8AX84","O","19960401","X"
"C03E8","8AX85","O","19960401",""
"C03E9","8AX86","O","19960401",""
"C03F0","8AX87","O","19960401","X"
"C03F1","8AX88","O","19960401",""
"C03F2","8AX89","O","19960401",""
"C03F3","8AX90","O","19960401",""
"C03F4","8AX91","O","19960401",""
"C03F5","8AX92","O","19960401","X"
"C03F6","8AX93","O","19960401",""
"C03F7","8AX94","O","19960401","X"
"C03F8","8AX95","O","19960401",""
"C03F9","8AX96","O","19960401","X"
"C03G1","8AX97","O","19960401",""
"C03G2","8AX98","O","19960401",""
"C03G3","8AX99","O","19960401",""
"C03G4","8AY01","O","19960401",""
"C03G5","8AY02","O","19960401",""
"C03G6","8DD28","O","19960401","X"
"C03G7","8D491","O","19960401",""
"C03G8","8DF01","O","19960401",""
"C03G9","8DF03","O","19960401",""
"C03H1","8DF07","O","19960401",""
"C03H2","8EA19","O","19960401",""
"C04H3","C15H3","R","19940401","F"
"C04H6","C15H6","R","19940401","F"
"C04H9","C15H9","R","19940401","F"
"C04I0","C15I0","R","19940401","F"
"C04I1","C15I1","R","19940401","F"
"C04I2","C15I2","R","19940401","X"
"C04I3","C15I3","R","19940401","F"
"C04I4","C15I4","R","19940401","F"
"C04I5","C15I5","R","19940401","F"
"C04I6","C15I6","R","19940401","F"
"C04I7","C15I7","R","19940401","F"
"C04I8","C15I8","R","19940401","X"
"C04J1","C15J1","R","19940401","F"
"C05E1","C15N0","R","19940401","F"
"C05E2","C15N1","R","19940401","F"
"C05E3","C15N2","R","19940401","F"
"C05E4","C15N3","R","19940401","F"
"C05E5","C15N4","R","19940401","F"
"C05E7","C15N5","R","19940401","F"
"C05E8","C15N6","R","19940401","F"
"C05E9","C15N7","R","19940401","F"
"C05F0","C15N8","R","19940401","F"
"C05F1","C15N9","R","19940401","F"
"C05F2","C15O0","R","19940401","F"
"C05F3","C15O1","R","19940401","F"
"C05F4","C15O2","R","19940401","F"
"C05F5","C15O4","R","19940401","F"
"C08I5","8AY79","O","19960401",""
"C08I6","8AY80","O","19960401",""
"C08I7","8AY81","O","19960401",""
"C08I8","8AY82","O","19960401",""
"C08I9","8AY83","O","19960401",""
"C08J0","8AY84","O","19960401",""
"C08J1","8AY85","O","19960401",""
"C08J2","8AY86","O","19960401",""
"C08J3","8AY87","O","19960401",""
"C08J4","8AY88","O","19960401",""
"C08J5","8AY89","O","19960401",""
"C08J6","8AY90","O","19960401",""
"C08J7","8AY91","O","19960401",""
"C08J8","8AY92","O","19960401",""
"C08K0","8AY94","O","19960401",""
"C08K1","8AY95","O","19960401",""
"C08K2","8AY96","O","19960401","X"
"C08K3","8AY97","O","19960401",""
"C08K4","8AY98","O","19960401",""
"C08K5","8E512","O","19960401",""
"C08K6","8DX49","O","19960401","X"
"C08K7","8DF76","O","19960401",""
"C08K8","8DF77","O","19960401",""
"C08K9","8DF88","O","19960401","X"
"C08L1","8DF90","O","19960401",""
"C08L2","8DF97","O","19960401",""
"C08L4","8DL17","O","19960401",""
"C09B8","8A017","O","19960401",""
"C09B9","8A018","O","19960401",""
"C09C0","8A019","O","19960401",""
"C09C1","8A020","O","19960401",""
"C09C3","8A021","O","19960401","X"
"C09C4","8A022","O","19960401",""
"C09C5","8A023","O","19960401",""
"C09C6","8A024","O","19960401",""
"C09C7","8A025","O","19960401",""
"C09C8","8A026","O","19960401","X"
"C09C9","8A027","O","19960401",""
"C09D0","8A028","O","19960401","X"
"C09D1","8A029","O","19960401",""
"C09D2","8A030","O","19960401",""
"C10C2","8A051","O","19960401",""
"C10C4","8A052","O","19960401",""
"C10C5","8A053","O","19960401",""
"C10C6","8A054","O","19960401",""
"C10C7","8A055","O","19960401","X"
"C10C8","8A056","O","19960401",""
"C10C9","8A057","O","19960401","X"
"C10D0","8A058","O","19960401","X"
"C10D1","8A059","O","19960401",""
"C10D2","8A060","O","19960401",""
"C10D3","8A061","O","19960401",""
"C10D4","8A062","O","19960401","X"
"C10D5","8A063","O","19960401",""
"C10D6","8A064","O","19960401","X"
"C10D7","8A065","O","19960401",""
"C10D8","8A066","O","19960401",""
"C11B6","8A081","O","19960401",""
"C11B7","8A082","O","19960401","X"
"C11B8","8A083","O","19960401",""
"C11B9","8A084","O","19960401",""
"C11C1","8A085","O","19960401",""
"C11C2","8A086","O","19960401",""
"C11C3","8A087","O","19960401","X"
"C11C4","8A088","O","19960401",""
"C11C5","8A089","O","19960401",""
"C11D1","8DY05","O","19960401",""
"C11D2","8DY04","O","19960401",""
"C11D3","8EA26","O","19960401",""
"C11D4","8EA27","O","19960401",""
"C11D5","8CF85","O","19960401",""
"C11D6","8CG74","O","19960401",""
"C12B1","8A101","O","19960401",""
"C12C8","8A115","O","19960401",""
"C12C9","8A116","O","19960401",""
"C12D0","8A117","O","19960401","X"
"C12D1","8A118","O","19960401",""
"C12D2","8A119","O","19960401",""
"C12D3","8A120","O","19960401",""
"C12D4","8A121","O","19960401",""
"C12D6","8A123","O","19960401",""
"C12D7","8A124","O","19960401",""
"C12D8","8A125","O","19960401","X"
"C12D9","8A126","O","19960401",""
"C12E0","8A127","O","19960401",""
"C12E2","8A128","O","19960401",""
"C12E3","8A129","O","19960401","X"
"C12E4","8A130","O","19960401",""
"C12E6","8A131","O","19960401",""
"C12E7","8A132","O","19960401",""
"C12E8","8A133","O","19960401",""
"C12E9","8A134","O","19960401",""
"C12F0","8A135","O","19960401","X"
"C12F1","8D630","O","19960401",""
"C12F2","8D621","O","19960401",""
"C12F3","8D650","O","19960401","X"
"C12F4","8D633","O","19960401",""
"C12F5","8D619","O","19960401",""
"C12F6","8DY06","O","19960401",""
"C12F7","8D634","O","19960401",""
"C12F8","8D631","O","19960401",""
"C12F9","8D302","O","19960401",""
"C14","QCN","O","19960401","F"
"C14A1","8A136","O","19960401","X"
"C14A2","8A137","O","19960401",""
"C14A3","8A138","O","19960401",""
"C14A4","8A139","O","19960401","X"
"C14A6","8A140","O","19960401",""
"C14A7","8A141","O","19960401",""
"C14A8","8A142","O","19960401",""
"C14A9","8A143","O","19960401","X"
"C14B1","8A144","O","19960401",""
"C14B3","8A145","O","19960401",""
"C14B4","8A146","O","19960401","X"
"C14B5","8A147","O","19960401",""
"C14B6","8A148","O","19960401",""
"C14B7","8A149","O","19960401",""
"C14B8","8A150","O","19960401",""
"C14B9","8A151","O","19960401",""
"C14C0","8A152","O","19960401",""
"C14C1","8A153","O","19960401",""
"C14C2","8A154","O","19960401",""
"C14C3","8A155","O","19960401",""
"C14C4","8A156","O","19960401",""
"C14C6","8A157","O","19960401",""
"C14C7","8A158","O","19960401","X"
"C14C8","8A159","O","19960401","X"
"C14C9","8A160","O","19960401",""
"C14D0","8A161","O","19960401",""
"C14D2","8A163","O","19960401",""
"C14D3","8A164","O","19960401",""
"C14D4","8A165","O","19960401",""
"C14D5","8A166","O","19960401","X"
"C14D6","8A167","O","19960401",""
"C14D8","8A168","O","19960401",""
"C14D9","8A169","O","19960401","X"
"C14E0","8A170","O","19960401",""
"C14E1","8A171","O","19960401",""
"C14E4","8A173","O","19960401",""
"C14E5","8A174","O","19960401",""
"C14E6","8A175","O","19960401",""
"C14E7","8A176","O","19960401",""
"C14E8","8A177","O","19960401","X"
"C14E9","8A178","O","19960401",""
"C14F0","8A179","O","19960401",""
"C14F1","8A180","O","19960401",""
"C14F2","8A181","O","19960401",""
"C14F3","8A182","O","19960401","X"
"C14F4","8A183","O","19960401",""
"C14F5","8A184","O","19960401",""
"C14F8","8A185","O","19960401",""
"C14F9","8A186","O","19960401",""
"C14G0","8A187","O","19960401",""
"C14G1","8A188","O","19960401",""
"C14G2","8A189","O","19960401",""
"C14G3","8A190","O","19960401",""
"C14G4","8A191","O","19960401",""
"C14G5","8D470","O","19960401",""
"C14G6","8D469","O","19960401",""
"C14G7","8D468","O","19960401",""
"C15","QCM","O","19960401","F"
"C15A2","8A192","O","19960401","X"
"C15A3","8A193","O","19960401","F"
"C15A4","8A194","O","19960401",""
"C15A5","8A195","O","19960401",""
"C15A6","8A196","O","19960401",""
"C15A7","8A197","O","19960401",""
"C15A8","8A198","O","19960401",""
"C15A9","8A199","O","19960401",""
"C15B0","8A201","O","19960401",""
"C15B1","8A202","O","19960401",""
"C15B2","8A203","O","19960401",""
"C15B3","8A204","O","19960401",""
"C15B4","8A205","O","19960401","X"
"C15B5","8A206","O","19960401",""
"C15B6","8A207","O","19960401",""
"C15B7","8A208","O","19960401",""
"C15B8","8A209","O","19960401",""
"C15B9","8A210","O","19960401",""
"C15C0","8A211","O","19960401",""
"C15C1","8A212","O","19960401",""
"C15C2","8A213","O","19960401",""
"C15C3","8A214","O","19960401",""
"C15C5","8A215","O","19960401",""
"C15C6","8A216","O","19960401","X"
"C15C8","8A217","O","19960401",""
"C15C9","8A218","O","19960401",""
"C15D1","8A219","O","19960401",""
"C15D2","8A220","O","19960401",""
"C15D3","8A221","O","19960401",""
"C15D4","8A222","O","19960401",""
"C15D5","8D828","O","19960401",""
"C15D6","8A224","O","19960401",""
"C15D7","8A225","O","19960401",""
"C15D8","8A226","O","19960401",""
"C15E0","8A227","O","19960401",""
"C15E1","8A228","O","19960401",""
"C15E2","8A229","O","19960401",""
"C15E3","8A230","O","19960401",""
"C15E4","8A231","O","19960401",""
"C15E5","8A232","O","19960401",""
"C15E6","8A233","O","19960401",""
"C15E7","8A234","O","19960401",""
"C15E8","8A235","O","19960401",""
"C15E9","8A236","O","19960401",""
"C15F1","8A237","O","19960401","X"
"C15F2","8A238","O","19960401",""
"C15F3","8A239","O","19960401",""
"C15F4","8A240","O","19960401",""
"C15F5","8A241","O","19960401",""
"C15F6","8A242","O","19960401",""
"C15F7","8A243","O","19960401",""
"C15F8","8A244","O","19960401",""
"C15F9","8A245","O","19960401",""
"C15G1","8A246","O","19960401",""
"C15G2","8A247","O","19960401","X"
"C15G3","8A248","O","19960401",""
"C15G5","8A249","O","19960401",""
"C15G6","8A250","O","19960401",""
"C15G7","8A251","O","19960401",""
"C15G8","8A252","O","19960401",""
"C15G9","8A253","O","19960401",""
"C15H0","8A254","O","19960401",""
"C15H1","8A255","O","19960401",""
"C15H2","8A256","O","19960401","X"
"C15H3","8A257","O","19960401",""
"C15H4","8A258","O","19960401",""
"C15H5","8A259","O","19960401",""
"C15H6","8A260","O","19960401",""
"C15H7","8A261","O","19960401",""
"C15H9","8A262","O","19960401",""
"C15I0","8A263","O","19960401","F"
"C15I1","8A264","O","19960401",""
"C15I3","8A266","O","19960401",""
"C15I4","8A267","O","19960401",""
"C15I5","8A268","O","19960401",""
"C15I6","8A269","O","19960401",""
"C15I7","8A270","O","19960401",""
"C15I9","8A272","O","19960401",""
"C15J0","8A273","O","19960401",""
"C15J1","8A274","O","19960401","X"
"C15J2","8A275","O","19960401",""
"C15J3","8A276","O","19960401",""
"C15J4","8A277","O","19960401",""
"C15J5","8A278","O","19960401",""
"C15J6","8A279","O","19960401",""
"C15J7","8A280","O","19960401",""
"C15J8","8A281","O","19960401",""
"C15J9","8A282","O","19960401",""
"C15K0","8A283","O","19960401",""
"C15K1","8A284","O","19960401",""
"C15K2","8A285","O","19960401",""
"C15K3","8A286","O","19960401",""
"C15K4","8A287","O","19960401",""
"C15K5","8A288","O","19960401",""
"C15K6","8A289","O","19960401",""
"C15K7","8A290","O","19960401",""
"C15K8","8A291","O","19960401",""
"C15K9","8A292","O","19960401",""
"C15L0","8A293","O","19960401",""
"C15L1","8A294","O","19960401",""
"C15L3","8A296","O","19960401",""
"C15L4","8A297","O","19960401",""
"C15L5","8A298","O","19960401",""
"C15L6","8A299","O","19960401",""
"C15L7","8A301","O","19960401",""
"C15L8","8A302","O","19960401","X"
"C15L9","8A303","O","19960401","X"
"C15M0","8A304","O","19960401",""
"C15M1","8A305","O","19960401","F"
"C15M2","8A306","O","19960401",""
"C15M3","8A307","O","19960401",""
"C15M4","8A308","O","19960401",""
"C15M5","8A309","O","19960401",""
"C15M6","8A310","O","19960401",""
"C15M8","8A312","O","19960401",""
"C15M9","8A313","O","19960401",""
"C15N0","8A314","O","19960401",""
"C15N1","8A315","O","19960401",""
"C15N2","8A316","O","19960401",""
"C15N3","8A317","O","19960401",""
"C15N4","8A318","O","19960401",""
"C15N5","8A319","O","19960401",""
"C15N6","8A320","O","19960401",""
"C15N7","8A321","O","19960401",""
"C15N8","8A322","O","19960401",""
"C15N9","8A323","O","19960401",""
"C15O0","8A324","O","19960401",""
"C15O1","8A325","O","19960401",""
"C15O2","8A326","O","19960401",""
"C15O4","8A327","O","19960401",""
"C15O5","8A328","O","19960401","X"
"C15P1","8DF99","O","19960401","F"
"CA004","8DP82","O","19960401","X"
"CA005","8DP83","O","19960401",""
"CA006","8DW92","O","19960401","X"
"CA007","8DP84","O","19960401","X"
"CA008","8DP85","O","19960401",""
"CA009","8DP86","O","19960401",""
"CA010","8DP87","O","19960401","X"
"CA011","8DP88","O","19960401","X"
"CA012","8DP89","O","19960401",""
"CA013","8DP90","O","19960401",""
"CA014","8DP91","O","19960401","X"
"CA015","8DP92","O","19960401","X"
"CA016","8DP93","O","19960401",""
"CA018","8DP94","O","19960401",""
"CA020","8DP95","O","19960401","X"
"CA021","8D658","O","19960401",""
"CA034","8DP96","O","19960401",""
"CA035","8DQ02","O","19960401","X"
"CA036","8AD42","O","19960401",""
"CA037","8DQ18","O","19960401",""
"CA038","8DQ19","O","19960401",""
"CA039","8DQ20","O","19960401","X"
"CA040","8DQ21","O","19960401",""
"CA041","8DQ22","O","19960401","X"
"CA042","8DW93","O","19960401",""
"CA044","8DQ23","O","19960401","X"
"CA045","8DQ24","O","19960401",""
"CA046","8DQ25","O","19960401",""
"CA047","8DQ26","O","19960401",""
"CA048","8DQ27","O","19960401","X"
"CA049","8DQ28","O","19960401","X"
"CA050","8DQ29","O","19960401",""
"CA051","8DQ30","O","19960401","X"
"CA052","8DQ31","O","19960401","X"
"CA053","8DQ32","O","19960401",""
"CA054","8DQ33","O","19960401",""
"CA055","8DQ34","O","19960401",""
"CA056","8DQ35","O","19960401",""
"CA057","8DQ36","O","19960401","X"
"CA058","8DQ37","O","19960401",""
"CA059","8DQ38","O","19960401",""
"CA061","8DQ39","O","19960401","X"
"CA062","8DQ57","O","19960401",""
"CA063","8DQ58","O","19960401","X"
"CA064","8DQ59","O","19960401","X"
"CA065","8DQ60","O","19960401",""
"CA066","8DQ61","O","19960401","X"
"CA067","8DW94","O","19960401",""
"CA068","8DQ62","O","19960401","X"
"CA069","8DX53","O","19960401","X"
"CA070","8DN21","O","19960401",""
"CA071","8DQ63","O","19960401",""
"CA072","8DQ64","O","19960401",""
"CA074","8DQ66","O","19960401","X"
"CA075","8DQ73","O","19960401","X"
"CA076","8DQ67","O","19960401","X"
"CA077","8DQ68","O","19960401","X"
"CA078","8DQ69","O","19960401",""
"CA079","8DQ70","O","19960401","X"
"CA080","8DQ54","O","19960401","X"
"CA081","8DQ55","O","19960401",""
"CA082","8DQ56","O","19960401","X"
"CA083","8DQ71","O","19960401","X"
"CA084","8DQ72","O","19960401","X"
"CA085","8DQ74","O","19960401","X"
"CA086","8CL74","O","19960401",""
"CA087","8DQ84","O","19960401",""
"CA089","8DQ85","O","19960401",""
"CA090","8DQ86","O","19960401","X"
"CA091","8DQ87","O","19960401",""
"CA093","8DQ89","O","19960401",""
"CA094","8DQ90","O","19960401","X"
"CA095","8DQ91","O","19960401","X"
"CA096","8DQ92","O","19960401",""
"CA098","8DQ94","O","19960401","X"
"CA099","8DQ93","O","19960401","X"
"CA100","8DR11","O","19960401",""
"CA101","8DR12","O","19960401",""
"CA102","8DR13","O","19960401","X"
"CA103","8DR14","O","19960401","X"
"CA104","8DR16","O","19960401",""
"CA105","8DR17","O","19960401","X"
"CA106","8DR18","O","19960401","X"
"CA108","8DR19","O","19960401",""
"CA110","8DR21","O","19960401",""
"CA111","8DR22","O","19960401","X"
"CA112","8DR23","O","19960401",""
"CA114","8DR25","O","19960401","X"
"CA115","8DR26","O","19960401",""
"CA116","8AD65","O","19960401","X"
"CA117","8DR27","O","19960401",""
"CA118","8DR28","O","19960401","X"
"CA119","8DR29","O","19960401","F"
"CA120","8DR31","O","19960401","X"
"CA121","8DX80","O","19960401",""
"CA122","8DR32","O","19960401","X"
"CA123","8AJ20","O","19960401","X"
"CA124","8DR33","O","19960401","X"
"CA125","8DR34","O","19960401",""
"CA126","8DR36","O","19960401","X"
"CA127","8DW95","O","19960401","X"
"CA128","8DR37","O","19960401","X"
"CA129","8DR38","O","19960401","X"
"CA130","8DR39","O","19960401",""
"CA131","8DR40","O","19960401","X"
"CA133","8DR43","O","19960401","X"
"CA134","8DR44","O","19960401",""
"CA135","8DR45","O","19960401",""
"CA136","8DR46","O","19960401",""
"CA137","8DR47","O","19960401","X"
"CA138","8DW96","O","19960401","X"
"CA139","8DR55","O","19960401",""
"CA140","8DX09","O","19960401",""
"CA141","8DR56","O","19960401","X"
"CA142","8DC78","O","19960401",""
"CA143","8DR57","O","19960401","X"
"CA144","8DR58","O","19960401",""
"CA145","8DR59","O","19960401",""
"CA146","8D612","O","19960401",""
"CA147","8DR66","O","19960401","X"
"CA148","8DR67","O","19960401",""
"CA149","8DR68","O","19960401","X"
"CA150","8DX10","O","19960401","X"
"CA151","8AD29","O","19960401","X"
"CA153","8DR69","O","19960401",""
"CA154","8DR71","O","19960401",""
"CA156","8DR72","O","19960401","X"
"CA157","8DW97","O","19960401","X"
"CA158","8DR73","O","19960401","X"
"CA159","8DR74","O","19960401",""
"CA160","8DX11","O","19960401","X"
"CA162","8DR75","O","19960401","X"
"CA164","8DR76","O","19960401",""
"CA165","8DW98","O","19960401",""
"CA166","8DR77","O","19960401",""
"CA167","8DR82","O","19960401",""
"CA168","8DR83","O","19960401","X"
"CA169","8DR84","O","19960401","X"
"CA171","8DW99","O","19960401",""
"CA172","8DX02","O","19960401","X"
"CA173","8DR87","O","19960401","X"
"CA174","8DR89","O","19960401",""
"CA175","8DR90","O","19960401",""
"CA176","8DR91","O","19960401",""
"CA177","8DR92","O","19960401",""
"CA178","8DR93","O","19960401",""
"CA179","8DX03","O","19960401",""
"CA180","8DX04","O","19960401",""
"CA181","8DX30","O","19960401","X"
"CA182","8AD95","O","19960401","X"
"CA183","8DX05","O","19960401","X"
"CA184","8AE01","O","19960401","X"
"CA185","8AC62","O","19960401","X"
"CA186","8AE11","O","19960401",""
"CA187","8DR99","O","19960401","X"
"CA188","8DT06","O","19960401","X"
"CA189","8DT07","O","19960401",""
"CA190","8DT08","O","19960401",""
"CA191","8DT09","O","19960401",""
"CA192","8DX31","O","19960401","X"
"CA193","8DN22","O","19960401","X"
"CA194","8DT10","O","19960401","X"
"CA195","8DX06","O","19960401",""
"CA196","8DT11","O","19960401",""
"CA197","8DX07","O","19960401",""
"CA198","8DT13","O","19960401",""
"CA199","8DT14","O","19960401","X"
"CA200","8DT15","O","19960401",""
"CA201","8DT16","O","19960401",""
"CA202","8DT17","O","19960401","X"
"CA203","8DT18","O","19960401","X"
"CA204","8DT19","O","19960401","X"
"CA206","8DT20","O","19960401","X"
"CA207","8DT21","O","19960401",""
"CA208","8DT22","O","19960401","X"
"CA209","8DT23","O","19960401","X"
"CA210","8DX32","O","19960401","X"
"CA212","8DT24","O","19960401","X"
"CA213","8DT25","O","19960401",""
"CA214","8DT26","O","19960401",""
"CA215","8DT28","O","19960401",""
"CA216","8DT30","O","19960401",""
"CA217","8DT31","O","19960401","X"
"CA218","8DT32","O","19960401",""
"CA219","8DT33","O","19960401","X"
"CA220","8DT34","O","19960401",""
"CA221","8DT35","O","19960401","X"
"CA222","8DT36","O","19960401",""
"CA223","8DT37","O","19960401","X"
"CA224","8DT38","O","19960401","X"
"CA225","8DT42","O","19960401","X"
"CA226","8DT43","O","19960401","F"
"CA227","8DT44","O","19960401",""
"CA228","8DT45","O","19960401","X"
"CA229","8DT46","O","19960401",""
"CA230","8DT47","O","19960401",""
"CA231","8DP79","O","19960401",""
"CA232","8DT48","O","19960401","X"
"CA233","8DT49","O","19960401","X"
"CA234","8DT50","O","19960401",""
"CA235","8DT51","O","19960401","X"
"CA236","8DT52","O","19960401","X"
"CA237","8DT53","O","19960401",""
"CA238","8DT54","O","19960401","X"
"CA239","8DT55","O","19960401","X"
"CA240","8DT56","O","19960401",""
"CA241","8DT57","O","19960401",""
"CA242","8DT58","O","19960401",""
"CA243","8DT59","O","19960401",""
"CA244","8DT60","O","19960401",""
"CA245","8DT61","O","19960401","X"
"CA246","8DT62","O","19960401","X"
"CA247","8DT63","O","19960401",""
"CA248","8CA30","O","19960401",""
"CA250","8DT65","O","19960401","X"
"CA253","8DT66","O","19960401","X"
"CA254","8DX12","O","19960401","X"
"CA255","8DT67","O","19960401","X"
"CA256","8DT68","O","19960401",""
"CA257","8DX29","O","19960401","X"
"CA258","8DT71","O","19960401",""
"CA259","8DT72","O","19960401",""
"CA260","8DT73","O","19960401","X"
"CA261","8DT74","O","19960401","X"
"CA262","8DT75","O","19960401","X"
"CA263","8DT76","O","19960401","X"
"CA264","8DT77","O","19960401",""
"CA265","8DT78","O","19960401","X"
"CA266","8DT81","O","19960401",""
"CA267","8DT82","O","19960401",""
"CA268","8DT83","O","19960401",""
"CA269","8DT84","O","19960401","X"
"CA270","8DT95","O","19960401",""
"CA271","8DT96","O","19960401","X"
"CA272","8DT97","O","19960401",""
"CA274","8DT98","O","19960401",""
"CA275","8DT99","O","19960401",""
"CA276","8DV01","O","19960401","X"
"CA277","8DV02","O","19960401","X"
"CA278","8DX33","O","19960401","X"
"CA279","8DV03","O","19960401","X"
"CA280","8DV04","O","19960401",""
"CA281","8DV05","O","19960401","X"
"CA283","8DX34","O","19960401","X"
"CA284","8DX35","O","19960401",""
"CA285","8DV06","O","19960401",""
"CA286","8DV07","O","19960401","X"
"CA287","8DV08","O","19960401","X"
"CA288","8DV09","O","19960401","X"
"CA289","8DV10","O","19960401",""
"CA290","8DV11","O","19960401","X"
"CA291","8DV12","O","19960401","X"
"CA292","8DV13","O","19960401","X"
"CA293","8DV14","O","19960401",""
"CA295","8DV15","O","19960401",""
"CA296","8DV22","O","19960401","X"
"CA297","8DV23","O","19960401","X"
"CA298","8DV24","O","19960401",""
"CA299","8DV25","O","19960401","X"
"CA300","8DV26","O","19960401","X"
"CA301","8DV27","O","19960401",""
"CA303","8DV28","O","19960401","X"
"CA304","8DV31","O","19960401","X"
"CA305","8DV32","O","19960401",""
"CA306","8A702","O","19960401","X"
"CA307","8AH50","O","19960401","X"
"CA308","8DV33","O","19960401","X"
"CA309","8DX81","O","19960401","X"
"CA310","8DV35","O","19960401",""
"CA311","8DV36","O","19960401",""
"CA312","8DR70","O","19960401","X"
"CA313","8AD09","O","19960401",""
"CA314","8DV40","O","19960401","X"
"CA315","8DV41","O","19960401",""
"CA316","8DV42","O","19960401",""
"CA317","8DV43","O","19960401",""
"CA318","8DV44","O","19960401","X"
"CA319","8DV45","O","19960401","X"
"CA320","8DV46","O","19960401",""
"CA322","8DV53","O","19960401","X"
"CA323","8DV54","O","19960401",""
"CA324","8AV20","O","19960401","X"
"CA325","8A720","O","19960401","X"
"CA326","8A724","O","19960401","X"
"CA327","8DV58","O","19960401",""
"CA328","8DV59","O","19960401",""
"CA329","8DR20","O","19960401",""
"CA330","8DV60","O","19960401",""
"CA331","8DV61","O","19960401","X"
"CA332","8DV62","O","19960401","X"
"CA333","8DV63","O","19960401",""
"CA334","8DV64","O","19960401","X"
"CA335","8DV65","O","19960401","X"
"CA336","8DV66","O","19960401",""
"CA337","8DV67","O","19960401","X"
"CA338","8DV68","O","19960401",""
"CA339","8DV69","O","19960401","X"
"CA340","8DV76","O","19960401","X"
"CA341","8DV77","O","19960401","X"
"CA342","8DV78","O","19960401","X"
"CA343","8DV71","O","19960401","X"
"CA344","8DV80","O","19960401",""
"CA345","8DV79","O","19960401",""
"CA346","8DV74","O","19960401",""
"CA347","8DV82","O","19960401","X"
"CA348","8DV83","O","19960401",""
"CA349","8DV84","O","19960401","X"
"CA350","8DV85","O","19960401","X"
"CA351","8DV86","O","19960401","X"
"CA352","8DV87","O","19960401","X"
"CA354","8DV90","O","19960401",""
"CA355","8DV91","O","19960401","X"
"CA356","8DV92","O","19960401","X"
"CA357","8DV93","O","19960401","X"
"CA358","8DV94","O","19960401",""
"CA359","8DV95","O","19960401","X"
"CA400","8DV96","O","19960401","X"
"CA401","8DV99","O","19960401","X"
"CA404","8DW01","O","19960401","X"
"CA405","8DW02","O","19960401",""
"CA406","8DW03","O","19960401","X"
"CA407","8DW04","O","19960401","X"
"CA408","8DW05","O","19960401",""
"CA409","8DW06","O","19960401","X"
"CA410","8DW07","O","19960401","X"
"CA411","8DW08","O","19960401",""
"CA412","8DW10","O","19960401","X"
"CA413","8DW11","O","19960401","X"
"CA415","8DW12","O","19960401","X"
"CA416","8DW14","O","19960401","X"
"CA417","8DW13","O","19960401","X"
"CA418","8DW15","O","19960401",""
"CA419","8DW16","O","19960401",""
"CA420","8DW17","O","19960401",""
"CA421","8DT91","O","19960401","X"
"CA422","8DW29","O","19960401","X"
"CA423","8DW30","O","19960401","X"
"CA424","8DW31","O","19960401","X"
"CA425","8DW32","O","19960401","X"
"CA426","8DW33","O","19960401",""
"CA427","8DW34","O","19960401","X"
"CA428","8DW46","O","19960401",""
"CA430","8DW47","O","19960401",""
"CA431","8DW48","O","19960401",""
"CA432","8DW49","O","19960401","X"
"CA433","8DW50","O","19960401",""
"CA434","8DW75","O","19960401","X"
"CA435","8DW76","O","19960401",""
"CA436","8DW77","O","19960401","X"
"CA438","8A736","O","19960401","X"
"CA439","8DV81","O","19960401",""
"CA446","8DV47","O","19960401","X"
"CA447","8DX06","O","19960401",""
"CA449","8DW78","O","19960401",""
"CA451","8DW79","O","19960401",""
"CA457","8DW80","O","19960401","X"
"CA458","8DW81","O","19960401","X"
"CA463","8DQ03","O","19960401","X"
"CA465","8D941","O","19960401",""
"CA466","8DW82","O","19960401",""
"CA467","8DW83","O","19960401","X"
"CA468","8DW87","O","19960401",""
"CA469","8DW88","O","19960401","X"
"CA470","8DV39","O","19960401",""
"CA471","8DW89","O","19960401","X"
"CA473","8DW90","O","19960401",""
"CA474","8DW91","O","19960401","X"
"CA475","8DX89","O","19960401",""
"CA476","8DX90","O","19960401","X"
"CA477","8CA32","O","19960401",""
"CA478","8DX98","O","19960401",""
"CA479","8DX95","O","19960401",""
"CA480","8AD31","O","19960401",""
"CA481","8DX92","O","19960401",""
"CA482","8DX91","O","19960401","X"
"CA483","8DX94","O","19960401","X"
"CA484","8DX93","O","19960401","X"
"CA485","8DY03","O","19960401","X"
"CA486","8DX97","O","19960401","X"
"CA489","8DX54","O","19960401","X"
"CA496","8DX82","O","19960401",""
"CA497","8DX87","O","19960401",""
"CA499","8DX88","O","19960401",""
"CA500","8DX96","O","19960401",""
"CA501","8DR15","O","19960401",""
"CAABB","RKXBB","O","19940401","X"
"CAABP","RKXBP","O","19940401","X"
"CAABR","RKXBR","O","19940401","X"
"CAABT","RKXBT","O","19940401","X"
"CAADE","RKXDE","O","19940401","X"
"CAADF","RKXDF","O","19940401","F"
"CAADG","RKXDG","O","19940401","X"
"CAADH","RKXDH","O","19940401","X"
"CAADJ","RKXDJ","O","19940401","X"
"CBGNK","RFPNK","O","19930401","X"
"CBGNL","RFPNL","O","19930401","X"
"CBGNM","RFPNM","O","19930401","X"
"CBGNN","RFPNN","O","19930401","X"
"CBGNP","RFPNP","O","19930401","X"
"CBGNR","RFPNR","O","19930401","X"
"CBHGB","RFHGB","O","19930401","F"
"CBHHT","RFHHT","O","19930401","F"
"CBHNT","RFHNT","O","19930401","F"
"CCDCN","RK2CN","O","19940401","F"
"CCECL","RQTCL","O","19950401","F"
"CCEFG","RQTFG","O","19950401","F"
"CCEFH","RQTFH","O","19950401","F"
"CCEFL","RQTFL","O","19950401","F"
"CCEFM","RQTFM","O","19950401","F"
"CCEFP","RQTFP","O","19950401","F"
"CCELA","RQTLA","O","19950401","F"
"CCELB","RQTLB","O","19950401","F"
"CCFAC","RFNAC","O","19930401","F"
"CDCEF","RK4EF","O","19940401","X"
"CDCEH","RK4EH","O","19940401","X"
"CDCFK","RK4FK","O","19940401","F"
"CELLT","RK1LT","O","19940401","F"
"CGEFP","RFJFP","O","19930401","X"
"CGEFR","RFJFR","O","19930401","F"
"CGEGK","RFJGK","O","19930401","F"
"CGEGL","RFJGL","O","19930401","F"
"CGEGM","RFJGM","O","19930401","F"
"CGEGN","RFJGN","O","19930401","F"
"CGEGP","RFJGP","O","19930401","F"
"CGEGR","RFJGR","O","19930401","F"
"CGEGT","RFJGT","O","19930401","F"
"CGEGW","RFJGW","O","19930401","F"
"CGEGX","RFJGX","O","19930401","X"
"CHK","RK6","O","19940401","F"
"CHKLB","RK6LB","O","19940401","F"
"CHKNJ","RK6NJ","O","19940401","F"
"CHKNK","RK6NK","O","19940401","F"
"CHKNL","RK6NL","O","19940401","X"
"CHKNM","RK6NM","O","19940401","F"
"CHKNN","RK6NN","O","19940401","F"
"CHKNP","RK6NP","O","19940401","F"
"CHKPA","RK6PA","O","19940401","F"
"CHKPC","RK6PC","O","19940401","X"
"CHKPD","RK6PD","O","19940401","F"
"CHKPE","RK6PE","O","19940401","X"
"CHKPF","RK6PF","O","19940401","F"
"CHKPG","RK6PG","O","19940401","F"
"CHKPH","RK6PH","O","19940401","F"
"CHKPJ","RK6PJ","O","19940401","F"
"CHKPK","RK6PK","O","19940401","F"
"CHKPL","RK6PL","O","19940401","X"
"CHKPM","RK6PM","O","19940401","X"
"CHKPN","RK6PN","O","19940401","F"
"CHKPP","RK6PP","O","19940401","X"
"CHKPR","RK6PR","O","19940401","X"
"CHKPT","RK6PT","O","19940401","X"
"CHKPW","RK6PW","O","19940401","X"
"CHKPX","RK6PX","O","19940401","F"
"CHKPY","RK6PY","O","19940401","X"
"CHKPZ","RK6PZ","O","19940401","X"
"CHKRA","RK6RA","O","19940401","F"
"CHKTA","RK6TA","O","19940401","X"
"CHKTB","RK6TB","O","19940401","X"
"CHKTC","RK6TC","O","19940401","X"
"CHKTD","RK6TD","O","19940401","X"
"CHKTE","RK6TE","O","19940401","X"
"CHKTF","RK6TF","O","19940401","X"
"CHKTH","RK6TH","O","19940401","F"
"CHKTJ","RK6TJ","O","19940401","X"
"CHKTK","RK6TK","O","19940401","X"
"CHKTL","RK6TL","O","19940401","F"
"CHKTW","RK6TW","O","19940401","X"
"CHMRL","RCTRL","O","19920401","X"
"CHMRM","RCTRM","O","19920401","X"
"CHMRN","RCTRN","O","19920401","X"
"CHMRP","RCTRP","O","19920401","X"
"CHMRQ","RCTRQ","O","19920401","X"
"CHMWG","RCTWG","O","19920401","X"
"CHMWH","RCTWH","O","19920401","X"
"CHMWJ","RCTWJ","O","19920401","X"
"CHMWK","RCTWK","O","19920401","X"
"CHMWL","RCTWL","O","19920401","X"
"CHMWM","RCTWM","O","19920401","X"
"CHMWN","RCTWN","O","19920401","X"
"CHMWP","RCTWP","O","19920401","X"
"CHMWQ","RCTWQ","O","19920401","X"
"CHMWT","RCTWT","O","19920401","X"
"CHMWW","RCTWW","O","19920401","X"
"CHMWX","RCTWX","O","19920401","X"
"CHMWY","RCTWY","O","19920401","X"
"CHMWZ","RCTWZ","O","19920401","X"
"CHPTL","CHKTL","R","19930401","F"
"CHPTW","CHKTW","R","19930401","F"
"CJAAB","RFFAB","O","19930401","X"
"CKWZN","RCQZN","O","19920401","X"
"CKWZP","RCQZP","O","19920401","X"
"CKWZR","RCQZR","O","19920401","X"
"CKWZT","RCQZT","O","19920401","X"
"CKWZW","RCQZW","O","19920401","X"
"CKWZX","RCQZX","O","19920401","X"
"CKWZY","RCQZY","O","19920401","X"
"CLNMA","RFGMA","O","19930401","X"
"CMCCT","RK7CT","O","19940401","X"
"CMCCW","RK7CW","O","19940401","X"
"CMCDL","RK7DL","O","19940401","X"
"CMDRT","RK7RT","O","19940401","X"
"CMDRT","RK7JT","O","19940401","X"
"CMDRW","RK7JW","O","19940401","X"
"CMDRW","RK7RW","O","19940401","X"
"CMDRX","RK7RX","O","19940401","X"
"CMDRY","RK7RY","O","19940401","X"
"CMDRZ","RK7RZ","O","19940401","X"
"CMLWP","RK7WP","O","19940401","X"
"CPM","RQU","O","19950401","F"
"CPMLP","RQULP","O","19950401","F"
"CPMLR","RQULR","O","19950401","F"
"CPMLT","RQULT","O","19950401","F"
"D0001","8DN69","O","19960401","X"
"D0002","8AL76","O","19960401",""
"D0003","8DP99","O","19960401","X"
"D0004","8D739","O","19960401","X"
"D01AS","8A342","O","19960401",""
"D01AT","8A343","O","19960401","X"
"D01AU","8A344","O","19960401","X"
"D01AV","8A345","O","19960401",""
"D01AW","8A346","O","19960401",""
"D01AX","8A347","O","19960401","F"
"D01AY","8A348","O","19960401",""
"D01AZ","8E728","O","19960401","X"
"D01BA","8AP83","O","19960401",""
"D02AH","D05AU","R","19920401","F"
"D02AI","D05AV","R","19920401","F"
"D03AW","D11WW","R","19930401","F"
"D03AX","D11WS","R","19930401","F"
"D04BB","D11BB","R","19930401","F"
"D04BC","D11BC","R","19930401","F"
"D04BD","D11BD","R","19930401","F"
"D04BG","D11BG","R","19930401","F"
"D05","QCD","O","19960401","F"
"D05AA","8A350","O","19960401","X"
"D05AB","8A351","O","19960401",""
"D05AC","8A352","O","19960401","X"
"D05AD","8A353","O","19960401","X"
"D05AE","8A354","O","19960401","X"
"D05AF","8A355","O","19960401",""
"D05AG","8A356","O","19960401","X"
"D05AI","8A358","O","19960401",""
"D05AJ","8A359","O","19960401",""
"D05AK","8A360","O","19960401","F"
"D05AL","8A361","O","19960401",""
"D05AM","8A362","O","19960401",""
"D05AN","8A363","O","19960401",""
"D05AO","8A364","O","19960401",""
"D05AP","8A365","O","19960401",""
"D05AQ","8A366","O","19960401","F"
"D05AR","8A367","O","19960401",""
"D05AS","8A368","O","19960401",""
"D05AT","8A369","O","19960401",""
"D05AU","8A370","O","19960401","X"
"D05AV","8A371","O","19960401",""
"D05AW","8A372","O","19960401",""
"D05AX","8A373","O","19960401",""
"D05AY","8A374","O","19960401",""
"D05AZ","8A375","O","19960401",""
"D05BA","8A377","O","19960401",""
"D05BB","8A378","O","19960401",""
"D05BC","8A379","O","19960401","X"
"D05BE","8EA28","O","19960401",""
"D05BF","8EA29","O","19960401",""
"D05BG","8EA30","O","19960401",""
"D05BH","8EA31","O","19960401",""
"D06BS","D13BS","R","19940401","F"
"D06BT","D13BT","R","19940401","F"
"D06BU","D13BU","R","19940401","F"
"D06BV","D13BV","R","19940401","F"
"D06BW","D13BW","R","19940401","F"
"D06BX","D13BX","R","19940401","F"
"D06BY","D13BY","R","19940401","F"
"D06BZ","D13BZ","R","19940401","F"
"D06CA","D13CA","R","19940401","F"
"D07AG","D13YG","R","19940401","F"
"D07AH","D12YH","R","19940401","X"
"D07AI","D13YI","R","19940401","F"
"D11","D12","R","19940401","F"
"D11AA","D12AA","R","19940401","F"
"D11AB","D12AB","R","19940401","F"
"D11AC","D12AC","R","19940401","F"
"D11AD","D12AD","R","19940401","F"
"D11AE","D12AE","R","19940401","F"
"D11AF","D12AF","R","19940401","F"
"D11AG","D12AG","R","19940401","F"
"D11AH","D12AH","R","19940401","F"
"D11AI","D12AI","R","19940402","F"
"D11AJ","D12AJ","R","19940401","F"
"D11AK","D12AK","R","19940401","F"
"D11AL","D12AL","R","19940401","F"
"D11AM","D12AM","R","19940401","F"
"D11AN","D12AN","R","19940401","F"
"D11AP","D12AP","R","19940401","F"
"D11AQ","D12AQ","R","19940401","F"
"D11AS","D12AS","R","19940401","F"
"D11AT","D12AT","R","19940401","F"
"D11AU","D12AU","R","19940401","F"
"D11AV","D12AV","R","19940401","F"
"D11AW","D12AW","R","19940401","F"
"D11AX","D12AX","R","19940401","F"
"D11AY","D12AY","R","19940401","F"
"D11AZ","D12AZ","R","19940401","F"
"D11BA","D12BA","R","19940401","F"
"D11BB","D12BB","R","19940401","F"
"D11BC","D12BC","R","19940401","F"
"D11BD","D12BD","R","19940401","F"
"D11BE","D12BE","R","19940401","F"
"D11BF","D12BF","R","19940401","F"
"D11BG","D12BG","R","19940401","F"
"D11BI","D12BI","R","19940401","F"
"D11BJ","D12BJ","R","19940401","F"
"D11BK","D12BK","R","19940401","F"
"D11WA","D12WA","R","19940401","F"
"D11WB","D12WB","R","19940401","F"
"D11WC","D12WC","R","19940401","F"
"D11WD","D12WD","R","19940401","F"
"D11WE","D12WE","R","19940401","F"
"D11WF","D12WF","R","19940401","F"
"D11WG","D12WG","R","19940401","F"
"D11WH","D12WH","R","19940401","F"
"D11WI","D12WI","R","19940401","F"
"D11WJ","D12WJ","R","19940401","F"
"D11WK","D12WK","R","19940401","F"
"D11WL","D12WL","R","19940401","F"
"D11WM","D12WM","R","19940401","F"
"D11WN","D12WN","R","19940401","F"
"D11WP","D12WP","R","19940401","F"
"D11WQ","D12WQ","R","19940401","F"
"D11WR","D12WR","R","19940401","F"
"D11WS","D12WS","R","19940401","F"
"D11WT","D12WT","R","19940401","F"
"D11WU","D12WU","R","19940401","F"
"D11WV","D12WV","R","19940401","F"
"D11WW","D12WW","R","19940401","F"
"D11WX","D12WX","R","19940401","F"
"D12","QCF","O","19960401","F"
"D12AA","8A388","O","19960401","X"
"D12AB","8A389","O","19960401","X"
"D12AC","8A390","O","19960401",""
"D12AD","8A391","O","19960401","X"
"D12AE","8A392","O","19960401",""
"D12AF","8A393","O","19960401","F"
"D12AG","8A394","O","19960401",""
"D12AH","8A395","O","19960401",""
"D12AI","8A396","O","19960401",""
"D12AJ","8A397","O","19960401","X"
"D12AK","8A398","O","19960401",""
"D12AL","8A399","O","19960401","X"
"D12AM","8A401","O","19960401","X"
"D12AN","8A402","O","19960401",""
"D12AP","8A403","O","19960401",""
"D12AQ","8A404","O","19960401",""
"D12AS","8A405","O","19960401","X"
"D12AT","8A406","O","19960401",""
"D12AU","8A407","O","19960401",""
"D12AV","8A408","O","19960401",""
"D12AW","8A409","O","19960401",""
"D12AX","8A410","O","19960401",""
"D12AY","8A411","O","19960401",""
"D12AZ","8A412","O","19960401",""
"D12BA","8A413","O","19960401",""
"D12BB","8A414","O","19960401",""
"D12BC","8A415","O","19960401","X"
"D12BD","8A416","O","19960401",""
"D12BE","8A417","O","19960401",""
"D12BF","8A418","O","19960401","X"
"D12BG","8A419","O","19960401","X"
"D12BI","8A420","O","19960401",""
"D12BJ","8A421","O","19960401",""
"D12BK","8A422","O","19960401",""
"D12BL","8A423","O","19960401",""
"D12BM","8A424","O","19960401","X"
"D12BN","8A425","O","19960401",""
"D12BO","8A426","O","19960401",""
"D12CA","8A427","O","19960401","X"
"D12GA","8A428","O","19960401",""
"D12GB","8A429","O","19960401",""
"D12WA","8A430","O","19960401",""
"D12WB","8A431","O","19960401","X"
"D12WC","8A432","O","19960401",""
"D12WD","8A433","O","19960401","X"
"D12WE","8A434","O","19960401","X"
"D12WF","8A435","O","19960401",""
"D12WG","8A436","O","19960401","F"
"D12WH","8A437","O","19960401",""
"D12WI","8A438","O","19960401",""
"D12WJ","8A439","O","19960401",""
"D12WK","8A440","O","19960401",""
"D12WL","8A441","O","19960401",""
"D12WM","8A442","O","19960401","X"
"D12WN","8A443","O","19960401","X"
"D12WP","8A444","O","19960401","X"
"D12WQ","8A445","O","19960401",""
"D12WR","8A446","O","19960401","X"
"D12WS","8A447","O","19960401",""
"D12WT","8A448","O","19960401",""
"D12WU","8A449","O","19960401",""
"D12WV","8A450","O","19960401","X"
"D12WW","8A451","O","19960401",""
"D12WX","8A452","O","19960401",""
"D12WY","8A453","O","19960401",""
"D12WZ","8A454","O","19960401",""
"D12YJ","8CJ01","O","19960401","X"
"D12YK","8CD78","O","19960401","X"
"D12YL","8CK29","O","19960401","X"
"D12YM","8DG12","O","19960401",""
"D12YN","8DG21","O","19960401",""
"D12YP","8DG98","O","19960401","X"
"D12YQ","8DH93","O","19960401","X"
"D13","QCA","O","19960401","F"
"D13AA","8A455","O","19960401","F"
"D13AB","8A456","O","19960401",""
"D13AC","8A457","O","19960401","X"
"D13AD","8A458","O","19960401",""
"D13AE","8A459","O","19960401",""
"D13AF","8A460","O","19960401",""
"D13AG","8A461","O","19960401",""
"D13AH","8A462","O","19960401","F"
"D13AI","8A463","O","19960401","X"
"D13AJ","8A464","O","19960401",""
"D13AK","8A465","O","19960401",""
"D13AL","8A466","O","19960401",""
"D13AM","8A467","O","19960401",""
"D13AN","8A468","O","19960401",""
"D13AP","8A469","O","19960401",""
"D13AQ","8A470","O","19960401",""
"D13AR","8A471","O","19960401",""
"D13AS","8A472","O","19960401",""
"D13AT","8A473","O","19960401",""
"D13AU","8A474","O","19960401",""
"D13AV","8A475","O","19960401",""
"D13AW","8A476","O","19960401",""
"D13AX","8A477","O","19960401",""
"D13BA","8A478","O","19960401",""
"D13BB","8A479","O","19960401",""
"D13BC","8A480","O","19960401",""
"D13BD","8A481","O","19960401",""
"D13BE","8A482","O","19960401",""
"D13BF","8A483","O","19960401",""
"D13BG","8A484","O","19960401",""
"D13BH","8A485","O","19960401",""
"D13BI","8A486","O","19960401",""
"D13BJ","8A487","O","19960401",""
"D13BK","8A488","O","19960401",""
"D13BL","8A489","O","19960401",""
"D13BM","8A490","O","19960401","X"
"D13BN","8A491","O","19960401",""
"D13BP","8A492","O","19960401",""
"D13BQ","8A493","O","19960401",""
"D13BR","8A494","O","19960401",""
"D13BS","8A495","O","19960401",""
"D13BT","8A496","O","19960401",""
"D13BU","8A497","O","19960401",""
"D13BV","8A498","O","19960401",""
"D13BW","8A499","O","19960401",""
"D13BX","8A501","O","19960401",""
"D13BY","8A502","O","19960401",""
"D13BZ","8A503","O","19960401",""
"D13CA","8A504","O","19960401",""
"D13CB","8A505","O","19960401",""
"D13CC","8A506","O","19960401",""
"D13CD","8A507","O","19960401",""
"D13CE","8DW86","O","19960401","X"
"D13CF","8DN57","O","19960401",""
"D13CG","8DN68","O","19960401",""
"D13DA","8DP16","O","19960401",""
"D13YA","8A508","O","19960401",""
"D13YB","8A509","O","19960401",""
"D13YD","8A510","O","19960401",""
"D13YE","8A511","O","19960401",""
"D13YF","8A512","O","19960401",""
"D13YG","8A513","O","19960401",""
"D13YI","8A514","O","19960401",""
"D13YK","8A930","O","19960401",""
"D14","QA6","O","19960401","F"
"D14AA","8A515","O","19960401",""
"D14AB","8A516","O","19960401","X"
"D14AC","8A517","O","19960401","F"
"D14AE","8A519","O","19960401",""
"D14AF","8A520","O","19960401",""
"D14AG","8A521","O","19960401",""
"D14AH","8A522","O","19960401",""
"D14AJ","8A523","O","19960401",""
"D14AK","8A524","O","19960401",""
"D14AL","8A525","O","19960401",""
"D14AM","8A526","O","19960401",""
"D14AN","8A527","O","19960401",""
"D14AO","8A528","O","19960401",""
"D14AR","8A529","O","19960401",""
"D14AS","8A530","O","19960401",""
"D14AT","8A531","O","19960401",""
"D14AU","8A532","O","19960401",""
"D14AV","8A533","O","19960401",""
"D14AW","8A534","O","19960401","X"
"D14AX","8A535","O","19960401",""
"D14BA","8A536","O","19960401",""
"D14BB","8A537","O","19960401","F"
"D14BC","8A538","O","19960401",""
"D14BD","8A539","O","19960401",""
"D14BE","8A540","O","19960401",""
"D14BF","8A541","O","19960401",""
"D14BG","8A542","O","19960401",""
"D14BH","8A543","O","19960401",""
"D14BI","8AE89","O","19960401",""
"D14BJ","8EA32","O","19960401",""
"D14BK","8EA33","O","19960401",""
"D14BL","8A954","O","19960401",""
"D14BM","8A959","O","19960401",""
"DC113","RGT13","O","19930401","F"
"DC315","RGS15","O","19930401","F"
"DD004","8DY74","O","19960401","X"
"DF003","8DY73","O","19960401","X"
"DF004","8DY72","O","19960401","X"
"DG005","8E005","O","19960401","X"
"DG006","8DY30","O","19960401","X"
"DG007","8DY33","O","19960401","X"
"DG008","8DY34","O","19960401",""
"DG009","8DY43","O","19960401","X"
"DG010","8DY35","O","19960401","X"
"DG011","8DY36","O","19960401","X"
"DG012","8AD54","O","19960401","X"
"DG013","8DY97","O","19960401","X"
"DG014","8A572","O","19960401","X"
"DG015","8E004","O","19960401",""
"DG016","8DY71","O","19960401",""
"DG017","8E006","O","19960401","X"
"DH002","8DY70","O","19960401",""
"DH003","8DY83","O","19960401","X"
"DJ002","8DY77","O","19960401","X"
"DL5","8JN89","O","20171001","X"
"DN131","RM131","O","19940401",""
"DN357","RMY15","O","19940401","X"
"DN358","RMY10","O","19940401",""
"DW144","RGR44","O","19930401",""
"DZ1X5","8AD36","O","19960401","X"
"DZ1X6","8AD37","O","19960401","X"
"E0001","8CM43","O","19960401","X"
"E0002","8DC50","O","19960401",""
"E0003","8AD92","O","19960401",""
"E0004","8DD44","O","19960401","X"
"E0005","8DN27","O","19960401","X"
"E0006","8DN29","O","19960401",""
"E0007","8AK22","O","19960401","X"
"E0008","8AE10","O","19960401","X"
"E0009","8AD16","O","19960401","X"
"E0010","8DN39","O","19960401","X"
"E0011","8DN96","O","19960401","X"
"E0013","8DQ52","O","19960401",""
"E0014","8AE14","O","19960401","X"
"E0015","8A723","O","19960401",""
"E0016","8DQ97","O","19960401","X"
"E0018","8DT01","O","19960401",""
"E0019","8DR94","O","19960401",""
"E0020","8DR95","O","19960401","X"
"E0021","8DR96","O","19960401","X"
"E0022","8DR97","O","19960401","X"
"E0023","8DX13","O","19960401",""
"E0024","8DX14","O","19960401","X"
"E0025","8DX15","O","19960401",""
"E0026","8DX16","O","19960401","X"
"E0027","8DX17","O","19960401",""
"E0028","8DX19","O","19960401","X"
"E0029","8DX20","O","19960401","X"
"E0030","8DX21","O","19960401","X"
"E01AR","D14AR","R","19940401","F"
"E01AS","D14AS","R","19940401","F"
"E01AT","D14AT","R","19940401","F"
"E02BD","D14BD","R","19940401","F"
"E02BE","D14BE","R","19940401","F"
"E02BF","D14BF","R","19940401","F"
"E02BG","D14BG","R","19940401","F"
"E05EO","8A557","O","19960401",""
"E05EP","8A558","O","19960401","X"
"E05EQ","8A559","O","19960401","X"
"E05ER","8A560","O","19960401","X"
"E05ES","8A561","O","19960401",""
"E06FL","8A573","O","19960401","X"
"E06FM","8A574","O","19960401",""
"E06FN","8A575","O","19960401",""
"E06FO","8A576","O","19960401",""
"E07GX","8A598","O","19960401",""
"E07GY","8A599","O","19960401",""
"E07GZ","8A601","O","19960401",""
"E07ZA","8A602","O","19960401",""
"E07ZB","8A603","O","19960401",""
"E07ZC","8A604","O","19960401",""
"E07ZD","8A605","O","19960401","X"
"E07ZE","8A606","O","19960401","X"
"E07ZF","8A607","O","19960401","X"
"E07ZG","8EA35","O","19960401","X"
"E09IK","8A616","O","19960401",""
"E09IL","8A617","O","19960401",""
"E10JF","H14BR","R","19930401","F"
"E17LK","E21LK","R","19930401","F"
"E17LL","E21LL","R","19930401","F"
"E18","QEP","O","19960401","F"
"E18CA","8A619","O","19960401",""
"E18CB","8A620","O","19960401",""
"E18CC","8A621","O","19960401",""
"E18CD","8A622","O","19960401",""
"E18CE","8A623","O","19960401",""
"E18CF","8A624","O","19960401",""
"E18CG","8A625","O","19960401","F"
"E18CH","8A626","O","19960401",""
"E18CI","8A627","O","19960401","X"
"E18CJ","8A628","O","19960401",""
"E18CK","8A629","O","19960401",""
"E18CL","8A630","O","19960401",""
"E18CM","8A631","O","19960401",""
"E18CN","8A632","O","19960401",""
"E18DA","8A633","O","19960401",""
"E18DB","8A634","O","19960401",""
"E18DC","8A635","O","19960401",""
"E18DD","8A636","O","19960401",""
"E18DE","8A637","O","19960401",""
"E18DF","8A638","O","19960401",""
"E18DH","8A639","O","19960401",""
"E18DI","8A640","O","19960401",""
"E18DJ","8A641","O","19960401",""
"E18DK","8A642","O","19960401",""
"E18DL","8A643","O","19960401","F"
"E18DM","8A644","O","19960401",""
"E18DN","8A645","O","19960401",""
"E19","QAR","O","19960401","F"
"E19H1","8EA34","O","19960401",""
"E19HA","8A646","O","19960401","F"
"E19HB","8A647","O","19960401","X"
"E19HC","8A648","O","19960401",""
"E19HD","8A649","O","19960401",""
"E19HE","8A650","O","19960401",""
"E19HF","8A651","O","19960401",""
"E19HH","8A652","O","19960401","X"
"E19HI","8A653","O","19960401",""
"E19HJ","8A654","O","19960401",""
"E19HK","8A655","O","19960401","X"
"E19HL","8A656","O","19960401","X"
"E19HM","8A657","O","19960401",""
"E19HN","8A658","O","19960401",""
"E19HO","8A659","O","19960401","X"
"E19HP","8A660","O","19960401",""
"E19HQ","8A661","O","19960401",""
"E19HR","8A662","O","19960401",""
"E19HS","8A663","O","19960401",""
"E19HT","8A664","O","19960401",""
"E19HU","8A665","O","19960401","X"
"E19HV","8A666","O","19960401",""
"E19HW","8D955","O","19960401",""
"E19HX","8D952","O","19960401",""
"E19HY","8D953","O","19960401",""
"E19HZ","8D954","O","19960401",""
"E20","QAV","O","19960401","F"
"E20KA","8A667","O","19960401",""
"E20KB","8A668","O","19960401",""
"E20KD","8A669","O","19960401","X"
"E20KE","8A670","O","19960401","X"
"E20KH","8A672","O","19960401","F"
"E20KI","8A673","O","19960401",""
"E20KJ","8A674","O","19960401",""
"E20KK","8A675","O","19960401",""
"E20KM","8A677","O","19960401",""
"E20KN","8A678","O","19960401",""
"E20KO","8A679","O","19960401",""
"E20KP","8A680","O","19960401",""
"E20KQ","8A681","O","19960401",""
"E20KR","8A682","O","19960401","X"
"E20KS","8A683","O","19960401",""
"E20KT","8A684","O","19960401",""
"E20KU","8A685","O","19960401",""
"E20KV","8A686","O","19960401",""
"E20KW","8A687","O","19960401",""
"E20KX","8A688","O","19960401",""
"E20KY","8A689","O","19960401",""
"E20KZ","8A690","O","19960401","X"
"E20LA","8A691","O","19960401","X"
"E20LB","8A692","O","19960401",""
"E21","QA3","O","19960401","F"
"E21LD","8A693","O","19960401","X"
"E21LE","8A694","O","19960401","X"
"E21LG","8A695","O","19960401","F"
"E21LH","8A696","O","19960401","X"
"E21LK","8A698","O","19960401","X"
"E21LL","8A699","O","19960401",""
"E21LM","8A701","O","19960401","X"
"E21LP","8A703","O","19960401",""
"E21LQ","8A704","O","19960401",""
"E21LR","8A705","O","19960401",""
"E21LS","8A706","O","19960401",""
"E21MA","8A707","O","19960401",""
"E21MB","8A708","O","19960401",""
"E21MC","8A709","O","19960401",""
"E21MD","8A710","O","19960401","F"
"E21ME","8A711","O","19960401","F"
"E21MF","8A712","O","19960401","F"
"E21MG","8A713","O","19960401","F"
"E21MH","8A714","O","19960401","F"
"E21MJ","8A715","O","19960401","F"
"E21MK","8A716","O","19960401",""
"E21ML","8A717","O","19960401","X"
"E21MM","8A718","O","19960401",""
"E21MP","8A719","O","19960401",""
"E21MR","8A721","O","19960401",""
"E21MT","8A722","O","19960401","X"
"E21MW","8A725","O","19960401",""
"E21MX","8A726","O","19960401",""
"E21MY","8A727","O","19960401",""
"E21MZ","8A728","O","19960401",""
"E21NA","8A729","O","19960401","X"
"E21NB","8A730","O","19960401","F"
"E21NE","8A731","O","19960401","X"
"E21NF","8A732","O","19960401","F"
"E21NG","8A733","O","19960401",""
"E21NH","8A734","O","19960401","X"
"E21NI","8A735","O","19960401","X"
"E21NK","8DJ23","O","19960401",""
"E8211","8AD38","O","19960401",""
"E8411","8AD39","O","19960401","X"
"E8714","8AD41","O","19960401","X"
"E8716","8AD43","O","19960401",""
"E8717","8AD44","O","19960401","X"
"E8718","8AD45","O","19960401","X"
"E8719","8AD46","O","19960401","X"
"E8720","8AD47","O","19960401","X"
"E8721","8AD48","O","19960401","X"
"E8722","8AD49","O","19960401","X"
"E8723","8AD50","O","19960401",""
"E8724","8AD51","O","19960401","X"
"E8725","8AD52","O","19960401",""
"E8726","8AD53","O","19960401","X"
"E8729","8AD56","O","19960401","X"
"E8861","8AY93","O","19960401","X"
"E8862","8A265","O","19960401",""
"E8863","8AD44","O","19960401","X"
"E8864","8CA17","O","19960401",""
"E8865","8E168","O","19960401","X"
"E8866","8DN45","O","19960401",""
"E8867","8E169","O","19960401","X"
"E8868","8DN49","O","19960401","F"
"E8869","8DN50","O","19960401","X"
"E8870","8DN51","O","19960401","X"
"E8871","8DN52","O","19960401","X"
"E8872","8DN53","O","19960401","X"
"E8873","8E181","O","19960401","X"
"E8874","8C686","O","19960401","X"
"E8875","8C695","O","19960401","X"
"E8876","8A660","O","19960401",""
"E8877","8E171","O","19960401","X"
"E8878","8DN31","O","19960401","X"
"E8879","8E175","O","19960401","X"
"E8880","8DN32","O","19960401","X"
"E8881","8E176","O","19960401",""
"E8882","8E177","O","19960401","X"
"E8883","8E178","O","19960401",""
"E8884","8DN33","O","19960401","X"
"E8885","8DN34","O","19960401",""
"E8886","8AD67","O","19960401","X"
"E8887","8DN36","O","19960401",""
"E8888","8DN37","O","19960401",""
"E8889","8DN38","O","19960401",""
"E8890","8E180","O","19960401","X"
"E8891","8E129","O","19960401","X"
"E8892","8DN40","O","19960401",""
"EJT","RRR","O","19950401","F"
"EJT01","RRR01","O","19950401","F"
"ENC","RPV","O","19940401","F"
"ENC45","RPV45","O","19940401","F"
"EQM03","RJ503","O","19930401","F"
"EQM17","RJ517","O","19930401","X"
"F0001","8DN08","O","19960401",""
"F0002","8DN09","O","19960401",""
"F0003","8AE20","O","19960401","X"
"F0004","8AC37","O","19960401",""
"F0005","8DN79","O","19960401",""
"F0006","8DP49","O","19960401",""
"F0007","8DR80","O","19960401","X"
"F0008","8DR81","O","19960401","X"
"F0010","8DT85","O","19960401",""
"F0011","8DX25","O","19960401","X"
"F01MD","8A737","O","19960401",""
"F01ME","8A738","O","19960401",""
"F01MF","8A739","O","19960401","X"
"F01MG","8A740","O","19960401",""
"F01MH","8A741","O","19960401",""
"F01MJ","8A742","O","19960401","X"
"F02MK","8A745","O","19960401","F"
"F03ML","8A760","O","19960401",""
"F03MM","8A761","O","19960401",""
"F03MN","8A762","O","19960401",""
"F03MQ","8A763","O","19960401",""
"F03MX","8A764","O","19960401","X"
"F03MY","8A765","O","19960401",""
"F03PC","8A766","O","19960401",""
"F03PD","8A767","O","19960401",""
"F03PE","F31NT","R","19930401","F"
"F03PF","8A769","O","19960401",""
"F03PG","8A770","O","19960401",""
"F03PH","8A771","O","19960401",""
"F03PJ","8A772","O","19960401","X"
"F03PK","8A773","O","19960401",""
"F03PL","8A774","O","19960401",""
"F03PM","8A775","O","19960401",""
"F03PN","8A776","O","19960401",""
"F03PP","8A777","O","19960401","X"
"F04MP","8A793","O","19960401","X"
"F04QR","8A794","O","19960401",""
"F04QS","8A795","O","19960401",""
"F04QT","8A796","O","19960401","X"
"F05MA","8A808","O","19960401",""
"F05MB","8A809","O","19960401",""
"F05MC","8A810","O","19960401","X"
"F05RJ","8A819","O","19960401","X"
"F05RK","8A820","O","19960401",""
"F05ZT","8A844","O","19960401","X"
"F05ZV","8A845","O","19960401",""
"F06PA","8A846","O","19960401","X"
"F06QU","8A847","O","19960401",""
"F06QV","8A848","O","19960401","X"
"F06QW","8A849","O","19960401","X"
"F06QX","8A850","O","19960401","X"
"F06QY","8A851","O","19960401","X"
"F06QZ","8A852","O","19960401","X"
"F06ZY","8A863","O","19960401",""
"F07MV","8A865","O","19960401","X"
"F07MW","8A866","O","19960401",""
"F13PB","8A878","O","19960401","F"
"F13TU","8AD90","O","19960401","X"
"F13YK","8A889","O","19960401",""
"F14RW","8A892","O","19960401","X"
"F14RX","8A893","O","19960401","X"
"F15RN","8A904","O","19960401",""
"F22MR","8A919","O","19960401",""
"F22MS","8A920","O","19960401","X"
"F22MT","8A921","O","19960401",""
"F22MU","8A922","O","19960401",""
"F31","QAX","O","19960401","F"
"F31LS","8A929","O","19960401","X"
"F31NF","8A931","O","19960401",""
"F31NG","8A932","O","19960401",""
"F31NP","8A933","O","19960401",""
"F31NR","8A934","O","19960401",""
"F31NS","8A935","O","19960401",""
"F31NT","8A768","O","19960401","F"
"F31NU","8E406","O","19960401",""
"F31NV","8E405","O","19960401",""
"F31NW","8CN95","O","19960401","X"
"F31NX","8E409","O","19960401","X"
"F31NY","8E407","O","19960401","X"
"F31NZ","8E408","O","19960401",""
"F31PA","8E410","O","19960401",""
"F31PB","8E411","O","19960401","X"
"F32","QAY","O","19960401","F"
"F32NB","8A936","O","19960401",""
"F32NC","8A937","O","19960401",""
"F32ND","8A938","O","19960401",""
"F32NV","8A939","O","19960401","X"
"F32NW","8A940","O","19960401",""
"F32NX","8A941","O","19960401",""
"F32NY","8A942","O","19960401","X"
"F32NZ","8A943","O","19960401","X"
"F32PA","8AX26","O","19960401","X"
"F33","QAP","O","19960401","F"
"F33LT","8A944","O","19960401","X"
"F33LU","8A944","O","19960401","X"
"F33LV","8A944","O","19960401","X"
"F33LW","8A947","O","19960401","X"
"F33LX","8A948","O","19960401","X"
"F33LY","8A949","O","19960401","X"
"F33LZ","8A950","O","19960401",""
"F33NU","8A951","O","19960401","X"
"F33NV","8CP19","O","19960401",""
"F33NW","8CP41","O","19960401",""
"F33NX","8CP44","O","19960401",""
"F33NY","8DL47","O","19960401",""
"F34","QA5","O","19960401","F"
"F34NH","8A952","O","19960401",""
"F34NJ","8A953","O","19960401",""
"F35","QAW","O","19960401","F"
"F35NL","8A955","O","19960401",""
"F35NM","8A956","O","19960401","X"
"F35NN","8D493","O","19960401",""
"F36","QA4","O","19960401","F"
"F36NM","8A957","O","19960401","X"
"F36NN","8A958","O","19960401","X"
"F36NP","8CQ28","O","19960401",""
"F36NQ","8DL39","O","19960401",""
"F37","QAT","O","19960401","F"
"FBBPC","RG6A8","O","19930401","X"
"FBEWB","RHBWB","O","19930401","X"
"FBH","RHD","O","19930401","F"
"FBHR4","RHDR4","O","19930401","X"
"FBJ","RQ8","O","19950401","F"
"FBJH2","RQ8H2","O","19950401","F"
"FBK","RG7","O","19930401","F"
"FBKP6","RG700","O","19930401","F"
"FBKP7","RG700","O","19930401","F"
"FBKP8","RG700","O","19930401","F"
"FBKP9","RG700","O","19930401","F"
"FBKPA","RG700","O","19930401","F"
"FBL","RNK","O","19940401",""
"FBMHU","RG8HU","O","19940401","F"
"FBN","RRH","O","19950401","F"
"FBN","RRL","O","19950401","F"
"FBN","RRG","O","19950401","F"
"FBR","RQX","O","19950401",""
"FBRM1","RQXM1","O","19950401",""
"FBS","RQW","O","19950401",""
"FBSG0","RQWG0","O","19950401",""
"FBT","RQV","O","19950401","F"
"FBX","RNJ","O","19960401","F"
"FZ961","8AD88","O","19960401",""
"FZ975","8AD89","O","19960401","X"
"G0001","8AE15","O","19960401","X"
"G0002","8AE16","O","19960401","X"
"G0003","8DN30","O","19960401","X"
"G0004","8AE32","O","19960401","X"
"G0005","8AE53","O","19960401",""
"G0006","8AG56","O","19960401","X"
"G0007","8AG99","O","19960401",""
"G0008","8CG94","O","19960401",""
"G0009","8CK17","O","19960401",""
"G0010","8DN43","O","19960401",""
"G0011","8DN44","O","19960401","X"
"G0012","8DN47","O","19960401","X"
"G0013","8DN54","O","19960401","X"
"G0014","8DM80","O","19960401",""
"G0015","8DN55","O","19960401","X"
"G0016","8DN70","O","19960401",""
"G0017","8DN71","O","19960401",""
"G0018","8DN72","O","19960401","X"
"G0019","8DN73","O","19960401",""
"G0020","8DN74","O","19960401",""
"G0021","8DN75","O","19960401","X"
"G0022","8DN76","O","19960401","X"
"G0023","8DN78","O","19960401","X"
"G0024","8DN35","O","19960401","X"
"G0025","8DN81","O","19960401","X"
"G0026","8DN82","O","19960401","X"
"G0027","8DN84","O","19960401","X"
"G0029","8DN86","O","19960401",""
"G0030","8DN87","O","19960401",""
"G0031","8DN88","O","19960401","X"
"G0032","8DN89","O","19960401","X"
"G0033","8DN90","O","19960401","X"
"G0034","8DN91","O","19960401","X"
"G0035","8DN92","O","19960401","X"
"G0036","8DN93","O","19960401","X"
"G0037","8DN94","O","19960401","X"
"G0038","8A295","O","19960401","X"
"G0039","8DN97","O","19960401","X"
"G0040","8DN98","O","19960401","X"
"G0041","8DN99","O","19960401","X"
"G0042","8DP01","O","19960401","X"
"G0043","8DP02","O","19960401","X"
"G0044","8DP03","O","19960401","X"
"G0045","8DP04","O","19960401",""
"G0046","8DP05","O","19960401",""
"G0048","8DP07","O","19960401","X"
"G0049","8DP08","O","19960401","X"
"G0050","8DP10","O","19960401","X"
"G0051","8DP13","O","19960401",""
"G0052","8DP17","O","19960401","X"
"G0053","8DP21","O","19960401","X"
"G0054","8DP22","O","19960401","X"
"G0055","8DP23","O","19960401",""
"G0056","8DP24","O","19960401","X"
"G0057","8DP25","O","19960401","X"
"G0058","8DP26","O","19960401","X"
"G0059","8DP27","O","19960401","X"
"G0060","8DP28","O","19960401",""
"G0061","8DP30","O","19960401","X"
"G0062","8DP31","O","19960401","X"
"G0063","8DP32","O","19960401","X"
"G0064","8DP33","O","19960401","X"
"G0065","8DP35","O","19960401","X"
"G0066","8DP34","O","19960401","X"
"G0067","8DP36","O","19960401",""
"G0068","8DP37","O","19960401","X"
"G0069","8DP38","O","19960401","X"
"G0070","8DP50","O","19960401","X"
"G0071","8DP48","O","19960401","X"
"G0072","8DP39","O","19960401","X"
"G0073","8DP71","O","19960401","X"
"G0074","8DP72","O","19960401",""
"G0075","8DP73","O","19960401","X"
"G0076","8DP74","O","19960401","X"
"G0077","8DP75","O","19960401","X"
"G0078","8DP76","O","19960401","X"
"G0079","8DP77","O","19960401","X"
"G0080","8AL59","O","19960401","X"
"G0081","8DQ01","O","19960401","X"
"G0082","8DQ15","O","19960401","X"
"G0084","8DQ04","O","19960401",""
"G0085","8DQ06","O","19960401","X"
"G0086","8DQ07","O","19960401","X"
"G0087","8DQ08","O","19960401","X"
"G0088","8AA12","O","19960401","X"
"G0089","8DQ11","O","19960401","X"
"G0090","8DQ12","O","19960401","X"
"G0091","8DQ13","O","19960401",""
"G0092","8DQ14","O","19960401",""
"G0093","8DQ17","O","19960401","X"
"G0094","8DQ40","O","19960401",""
"G0095","8DQ41","O","19960401",""
"G0096","8DQ42","O","19960401","X"
"G0097","8DQ43","O","19960401","X"
"G0098","8DQ44","O","19960401","X"
"G0099","8DQ45","O","19960401","X"
"G01CC","8DV73","O","19960401","F"
"G01GE","G21GE","R","19930401","F"
"G01KG","G21KG","R","19930401","F"
"G01KH","G21KH","R","19930401","F"
"G01KI","G21KI","R","19930401","F"
"G01OV","G21OV","R","19930401","F"
"G01OW","G21OW","R","19930401","F"
"G01OX","G21OX","R","19930401","F"
"G01OY","G21OY","R","19930401","F"
"G04BY","G22BY","R","19940401","F"
"G04BZ","G22BZ","R","19940401","X"
"G05GB","G22GB","R","19940401","F"
"G05GC","G22GC","R","19940401","F"
"G05GD","G22GD","R","19940401","F"
"G05GI","G22GI","R","19940401","F"
"G05GJ","G22GJ","R","19940401","F"
"G05GK","G22GK","R","19940401","F"
"G06GC","G23GC","R","19940401","F"
"G06KE","G23KE","R","19940401","F"
"G07GB","G23GB","R","19940401","F"
"G07YE","G23YE","R","19940401","F"
"G08YO","G2370","R","19940401","F"
"G1109","G24CW","R","19940401","F"
"G11AV","G24CV","R","19940401","F"
"G11BD","G24DH","R","19940401","F"
"G11CJ","G24CI","R","19940401","F"
"G11CS","G24CS","R","19940401","F"
"G11CT","G24CT","R","19940401","F"
"G12FW","8A993","O","19960401",""
"G12FX","8A994","O","19960401","X"
"G12FY","8A995","O","19960401",""
"G12FZ","8A996","O","19960401",""
"G12GA","8A997","O","19960401",""
"G12GB","8A998","O","19960401",""
"G12GC","8A999","O","19960401",""
"G12GE","8CA01","O","19960401",""
"G12GF","8D492","O","19960401",""
"G13PF","G26PF","R","19930401","F"
"G13PR","G26PR","R","19930401","F"
"G13PS","G26PS","R","19930401","F"
"G14PD","G26PD","R","19930401","F"
"G14PF","G14PF","R","19920401","F"
"G15PB","G26PB","R","19930401","F"
"G15PC","G26PC","R","19930401","F"
"G15PE","G26PE","R","19930401","F"
"G15PG","G26PG","R","19930401","F"
"G15PH","G26PH","R","19930401","F"
"G15PI","G26PI","R","19930401","F"
"G15PJ","G26PJ","R","19930401","F"
"G15PK","G26PK","R","19930401","F"
"G15PM","G26PM","R","19930401","F"
"G15PN","G26PN","R","19930401","F"
"G15PP","G26PP","R","19930401","F"
"G15PQ","G26PQ","R","19930401","F"
"G15PU","G15PU","R","19920401","F"
"G15PW","G26PW","R","19930401","F"
"G21","QAM","O","19960401","F"
"G2118","8CE79","O","19960401",""
"G2121","8CE80","O","19960401","X"
"G2122","8CE81","O","19960401","F"
"G2153","8CE82","O","19960401",""
"G2180","8CE83","O","19960401","X"
"G2181","8CE84","O","19960401","X"
"G2182","8CE85","O","19960401",""
"G2183","8CE86","O","19960401","X"
"G2184","8CE87","O","19960401","X"
"G2185","8EA18","O","19960401","X"
"G21AB","8CA39","O","19960401",""
"G21AE","8CA41","O","19960401",""
"G21AF","8CA42","O","19960401",""
"G21AG","8CA43","O","19960401",""
"G21AH","8CE70","O","19960401",""
"G21AI","8CA45","O","19960401",""
"G21AJ","8CA46","O","19960401","X"
"G21AK","8CA47","O","19960401",""
"G21AL","8CA48","O","19960401",""
"G21AM","8CA49","O","19960401","F"
"G21AO","8CA50","O","19960401",""
"G21AP","8CA51","O","19960401",""
"G21AQ","8CA52","O","19960401","X"
"G21AR","8CA53","O","19960401","X"
"G21AS","8CA54","O","19960401",""
"G21AT","8CA55","O","19960401",""
"G21AU","8CA56","O","19960401",""
"G21AV","8CA57","O","19960401",""
"G21AX","8CA58","O","19960401","X"
"G21AY","8CA59","O","19960401",""
"G21AZ","8CA60","O","19960401",""
"G21BA","8CA61","O","19960401",""
"G21BB","8CA62","O","19960401",""
"G21BC","8CA63","O","19960401",""
"G21BD","8CA64","O","19960401",""
"G21BE","8CA65","O","19960401",""
"G21BF","8CA66","O","19960401",""
"G21BG","8CA67","O","19960401",""
"G21BI","8CA69","O","19960401",""
"G21BJ","8CA70","O","19960401","X"
"G21BK","8CA71","O","19960401",""
"G21BL","8CA72","O","19960401","X"
"G21BM","8CA73","O","19960401",""
"G21BP","8CA74","O","19960401",""
"G21BR","8CA75","O","19960401",""
"G21BS","G21KI","R","19940401","F"
"G21BU","8CA76","O","19960401",""
"G21BV","8CA77","O","19960401","X"
"G21BX","8CA79","O","19960401","F"
"G21BY","8CA80","O","19960401",""
"G21BZ","8CA81","O","19960401",""
"G21CA","8CA82","O","19960401",""
"G21CB","8CA83","O","19960401",""
"G21CC","8CA84","O","19960401","F"
"G21CD","8CA85","O","19960401","X"
"G21CG","8CA86","O","19960401",""
"G21CH","8CA87","O","19960401",""
"G21CJ","8CA88","O","19960401",""
"G21CK","8CA89","O","19960401",""
"G21CL","8CA90","O","19960401",""
"G21CM","8CA91","O","19960401",""
"G21CN","8CA92","O","19960401","X"
"G21CP","8CA93","O","19960401","X"
"G21CQ","8CA94","O","19960401","X"
"G21CR","8CA95","O","19960401","X"
"G21CS","8CA96","O","19960401","X"
"G21CT","8CA97","O","19960401","X"
"G21CU","8CA98","O","19960401","X"
"G21CV","8CA99","O","19960401",""
"G21CW","8CC01","O","19960401","X"
"G21CX","8CC02","O","19960401","X"
"G21CY","8CC03","O","19960401","X"
"G21CZ","8CC04","O","19960401","X"
"G21DB","8CC05","O","19960401","X"
"G21DC","8CC06","O","19960401","X"
"G21DD","8CC07","O","19960401","X"
"G21DE","8CC08","O","19960401","X"
"G21DF","8CC09","O","19960401","X"
"G21DG","8CC10","O","19960401","X"
"G21DH","8CC11","O","19960401","X"
"G21DI","8CC12","O","19960401","X"
"G21DJ","8CC13","O","19960401","X"
"G21DK","8CC14","O","19960401","X"
"G21DL","8CC15","O","19960401","X"
"G21DM","8CC16","O","19960401",""
"G21DN","8CC17","O","19960401",""
"G21DO","8CC18","O","19960401","X"
"G21DP","8CC19","O","19960401","X"
"G21DQ","8CC20","O","19960401","X"
"G21DR","8CC21","O","19960401","X"
"G21DV","8CC22","O","19960401","X"
"G21DX","8CC23","O","19960401","X"
"G21DY","8CC24","O","19960401","X"
"G21DZ","8CC25","O","19960401","X"
"G21EA","8CC26","O","19960401","X"
"G21EB","8CC27","O","19960401",""
"G21EE","8CC28","O","19960401",""
"G21EH","8CC29","O","19960401","X"
"G21EJ","8CC30","O","19960401",""
"G21EK","8CC31","O","19960401",""
"G21EL","8CC32","O","19960401","X"
"G21EM","8CC33","O","19960401","X"
"G21EN","8CC34","O","19960401","X"
"G21EO","8CC35","O","19960401","X"
"G21EP","8CC36","O","19960401","X"
"G21EQ","8CC37","O","19960401","X"
"G21ER","8CC38","O","19960401","X"
"G21ES","8CC39","O","19960401","X"
"G21ET","8CC40","O","19960401",""
"G21EU","8CC41","O","19960401","X"
"G21EV","8CC42","O","19960401",""
"G21EW","8CC43","O","19960401","X"
"G21EY","8CC44","O","19960401","X"
"G21EZ","8CC45","O","19960401","X"
"G21FA","8CC46","O","19960401","X"
"G21FB","8CC47","O","19960401","X"
"G21FC","8CC48","O","19960401","X"
"G21FF","8CC49","O","19960401","X"
"G21FH","8CC50","O","19960401","X"
"G21FI","8CC51","O","19960401","X"
"G21FJ","8CC52","O","19960401","X"
"G21FK","8CC53","O","19960401","X"
"G21FL","8CC54","O","19960401","X"
"G21FM","8CC55","O","19960401","X"
"G21FN","8CC56","O","19960401",""
"G21FO","8CC57","O","19960401","X"
"G21FP","8CC58","O","19960401","X"
"G21FQ","8CC59","O","19960401",""
"G21FR","8CC60","O","19960401",""
"G21FS","8CC61","O","19960401","X"
"G21FU","8CC63","O","19960401","X"
"G21FV","8CC64","O","19960401","X"
"G21FW","8CC65","O","19960401","X"
"G21FX","8CC66","O","19960401",""
"G21FY","8CC67","O","19960401","X"
"G21FZ","8CC68","O","19960401","X"
"G21GA","8CC69","O","19960401","X"
"G21GB","8CC70","O","19960401",""
"G21GC","8CC71","O","19960401","X"
"G21GD","8CC72","O","19960401",""
"G21GE","8CC73","O","19960401",""
"G21GF","8CC74","O","19960401",""
"G21GG","8CC75","O","19960401","X"
"G21GH","8CC76","O","19960401",""
"G21GJ","8CC77","O","19960401","X"
"G21GK","8CC78","O","19960401","X"
"G21GL","8CC79","O","19960401","X"
"G21GM","8CC80","O","19960401","X"
"G21GN","8CC81","O","19960401","X"
"G21GO","8CC82","O","19960401","X"
"G21GP","8CC83","O","19960401",""
"G21GQ","8CC84","O","19960401","X"
"G21GS","8CC85","O","19960401","X"
"G21GT","8CC86","O","19960401",""
"G21GU","8CC87","O","19960401",""
"G21GV","8CC88","O","19960401","X"
"G21GX","8CC89","O","19960401","X"
"G21GY","8CC90","O","19960401","X"
"G21GZ","8CC91","O","19960401",""
"G21HA","8CC92","O","19960401","X"
"G21HB","8CC93","O","19960401","X"
"G21HD","8CC94","O","19960401","X"
"G21HE","8CC95","O","19960401","X"
"G21HF","8CC96","O","19960401","X"
"G21HG","8CC97","O","19960401",""
"G21HH","8CC98","O","19960401","X"
"G21HJ","8CD01","O","19960401","X"
"G21HK","8CD02","O","19960401","X"
"G21HL","8CD03","O","19960401",""
"G21HM","8CD04","O","19960401","X"
"G21HN","8CD05","O","19960401","X"
"G21HO","8CD06","O","19960401","X"
"G21HP","8CD07","O","19960401","X"
"G21HQ","8CD08","O","19960401","X"
"G21HR","8CD09","O","19960401","X"
"G21HS","8CD10","O","19960401","X"
"G21HT","8CD11","O","19960401",""
"G21HU","8CD12","O","19960401","X"
"G21HV","8CD13","O","19960401","X"
"G21HW","8CD14","O","19960401","X"
"G21HX","8CD15","O","19960401","X"
"G21HY","8CD16","O","19960401",""
"G21HZ","8CD17","O","19960401","X"
"G21JA","8CD18","O","19960401",""
"G21JB","8CD19","O","19960401","X"
"G21JC","8CD20","O","19960401","X"
"G21JD","8CD21","O","19960401",""
"G21JE","8CD22","O","19960401","X"
"G21JF","8CD23","O","19960401",""
"G21JG","8CD24","O","19960401","X"
"G21JH","8CD25","O","19960401","X"
"G21JI","8CD26","O","19960401","X"
"G21JK","8CD27","O","19960401","X"
"G21JL","8CD28","O","19960401","X"
"G21JM","8CD29","O","19960401",""
"G21JN","8CD30","O","19960401","X"
"G21JO","8CD31","O","19960401","X"
"G21JP","8CD32","O","19960401","X"
"G21JQ","8CD33","O","19960401","X"
"G21JR","8CD34","O","19960401",""
"G21JS","8CD35","O","19960401","X"
"G21JT","8CD36","O","19960401","X"
"G21JU","8CD37","O","19960401","X"
"G21JV","8CD38","O","19960401","X"
"G21JW","8CD39","O","19960401",""
"G21JX","8CD40","O","19960401","X"
"G21JY","8CD41","O","19960401","X"
"G21JZ","8CD42","O","19960401","X"
"G21KA","8CD43","O","19960401",""
"G21KB","8CD44","O","19960401","X"
"G21KC","8CD45","O","19960401","X"
"G21KE","8CD46","O","19960401",""
"G21KG","8CD47","O","19960401",""
"G21KH","8CD48","O","19960401","X"
"G21KI","8CD49","O","19960401",""
"G21KJ","8CD50","O","19960401","X"
"G21KK","8CD51","O","19960401","F"
"G21KL","8CD52","O","19960401","F"
"G21KM","8AG13","O","19960401","F"
"G21KN","8CD54","O","19960401",""
"G21KO","8CD55","O","19960401",""
"G21KP","8CD56","O","19960401",""
"G21KQ","8CD57","O","19960401",""
"G21KR","8CD58","O","19960401",""
"G21KS","8CD59","O","19960401","X"
"G21KT","8CD60","O","19960401",""
"G21KU","8CD61","O","19960401",""
"G21KV","8CD62","O","19960401",""
"G21KW","8CD63","O","19960401","X"
"G21KX","8CD64","O","19960401",""
"G21KY","8CD65","O","19960401",""
"G21KZ","8CD66","O","19960401",""
"G21LA","8CD67","O","19960401",""
"G21LB","8CD68","O","19960401","X"
"G21LC","8CD69","O","19960401",""
"G21LD","8CD70","O","19960401",""
"G21LE","8CD71","O","19960401",""
"G21LF","8CD72","O","19960401",""
"G21LG","8CD73","O","19960401",""
"G21LH","8CD74","O","19960401",""
"G21LI","8CD75","O","19960401","X"
"G21LJ","8CD76","O","19960401",""
"G21LK","8CD77","O","19960401",""
"G21LM","8CD79","O","19960401",""
"G21LN","8CD80","O","19960401",""
"G21LO","8CD81","O","19960401",""
"G21LP","8CD82","O","19960401",""
"G21LQ","8CD83","O","19960401",""
"G21LR","8CD84","O","19960401",""
"G21LS","8CD85","O","19960401",""
"G21LT","8CD86","O","19960401",""
"G21LU","8CD87","O","19960401",""
"G21LV","8CD88","O","19960401",""
"G21LW","8CD89","O","19960401",""
"G21LX","8CD90","O","19960401",""
"G21LY","8CD91","O","19960401",""
"G21LZ","8CD92","O","19960401",""
"G21MA","8CD93","O","19960401",""
"G21MB","8CD94","O","19960401",""
"G21MC","8CD95","O","19960401",""
"G21MD","8CD96","O","19960401","X"
"G21ME","8CD97","O","19960401","X"
"G21MF","8CD98","O","19960401","X"
"G21MG","8CD99","O","19960401","X"
"G21MH","8CE01","O","19960401",""
"G21MI","8CE02","O","19960401",""
"G21MJ","8CE03","O","19960401",""
"G21MK","8CE04","O","19960401","X"
"G21MM","8CE06","O","19960401",""
"G21MN","8CE07","O","19960401",""
"G21MO","8CE08","O","19960401",""
"G21MP","8CE09","O","19960401",""
"G21MQ","8CE10","O","19960401",""
"G21MR","8CE11","O","19960401",""
"G21MS","8CE12","O","19960401",""
"G21MT","8CE13","O","19960401",""
"G21MU","8CE14","O","19960401",""
"G21MV","8CE15","O","19960401",""
"G21MW","8CE16","O","19960401",""
"G21MY","8CE18","O","19960401",""
"G21MZ","8CE19","O","19960401",""
"G21NA","8CE20","O","19960401",""
"G21NB","8CE21","O","19960401",""
"G21NC","8CE22","O","19960401","X"
"G21ND","8CE22","O","19960401","X"
"G21NE","G21PD","R","19940401","F"
"G21NF","8CE24","O","19960401",""
"G21NG","8CE25","O","19960401",""
"G21NH","8CE26","O","19960401",""
"G21NI","8CE27","O","19960401",""
"G21NJ","8CE28","O","19960401",""
"G21NK","8CE29","O","19960401",""
"G21NL","8CE30","O","19960401",""
"G21NM","8CE31","O","19960401","X"
"G21NN","8CE32","O","19960401","X"
"G21NO","8CE33","O","19960401",""
"G21NP","8CE34","O","19960401",""
"G21NQ","8CE35","O","19960401",""
"G21NR","8CE36","O","19960401","F"
"G21NS","8CE37","O","19960401",""
"G21NT","8CE38","O","19960401","X"
"G21NU","8CE39","O","19960401",""
"G21NV","8CE40","O","19960401",""
"G21NW","8CE41","O","19960401",""
"G21NX","8CE42","O","19960401",""
"G21NY","8CE43","O","19960401",""
"G21NZ","8CE44","O","19960401","X"
"G21OA","8CE45","O","19960401",""
"G21OB","8CE46","O","19960401","X"
"G21OC","8CE47","O","19960401","X"
"G21OD","8CE48","O","19960401",""
"G21OE","8CE49","O","19960401","X"
"G21OF","8CE50","O","19960401","X"
"G21OG","8CE51","O","19960401","X"
"G21OH","8CE52","O","19960401","X"
"G21OI","8CE53","O","19960401","X"
"G21OJ","8CE54","O","19960401","X"
"G21OK","8CE55","O","19960401","X"
"G21OL","8CE56","O","19960401","X"
"G21OM","8CE57","O","19960401",""
"G21ON","8CE58","O","19960401","X"
"G21OO","8CE59","O","19960401",""
"G21OP","8CE60","O","19960401","X"
"G21OQ","8CE61","O","19960401","X"
"G21OR","8CE62","O","19960401","X"
"G21OS","8CE63","O","19960401","X"
"G21OT","8CE64","O","19960401","X"
"G21OU","8CE65","O","19960401","X"
"G21OV","8CE66","O","19960401",""
"G21OW","8CE67","O","19960401",""
"G21OX","8CE68","O","19960401",""
"G21OY","8CE69","O","19960401",""
"G21PA","8CE70","O","19960401",""
"G21PB","8CE71","O","19960401","X"
"G21PC","8CE72","O","19960401",""
"G21PD","8CE73","O","19960401",""
"G21PE","8CE74","O","19960401",""
"G21PF","8CE75","O","19960401",""
"G21PG","8CE76","O","19960401","X"
"G21PH","8CE77","O","19960401",""
"G21PI","8CD52","O","19960401","F"
"G21PJ","8AE02","O","19960401","X"
"G22","QAE","O","19960401","F"
"G2212","8CF84","O","19960401","F"
"G2221","8CF86","O","19960401","F"
"G2222","8EA36","O","19960401",""
"G22AA","8CE88","O","19960401",""
"G22AB","8CE89","O","19960401",""
"G22AC","8CE90","O","19960401",""
"G22AD","8CE91","O","19960401","X"
"G22AE","8CE92","O","19960401",""
"G22AF","8CE93","O","19960401",""
"G22AG","8CE94","O","19960401","X"
"G22AH","8CE95","O","19960401","X"
"G22AJ","8CE97","O","19960401","X"
"G22AK","8CE98","O","19960401",""
"G22AL","8CE99","O","19960401",""
"G22AN","8CF02","O","19960401",""
"G22AO","8CF03","O","19960401",""
"G22AP","8CF04","O","19960401",""
"G22AQ","8CF05","O","19960401","X"
"G22AR","8CF06","O","19960401",""
"G22AS","8CF07","O","19960401",""
"G22AT","8CF08","O","19960401","X"
"G22AU","8CF09","O","19960401","X"
"G22AV","8CF10","O","19960401",""
"G22AW","8CF11","O","19960401",""
"G22AX","8CF12","O","19960401","X"
"G22AY","8CF13","O","19960401","X"
"G22AZ","8CF14","O","19960401",""
"G22BB","8CF15","O","19960401",""
"G22BC","8CF16","O","19960401",""
"G22BD","8CF17","O","19960401","X"
"G22BE","8CF18","O","19960401",""
"G22BF","8CF19","O","19960401","X"
"G22BG","8CF20","O","19960401",""
"G22BH","8CF21","O","19960401","X"
"G22BI","8CF22","O","19960401",""
"G22BJ","8CF23","O","19960401","X"
"G22BK","8CF24","O","19960401","X"
"G22BL","8CF25","O","19960401",""
"G22BM","8CF26","O","19960401","X"
"G22BN","8CF27","O","19960401","X"
"G22BO","8CF28","O","19960401","X"
"G22BP","8CF29","O","19960401","X"
"G22BQ","8CF30","O","19960401",""
"G22BY","8CF31","O","19960401",""
"G22CC","8CF34","O","19960401",""
"G22CD","8CF35","O","19960401",""
"G22DA","8CF36","O","19960401","X"
"G22DB","8CF37","O","19960401",""
"G22DC","8CF38","O","19960401",""
"G22DD","8CF39","O","19960401","X"
"G22DE","8CF40","O","19960401","X"
"G22DF","8CF41","O","19960401",""
"G22DG","8CF42","O","19960401",""
"G22DH","8CF43","O","19960401",""
"G22DI","8CF44","O","19960401",""
"G22DJ","8CF45","O","19960401","X"
"G22DK","8CF46","O","19960401",""
"G22DL","8CF47","O","19960401","X"
"G22DO","8CF48","O","19960401",""
"G22DP","8CF49","O","19960401",""
"G22DQ","8CF50","O","19960401",""
"G22DR","8CF51","O","19960401","X"
"G22DS","8CF52","O","19960401","X"
"G22DU","8CF53","O","19960401",""
"G22DV","8CF54","O","19960401",""
"G22DW","8CF55","O","19960401","X"
"G22DX","8CF56","O","19960401",""
"G22DY","8CF57","O","19960401","X"
"G22EA","8CF58","O","19960401",""
"G22EC","8CF59","O","19960401",""
"G22ED","8CF60","O","19960401","X"
"G22EF","8CF61","O","19960401",""
"G22EG","8CF62","O","19960401",""
"G22EH","8CF63","O","19960401","X"
"G22EI","8CF64","O","19960401",""
"G22EJ","8CF65","O","19960401",""
"G22EK","8CF66","O","19960401","X"
"G22EL","8CF67","O","19960401",""
"G22EM","8CF68","O","19960401",""
"G22EN","8CF69","O","19960401","X"
"G22EO","8CF70","O","19960401",""
"G22EP","8CF71","O","19960401",""
"G22EQ","8CF72","O","19960401",""
"G22ER","8CF73","O","19960401","X"
"G22ES","8CF74","O","19960401",""
"G22ET","8CF75","O","19960401","X"
"G22GB","8CF76","O","19960401",""
"G22GC","8CF77","O","19960401",""
"G22GD","8CF78","O","19960401",""
"G22GI","8CF79","O","19960401",""
"G22GJ","8CF80","O","19960401","X"
"G22GK","8CF81","O","19960401","X"
"G22GL","8CF82","O","19960401",""
"G22GM","8CF83","O","19960401",""
"G23","QAF","O","19960401","F"
"G2310","8CG68","O","19960401","F"
"G2316","8CG69","O","19960401","F"
"G2317","8CG70","O","19960401","F"
"G2318","8CG71","O","19960401","F"
"G2319","8CG72","O","19960401",""
"G2321","8CG73","O","19960401","F"
"G2354","8CG75","O","19960401","X"
"G2370","8CG76","O","19960401",""
"G2371","8DL50","O","19960401",""
"G2372","8DL57","O","19960401",""
"G23AA","8CF87","O","19960401",""
"G23AB","8CF88","O","19960401","X"
"G23AC","8CF89","O","19960401",""
"G23AD","8CF90","O","19960401",""
"G23AE","8CF91","O","19960401","X"
"G23AF","8CF92","O","19960401","X"
"G23AG","8CF93","O","19960401",""
"G23AH","8CF94","O","19960401",""
"G23AI","8CF95","O","19960401","X"
"G23AJ","8CF96","O","19960401",""
"G23AK","8CF97","O","19960401",""
"G23AL","8CF98","O","19960401",""
"G23AM","8CF99","O","19960401",""
"G23EP","8CG01","O","19960401","X"
"G23EQ","8CG02","O","19960401",""
"G23ER","8CG03","O","19960401",""
"G23ES","8CG04","O","19960401",""
"G23GB","8CG05","O","19960401",""
"G23GC","8CG06","O","19960401",""
"G23GD","8CG07","O","19960401",""
"G23GE","8CG08","O","19960401",""
"G23K6","8CG10","O","19960401",""
"G23K7","8CG11","O","19960401",""
"G23KE","8CG09","O","19960401","F"
"G23LA","8CG12","O","19960401","X"
"G23LB","8CG13","O","19960401",""
"G23LC","8CG14","O","19960401",""
"G23LE","8CG15","O","19960401","X"
"G23LF","8CG16","O","19960401",""
"G23LH","8CG17","O","19960401","X"
"G23LI","8CG18","O","19960401",""
"G23LJ","8CG19","O","19960401",""
"G23LK","8CG20","O","19960401",""
"G23LL","8CG21","O","19960401","X"
"G23LM","8CG22","O","19960401",""
"G23LN","8CG23","O","19960401","X"
"G23LO","8CG24","O","19960401",""
"G23LQ","8CG25","O","19960401",""
"G23MA","8CG26","O","19960401",""
"G23MB","8CG27","O","19960401",""
"G23MC","8CG28","O","19960401","X"
"G23MD","8CG29","O","19960401",""
"G23ME","8CG30","O","19960401","X"
"G23MF","8CG31","O","19960401","X"
"G23MH","8CG32","O","19960401",""
"G23MJ","8CG33","O","19960401",""
"G23MK","8CG34","O","19960401",""
"G23ML","8CG35","O","19960401","X"
"G23RA","8CG36","O","19960401",""
"G23RB","8CG37","O","19960401","F"
"G23RC","8CG38","O","19960401","X"
"G23RD","8CG39","O","19960401",""
"G23RE","8CG40","O","19960401","X"
"G23RH","8CG43","O","19960401",""
"G23RI","8CG44","O","19960401","X"
"G23RJ","8CG45","O","19960401","X"
"G23RK","8CG46","O","19960401",""
"G23RL","8CG47","O","19960401",""
"G23RO","8CG49","O","19960401","X"
"G23RP","8CG50","O","19960401","X"
"G23RQ","8CG51","O","19960401","X"
"G23RR","8CG52","O","19960401",""
"G23RS","8CG53","O","19960401","X"
"G23RT","8CG54","O","19960401","X"
"G23RV","8CG56","O","19960401","X"
"G23RW","8CG57","O","19960401","X"
"G23RX","8CG58","O","19960401",""
"G23RY","8CG59","O","19960401",""
"G23RZ","8CG60","O","19960401","X"
"G23SB","8CG61","O","19960401",""
"G23SC","8CG62","O","19960401",""
"G23SD","8CG63","O","19960401",""
"G23SE","8CG64","O","19960401",""
"G23SF","8CG65","O","19960401",""
"G23SG","8CG66","O","19960401","F"
"G23YE","8CG67","O","19960401",""
"G24","QAA","O","19960401","F"
"G2417","8CG93","O","19960401",""
"G2422","8CW74","O","19960401","F"
"G2427","8CG95","O","19960401","F"
"G2439","8CG96","O","19960401",""
"G24AA","8CG77","O","19960401",""
"G24AB","8CG78","O","19960401","X"
"G24AC","8CG79","O","19960401",""
"G24AD","8CG80","O","19960401",""
"G24AF","8CG81","O","19960401",""
"G24BH","8CG82","O","19960401","X"
"G24CI","8CG83","O","19960401",""
"G24CP","8CG84","O","19960401","X"
"G24CQ","8CG85","O","19960401",""
"G24CR","8CG86","O","19960401",""
"G24CS","8CG87","O","19960401",""
"G24CT","8CG88","O","19960401",""
"G24CV","8CG89","O","19960401",""
"G24CW","8CG90","O","19960401",""
"G24CX","8CG91","O","19960401",""
"G24DH","8CG92","O","19960401",""
"G24GA","8DP65","O","19960401","X"
"G26","QAH","O","19960401","F"
"G2601","8CH94","O","19960401","X"
"G2602","8CH95","O","19960401","X"
"G2606","8CH96","O","19960401","X"
"G2607","8CH97","O","19960401","X"
"G2608","8CH98","O","19960401","X"
"G2609","8CH99","O","19960401","X"
"G2610","8CH99","O","19960401","X"
"G2611","8CJ02","O","19960401","F"
"G2612","8CJ03","O","19960401","X"
"G2633","G26PM","R","19940401","F"
"G2639","8CJ04","O","19960401","F"
"G2640","8CJ05","O","19960401","X"
"G2641","8CJ06","O","19960401","F"
"G2642","8CJ07","O","19960401","X"
"G2644","8CJ08","O","19960401",""
"G2647","8CJ10","O","19960401","X"
"G2659","8CJ11","O","19960401",""
"G2680","8CJ12","O","19960401","X"
"G2681","8CJ13","O","19960401","X"
"G2682","8EA37","O","19960401",""
"G26AA","8CG97","O","19960401",""
"G26AB","8CG98","O","19960401","X"
"G26AC","8CG99","O","19960401","X"
"G26AD","8CH01","O","19960401","X"
"G26AE","8CH02","O","19960401","X"
"G26AF","8CH03","O","19960401",""
"G26AG","8CH04","O","19960401","X"
"G26AH","8CH05","O","19960401","X"
"G26AI","8CH06","O","19960401",""
"G26AJ","8CH07","O","19960401","X"
"G26AK","8CH08","O","19960401",""
"G26AL","8CH09","O","19960401",""
"G26AM","8D812","O","19960401","X"
"G26AN","8CH10","O","19960401","X"
"G26AO","8CH11","O","19960401","X"
"G26AP","8D813","O","19960401",""
"G26AR","8CH12","O","19960401",""
"G26AS","8CH13","O","19960401","X"
"G26AV","8CH14","O","19960401","X"
"G26BB","8CH15","O","19960401","X"
"G26BC","8CH16","O","19960401","X"
"G26BD","8CH17","O","19960401","X"
"G26BE","8CH18","O","19960401","X"
"G26BG","8CH19","O","19960401","X"
"G26BS","8CH20","O","19960401","X"
"G26BU","8CH21","O","19960401","F"
"G26BV","8CH22","O","19960401",""
"G26CA","8CH23","O","19960401","X"
"G26CC","8CH24","O","19960401",""
"G26CD","8CH25","O","19960401",""
"G26CE","8CH26","O","19960401",""
"G26CF","8CH27","O","19960401","X"
"G26CG","8CH28","O","19960401","X"
"G26CH","8CH29","O","19960401","X"
"G26CI","8CH30","O","19960401",""
"G26CJ","8CH31","O","19960401","X"
"G26CK","8CH32","O","19960401",""
"G26CL","8CH33","O","19960401","X"
"G26CM","8CH34","O","19960401","X"
"G26CN","8CH35","O","19960401","X"
"G26CP","8CH36","O","19960401","X"
"G26LT","8CH37","O","19960401","X"
"G26LU","8CH38","O","19960401","X"
"G26LY","8CH39","O","19960401",""
"G26MB","8CH40","O","19960401","X"
"G26MS","8CH41","O","19960401",""
"G26MZ","8CH42","O","19960401","X"
"G26NA","8CH43","O","19960401","X"
"G26NB","8CH44","O","19960401","X"
"G26NC","8CH45","O","19960401","X"
"G26ND","8CH46","O","19960401","X"
"G26NE","8CH47","O","19960401",""
"G26NF","8CH48","O","19960401",""
"G26NG","8CH49","O","19960401",""
"G26NH","8CH50","O","19960401","X"
"G26NI","8CH51","O","19960401",""
"G26NJ","8CH52","O","19960401",""
"G26NK","8CH53","O","19960401",""
"G26NL","8CH54","O","19960401",""
"G26NM","8CH55","O","19960401","X"
"G26NN","8CH56","O","19960401",""
"G26NO","8CH57","O","19960401","X"
"G26NP","8CH58","O","19960401",""
"G26NQ","8CH59","O","19960401","X"
"G26NR","8CH60","O","19960401","X"
"G26NS","8CH61","O","19960401","X"
"G26NT","8CH62","O","19960401","X"
"G26NU","8CH63","O","19960401","X"
"G26NV","8CH64","O","19960401",""
"G26NW","8CH65","O","19960401",""
"G26NX","8CH66","O","19960401",""
"G26NY","8CH67","O","19960401",""
"G26NZ","8CH68","O","19960401","X"
"G26PA","8CH69","O","19960401","X"
"G26PB","8CH70","O","19960401",""
"G26PC","8CH71","O","19960401",""
"G26PD","8CH72","O","19960401",""
"G26PE","8CH73","O","19960401",""
"G26PF","8CH74","O","19960401","X"
"G26PG","8CH75","O","19960401",""
"G26PH","8CH76","O","19960401",""
"G26PI","8CH77","O","19960401",""
"G26PJ","8CH78","O","19960401","X"
"G26PK","8CH79","O","19960401","X"
"G26PL","8CH80","O","19960401",""
"G26PM","8CH81","O","19960401","F"
"G26PN","8CH82","O","19960401","X"
"G26PP","8CH83","O","19960401",""
"G26PQ","8CH84","O","19960401",""
"G26PR","8CH85","O","19960401",""
"G26PS","8CH86","O","19960401",""
"G26PT","8CH87","O","19960401","X"
"G26PU","8CH88","O","19960401",""
"G26PW","8CH89","O","19960401",""
"G26PX","8CH90","O","19960401","X"
"G26PY","8CH91","O","19960401",""
"G26PZ","8CH92","O","19960401","X"
"G26QA","8CH93","O","19960401",""
"G26SA","8E067","O","19960401","X"
"G26UA","8DN41","O","19960401","X"
"G5001","8DQ47","O","19960401","X"
"G5002","8DQ48","O","19960401","X"
"G5003","8DQ49","O","19960401","X"
"G5004","8DQ50","O","19960401","X"
"G5005","8DQ51","O","19960401",""
"G5006","8DQ53","O","19960401","X"
"G5007","8DQ75","O","19960401","X"
"G5008","8DQ76","O","19960401","X"
"G5009","8DQ77","O","19960401","X"
"G5010","8DQ78","O","19960401","X"
"G5011","8DQ79","O","19960401","X"
"G5012","8DQ80","O","19960401",""
"G5013","8DQ81","O","19960401","X"
"G5014","8DQ82","O","19960401",""
"G5015","8DQ98","O","19960401","X"
"G5016","8DQ99","O","19960401","X"
"G5017","8DR01","O","19960401","X"
"G5018","8DR02","O","19960401","X"
"G5019","8DR03","O","19960401","X"
"G5020","8DQ95","O","19960401","X"
"G5021","8DQ96","O","19960401",""
"G5022","8DR05","O","19960401","X"
"G5023","8DR06","O","19960401","X"
"G5024","8DR07","O","19960401",""
"G5025","8DR08","O","19960401","X"
"G5026","8DR09","O","19960401","X"
"G5027","8DR10","O","19960401","X"
"G5028","8DT41","O","19960401","X"
"G5030","8DV88","O","19960401",""
"G5031","8DV89","O","19960401","X"
"G5032","8DV97","O","19960401","X"
"G5033","8DW35","O","19960401",""
"G5034","8DW63","O","19960401","X"
"G5035","8DX28","O","19960401","X"
"G9099","8DW68","O","19960401",""
"G9PBH","8E029","O","19960401","X"
"G9PBJ","8E003","O","19960401","X"
"G9PG1","8DY08","O","19960401",""
"G9X01","8DY09","O","19960401",""
"G9X02","8E071","O","19960401","X"
"G9X05","8DY21","O","19960401","X"
"G9XAE","8DY87","O","19960401",""
"G9XAF","8DY22","O","19960401",""
"G9XAG","8DY32","O","19960401","X"
"G9XGE","8DY38","O","19960401",""
"G9XGF","8DY37","O","19960401","X"
"G9XGG","8E002","O","19960401","X"
"G9XGH","8E103","O","19960401",""
"G9XGJ","8DQ65","O","19960401","X"
"G9XGL","8E097","O","19960401","X"
"G9XGM","8E098","O","19960401",""
"G9XM6","8E072","O","19960401","X"
"GH1AN","RPA33","O","19940401","X"
"GJ4","RPE","O","19940401","F"
"GJ403","RPE03","O","19940401","X"
"GJ403","RPD03","O","19940401","X"
"GJ406","RPE06","O","19940401","X"
"GJ406","RPD06","O","19940401","X"
"GJ407","RPE07","O","19940401","X"
"GJ408","RPE08","O","19940401","X"
"GJ408","RPD08","O","19940401","X"
"GJ414","RPE14","O","19940401","X"
"GJ415","RPE15","O","19940401","X"
"GJ416","RPE16","O","19940401","X"
"GL6","RG2","O","19930401","F"
"GL601","RG201","O","19930401","X"
"GL602","RG202","O","19930401","X"
"GL604","RG204","O","19930401","X"
"GL607","RG207","O","19930401","F"
"GL632","RG232","O","19930401","X"
"GL635","RG235","O","19930401","X"
"GL636","RG236","O","19930401","X"
"GL637","RG237","O","19930401","X"
"GL638","RG238","O","19930401","X"
"GL641","RG241","O","19930401","X"
"GL643","RG243","O","19930401","X"
"GL644","RG244","O","19930401","F"
"H0001","8DY59","O","19960401","X"
"H01BC","H14BC","R","19930401","F"
"H01BD","H14BD","R","19930401","F"
"H01BE","H14BE","R","19930401","F"
"H02AY","H15BJ","R","19930401","F"
"H02AZ","J24C7","R","19940401","F"
"H02BA","J24C8","R","19940401","F"
"H02PA","H14PA","R","19930401","F"
"H02PB","H14PB","R","19930401","F"
"H03BC","H15BC","R","19930401","F"
"H03BD","H15BD","R","19930401","F"
"H03GA","H15GA","R","19930401","F"
"H03PA","H15PA","R","19940401","F"
"H03XA","H15XA","R","19930401","F"
"H04BB","H18BB","R","19940401","F"
"H04BC","H18BG","R","19940401","F"
"H04PA","H18PA","R","19940401","F"
"H04RA","H18RA","R","19940401","F"
"H05BK","H21BK","R","19950401","F"
"H05BL","H21BL","R","19950401","F"
"H05BM","H21BM","R","19950401","F"
"H05BN","H21BN","R","19950401","F"
"H05BO","H21BO","R","19950401","F"
"H05BP","H21BP","R","19950401","F"
"H05BQ","H21BQ","R","19950401","F"
"H05BS","H21BS","R","19950401","F"
"H05BT","H21BT","R","19950401","F"
"H05BV","H21FA","R","19950401","F"
"H05BY","H21FB","R","19950401","F"
"H05GA","H21GA","R","19950401","F"
"H05PA","H21PA","R","19950401","F"
"H05PC","H21PC","R","19950401","F"
"H05VA","H21VA","R","19950401","F"
"H05WA","H21WA","R","19950401","F"
"H06CQ","H22CQ","R","19950401","F"
"H06CR","H22CR","R","19950401","F"
"H06CS","H22CS","R","19950401","F"
"H06CT","H22CT","R","19950401","F"
"H06CU","H22CU","R","19950401","F"
"H06CV","H22CV","R","19950401","F"
"H06GB","H22GB","R","19950401","F"
"H06PA","H22PA","R","19950401","F"
"H06PB","H22PB","R","19950401","F"
"H06PC","H22PC","R","19950401","F"
"H06PD","H22PD","R","19950401","F"
"H06PE","H22PE","R","19950401","F"
"H06PF","H22PF","R","19950401","F"
"H06PR","H22PR","R","19950401","F"
"H06SA","H22SA","R","19950401","F"
"H06UA","H22UA","R","19950401","F"
"H06UB","H22UB","R","19950401","F"
"H06UC","H22UC","R","19950401","F"
"H06YA","H22YA","R","19950401","F"
"H07BO","H22JI","R","19950401","F"
"H07BP","H22JJ","R","19950401","F"
"H07BQ","H22JK","R","19950401","F"
"H07BR","H22JL","R","19950401","F"
"H07BS","H22JM","R","19950401","F"
"H07BT","H22QP","R","19950401","F"
"H07BU","H22QR","R","19950401","F"
"H07BV","H22QS","R","19950401","F"
"H07BW","H22QT","R","19950401","F"
"H07BX","H22QU","R","19950401","F"
"H07BY","H22QV","R","19950401","F"
"H07EA","H22EA","R","19950401","F"
"H07EB","H22EB","R","19950401","F"
"H07GA","H22GC","R","19950401","F"
"H07GB","H22GD","R","19950401","F"
"H07GC","H22GE","R","19950401","F"
"H07GD","H22GF","R","19950401","F"
"H07HB","H22HB","R","19950401","F"
"H07PA","H22PG","R","19950401","F"
"H07PB","H22PH","R","19950401","F"
"H07PC","H22PI","R","19950401","F"
"H07PD","H22PJ","R","19950401","F"
"H07PE","H22PK","R","19950401","F"
"H07PT","H22PT","R","19950401","F"
"H07UA","H22UD","R","19950401","F"
"H07UB","H22UE","R","19950401","F"
"H07UC","H22UF","R","19950401","F"
"H07UD","H22UG","R","19950401","F"
"H07UE","H22UH","R","19950401","F"
"H07UF","H22UI","R","19950401","F"
"H07VA","H22VA","R","19950401","F"
"H07XA","H22XA","R","19950401","F"
"H07YA","H22YC","R","19950401","F"
"H08CZ","H22QC","R","19950401","F"
"H08DA","H22QD","R","19950401","F"
"H08DB","H22QE","R","19950401","F"
"H08DC","H22QF","R","19950401","F"
"H08DD","H22QG","R","19950401","F"
"H08DF","H22QI","R","19950401","F"
"H08GG","H22GG","R","19950401","F"
"H08HA","H22HA","R","19950401","F"
"H08OA","H22OA","R","19950401","F"
"H08PA","H22PL","R","19950401","F"
"H08PB","H22PM","R","19950401","F"
"H08PC","H22PN","R","19950401","F"
"H08PD","H22PO","R","19950401","F"
"H08PE","H22PP","R","19950401","F"
"H08PF","H22PQ","R","19950401","F"
"H08QL","H22QL","R","19950401","F"
"H08QM","H22QM","R","19950401","F"
"H08QN","H22QN","R","19950401","F"
"H08UA","H22UJ","R","19950401","F"
"H08UB","H22UK","R","19950401","F"
"H08WA","H22WA","R","19950401","F"
"H08XA","H22XB","R","19950401","F"
"H08YA","H22YD","R","19950401","F"
"H08YB","H22YE","R","19950401","F"
"H09BF","8CJ50","O","19960401",""
"H09BH","8CJ52","O","19960401",""
"H09BI","8CJ53","O","19960401",""
"H09BJ","8CJ54","O","19960401",""
"H09BL","8CJ56","O","19960401","X"
"H09BQ","8CJ58","O","19960401","X"
"H09BR","8CJ59","O","19960401",""
"H09EA","8AE23","O","19960401","X"
"H09GA","8AE24","O","19960401","X"
"H09GB","8AE25","O","19960401",""
"H09HA","8AE26","O","19960401",""
"H09PA","8AE27","O","19960401","X"
"H09SA","8DP61","O","19960401","X"
"H09UA","8AE28","O","19960401",""
"H09UB","8AE29","O","19960401","X"
"H10AU","H16AU","R","19930401","F"
"H10AV","H16AV","R","19930401","F"
"H11EA","H16EA","R","19920401","F"
"H11GA","H16GA","R","19930401","F"
"H11MB","H16MB","R","19930401","F"
"H11OA","H16OA","R","19930401","F"
"H11PA","H16PA","R","19930401","F"
"H11SA","H16SA","R","19930401","F"
"H12AH","H17BU","R","19940401","F"
"H12PA","H17PC","R","19940401","F"
"H12TA","H17TA","R","19940401","F"
"H12XB","H17XB","R","19940401","F"
"H13BC","H17BC","R","19940401","F"
"H13BE","H17BE","R","19940401","F"
"H13BF","H17BF","R","19940401","F"
"H13BH","H17BH","R","19940401","F"
"H13BI","H17BI","R","19940401","F"
"H13BJ","H17BJ","R","19940401","X"
"H13BK","H17BK","R","19940401","F"
"H13BL","H17BL","R","19940401","F"
"H13BM","H17BM","R","19940401","F"
"H13DA","H17DA","R","19940401","F"
"H13EA","H17EA","R","19940401","F"
"H13PB","H17PB","R","19940401","F"
"H14","H20","R","19950401","F"
"H14AA","H20AA","R","19950401","F"
"H14AB","H20AB","R","19950401","F"
"H14AC","H20AC","R","19950401","F"
"H14AD","H20AD","R","19950401","F"
"H14AE","H20AE","R","19950401","F"
"H14AG","H20AG","R","19950401","F"
"H14AI","H20AI","R","19950401","F"
"H14AK","H20AK","R","19950401","F"
"H14AL","H20AL","R","19950401","F"
"H14AM","H20AM","R","19950401","X"
"H14AN","H20AN","R","19950401","F"
"H14AO","H20AO","R","19950401","F"
"H14AP","H20AP","R","19950401","F"
"H14AQ","H20AQ","R","19950401","F"
"H14AS","H20AS","R","19950401","F"
"H14AT","H20AT","R","19950401","F"
"H14AU","H20AU","R","19950401","F"
"H14AV","H20AV","R","19950401","F"
"H14AW","H20AW","R","19950401","F"
"H14AX","H20AX","R","19950401","F"
"H14AZ","H20AZ","R","19950401","F"
"H14BA","H20BA","R","19950401","F"
"H14BB","H20BB","R","19950401","F"
"H14BC","H20BC","R","19950401","F"
"H14BD","H20BD","R","19950401","F"
"H14BE","H20BE","R","19950401","F"
"H14BF","H20BF","R","19950401","F"
"H14BG","H20BG","R","19950401","F"
"H14BH","H20BH","R","19950401","F"
"H14BI","H20BI","R","19950401","F"
"H14BK","H20BK","R","19950401","F"
"H14BL","H20BL","R","19950401","F"
"H14BM","H20BM","R","19950401","F"
"H14BN","H20BN","R","19950401","F"
"H14BO","H20BO","R","19950401","F"
"H14BP","H20BP","R","19950401","F"
"H14BQ","H20BQ","R","19950401","F"
"H14BR","H20BR","R","19950401","F"
"H14GA","H20GD","R","19950401","F"
"H14GB","H20GE","R","19950401","F"
"H14GC","H20GF","R","19950401","F"
"H14OA","H20OA","R","19950401","F"
"H14PA","H20PF","R","19950401","F"
"H14PB","H20PG","R","19950401","F"
"H14PC","H20PH","R","19950401","F"
"H14UA","H20UE","R","19950401","F"
"H14UB","H20UF","R","19950401","F"
"H14XA","H20XB","R","19950401","F"
"H14XB","H20XC","R","19950401","F"
"H14YA","H20YE","R","19950401","F"
"H14YB","H20YF","R","19950401","F"
"H14YG","H20YI","R","19950401","F"
"H15","H20","R","19950401","F"
"H15AA","H20BT","R","19950401","F"
"H15AB","H20BU","R","19950401","F"
"H15AC","H20BV","R","19950401","F"
"H15AD","H20BW","R","19950401","F"
"H15AE","H20BX","R","19950401","F"
"H15AG","H20BY","R","19950401","F"
"H15AH","H20AF","R","19950401","F"
"H15AI","H20AH","R","19950401","F"
"H15AJ","H20BZ","R","19950401","F"
"H15AK","H20DA","R","19950401","F"
"H15AL","H20CB","R","19950401","F"
"H15AM","H20CC","R","19950401","F"
"H15AN","H20CD","R","19950401","F"
"H15AO","H20CE","R","19950401","F"
"H15AP","H20CF","R","19950401","F"
"H15AQ","H20CG","R","19950401","F"
"H15AR","H20CH","R","19950401","F"
"H15AS","H20CI","R","19950401","F"
"H15AT","H20CJ","R","19950401","F"
"H15AU","H20CK","R","19950401","F"
"H15AV","H20CL","R","19950401","F"
"H15AW","H20CM","R","19950401","F"
"H15AX","H20CN","R","19950401","F"
"H15AY","H20CO","R","19950401","F"
"H15AZ","H20CP","R","19950401","F"
"H15BA","H20CQ","R","19950401","F"
"H15BC","H20CR","R","19950401","F"
"H15BD","H20CS","R","19950401","F"
"H15BE","H20CT","R","19950401","F"
"H15BF","H20CU","R","19950401","F"
"H15BG","H20CV","R","19950401","F"
"H15BH","H20CW","R","19950401","F"
"H15BI","H20CX","R","19950401","F"
"H15BJ","H20CY","R","19950401","F"
"H15CA","H20CA","R","19950401","F"
"H15GA","H20GA","R","19950401","F"
"H15GC","H20GJ","R","19950401","F"
"H15NA","H20NA","R","19950401","F"
"H15PA","H20PA","R","19950401","F"
"H15PB","H20PB","R","19950401","F"
"H15PC","H20PC","R","19950401","F"
"H15PD","H20PD","R","19950401","F"
"H15PE","H20PE","R","19950401","F"
"H15PI","H20PI","R","19950401","F"
"H15RA","H20RA","R","19950401","F"
"H15UA","H20UA","R","19950401","F"
"H15UB","H20UB","R","19950401","F"
"H15UC","H20UC","R","19950401","F"
"H15UD","H20UD","R","19950401","F"
"H15UG","H20UG","R","19950401","F"
"H15XA","H20XA","R","19950401","F"
"H15YA","H20YL","R","19950401","F"
"H15YB","H20YB","R","19950401","F"
"H15YC","H20YC","R","19950401","F"
"H15YD","H20YD","R","19950401","F"
"H15YG","H20YG","R","19950401","F"
"H16","H17","R","19940401","F"
"H16","H18","R","19940401","F"
"H16","H19","R","19940401","F"
"H16AB","H18AB","R","19940401","F"
"H16AC","H18BC","R","19940401","F"
"H16AE","H19AE","R","19940401","F"
"H16AF","H19AF","R","19940401","F"
"H16AG","H19AG","R","19940401","F"
"H16AH","H19AH","R","19940401","F"
"H16AI","H18BH","R","19940401","F"
"H16AJ","H18BE","R","19940401","F"
"H16AK","H19AK","R","19940401","F"
"H16AM","H19AM","R","19940401","F"
"H16AN","H19AN","R","19940401","F"
"H16AO","H19AO","R","19940401","X"
"H16AP","H19AP","R","19940401","F"
"H16AQ","H19AQ","R","19940401","F"
"H16AR","H19AR","R","19940401","F"
"H16AS","H19AS","R","19940401","F"
"H16AT","H19AT","R","19940401","F"
"H16AU","H19AU","R","19940401","F"
"H16AV","H19AV","R","19940401","F"
"H16AW","H17BV","R","19940401","F"
"H16AX","H17BW","R","19940401","F"
"H16AY","H17BX","R","19940401","F"
"H16AZ","H19AZ","R","19940401","F"
"H16BA","H17BY","R","19940401","F"
"H16BB","H17BZ","R","19940401","F"
"H16BC","H17CA","R","19940401","F"
"H16BD","H19BD","R","19940401","F"
"H16BE","H19BE","R","19940401","F"
"H16BF","H19BF","R","19940401","F"
"H16BG","H17CB","R","19940401","F"
"H16BH","H19BH","R","19940401","X"
"H16BI","H19BI","R","19940401","F"
"H16EA","H19EA","R","19940401","F"
"H16EB","H17EB","R","19940401","F"
"H16GA","H19GA","R","19940401","F"
"H16GB","H19GB","R","19940401","X"
"H16GC","H19GC","R","19940401","F"
"H16GD","H19GD","R","19940401","F"
"H16H2","8D647","O","19960401",""
"H16MA","H19MA","R","19940401","F"
"H16MB","H19MB","R","19940401","F"
"H16OA","H19OA","R","19940401","F"
"H16PA","H17PD","R","19940401","F"
"H16PB","H17PE","R","19940401","F"
"H16SA","H19SA","R","19940401","F"
"H16WA","H19WA","R","19940401","F"
"H16XA","H19XA","R","19940401","F"
"H16YA","H19YA","R","19940401","F"
"H16YB","H19YB","R","19940401","F"
"H17","QAJ","O","19960401","F"
"H17AA","8CJ61","O","19960401",""
"H17AB","8CJ62","O","19960401",""
"H17AC","8CJ63","O","19960401",""
"H17AD","8CJ64","O","19960401",""
"H17AE","8CJ65","O","19960401",""
"H17AF","8CJ66","O","19960401","X"
"H17AG","8CJ67","O","19960401","X"
"H17AH","8CJ68","O","19960401","X"
"H17AI","8CJ69","O","19960401",""
"H17AK","8CJ70","O","19960401","X"
"H17AL","8CJ71","O","19960401",""
"H17AM","8CJ72","O","19960401","F"
"H17AN","8CJ73","O","19960401","F"
"H17AO","8CJ74","O","19960401",""
"H17AP","8CJ75","O","19960401","X"
"H17AQ","8CJ76","O","19960401",""
"H17AR","8CJ77","O","19960401",""
"H17AS","8CJ78","O","19960401",""
"H17AT","8CJ79","O","19960401",""
"H17AU","8CJ80","O","19960401","X"
"H17AV","8CJ81","O","19960401",""
"H17AW","8CJ82","O","19960401",""
"H17AX","8CJ83","O","19960401",""
"H17AY","8CJ84","O","19960401",""
"H17AZ","8CJ85","O","19960401","X"
"H17BA","8CJ86","O","19960401","X"
"H17BB","8CJ87","O","19960401",""
"H17BC","8CJ88","O","19960401",""
"H17BD","8CJ89","O","19960401",""
"H17BE","8CJ90","O","19960401",""
"H17BF","8CJ91","O","19960401",""
"H17BG","8CJ92","O","19960401",""
"H17BH","8CJ93","O","19960401","X"
"H17BI","8CJ94","O","19960401","X"
"H17BK","8CJ96","O","19960401",""
"H17BL","8CJ97","O","19960401","X"
"H17BM","8CJ98","O","19960401",""
"H17BN","8CJ99","O","19960401",""
"H17BO","8CK01","O","19960401",""
"H17BP","8CK02","O","19960401",""
"H17BQ","8CK03","O","19960401",""
"H17BR","8CK04","O","19960401",""
"H17BS","8CK05","O","19960401","X"
"H17BT","8CK06","O","19960401","X"
"H17BU","8CK07","O","19960401",""
"H17BV","8CK08","O","19960401",""
"H17BW","8CK09","O","19960401","X"
"H17BX","8CK10","O","19960401","X"
"H17BY","8CK11","O","19960401",""
"H17BZ","8CK12","O","19960401","X"
"H17CA","8CK13","O","19960401","F"
"H17CB","8CK14","O","19960401",""
"H17CC","8CK15","O","19960401",""
"H17CD","8CK16","O","19960401",""
"H17CF","8CK18","O","19960401",""
"H17CG","8CK19","O","19960401",""
"H17CH","8DN66","O","19960401",""
"H17CI","8DN65","O","19960401",""
"H17CJ","8DN67","O","19960401","X"
"H17DA","8AE34","O","19960401",""
"H17EA","8AE35","O","19960401","X"
"H17EB","8AE36","O","19960401","X"
"H17EC","8AE37","O","19960401","X"
"H17GA","8AM51","O","19960401","X"
"H17GB","8AE38","O","19960401","X"
"H17GC","8AE39","O","19960401","X"
"H17GI","8AE40","O","19960401","X"
"H17GJ","8DR42","O","19960401","X"
"H17GK","8DR48","O","19960401",""
"H17GL","8DR49","O","19960401","X"
"H17GM","8DP53","O","19960401","X"
"H17HA","8AE41","O","19960401","X"
"H17HB","8AE42","O","19960401","X"
"H17OA","8AE43","O","19960401","X"
"H17OB","8DR50","O","19960401",""
"H17PA","8AE44","O","19960401","X"
"H17PB","8AE45","O","19960401",""
"H17PC","8AE46","O","19960401","X"
"H17PD","8AE47","O","19960401",""
"H17PE","8AE48","O","19960401","X"
"H17TA","8AE49","O","19960401",""
"H17UA","8AE50","O","19960401","X"
"H17UB","8AE51","O","19960401","X"
"H17UC","8AE52","O","19960401",""
"H17VA","8AE54","O","19960401","X"
"H17XA","8AE55","O","19960401","X"
"H17XB","8AE56","O","19960401",""
"H17YA","8AE57","O","19960401","X"
"H17YB","8AE58","O","19960401",""
"H17YC","8DP52","O","19960401",""
"H18","H21","R","19950401","F"
"H18AA","H21BV","R","19950401","F"
"H18AB","H21BW","R","19950401","F"
"H18AC","H21BX","R","19950401","F"
"H18AD","H21BY","R","19950401","F"
"H18AE","H21BZ","R","19950401","F"
"H18AF","H21CA","R","19950401","F"
"H18AG","H21CB","R","19950401","F"
"H18AH","H21CC","R","19950401","F"
"H18AI","H21CD","R","19950401","F"
"H18AJ","H21CE","R","19950401","X"
"H18AK","H21CF","R","19950401","F"
"H18AL","H21CG","R","19950401","F"
"H18AM","H21CH","R","19950401","F"
"H18AN","H21CI","R","19950401","F"
"H18AO","H21CJ","R","19950401","F"
"H18AP","H21CK","R","19950401","F"
"H18AQ","H21CL","R","19950401","F"
"H18AR","H21CM","R","19950401","F"
"H18AS","H21CN","R","19950401","F"
"H18AT","H21CO","R","19950401","F"
"H18AU","H21CP","R","19950401","F"
"H18AV","H21CQ","R","19950401","F"
"H18AX","H21CR","R","19950401","F"
"H18AY","H21CS","R","19950401","F"
"H18AZ","H21CT","R","19950401","F"
"H18BA","H21CU","R","19950401","F"
"H18BB","H21CV","R","19950401","F"
"H18BC","H21CW","R","19950401","F"
"H18BD","H21CZ","R","19950401","F"
"H18BE","H21CY","R","19950401","F"
"H18BF","H21CZ","R","19950401","F"
"H18BG","H21AL","R","19950401","F"
"H18BH","H21CX","R","19950401","F"
"H18BR","H21BR","R","19950401","F"
"H18DD","H21DA","R","19950401","F"
"H18GC","H21GB","R","19950401","F"
"H18GD","H21GC","R","19950401","F"
"H18GE","H21GD","R","19950401","F"
"H18PA","H21PB","R","19950401","F"
"H18RA","H21RA","R","19950401","F"
"H18UA","H21UA","R","19950401","F"
"H19","QAG","O","19960401","F"
"H19AD","8CK21","O","19960401",""
"H19AE","8CK22","O","19960401",""
"H19AF","8CK23","O","19960401",""
"H19AG","8CK24","O","19960401","F"
"H19AH","8CK25","O","19960401","X"
"H19AK","8CK26","O","19960401",""
"H19AM","8CK27","O","19960401",""
"H19AN","8CK28","O","19960401","X"
"H19AP","8CK30","O","19960401","X"
"H19AQ","8CK31","O","19960401","X"
"H19AR","8CK32","O","19960401",""
"H19AS","8CK33","O","19960401",""
"H19AT","8CK34","O","19960401",""
"H19AU","8CK35","O","19960401",""
"H19AV","8CK36","O","19960401",""
"H19AZ","8CK37","O","19960401","X"
"H19BD","8CK38","O","19960401",""
"H19BE","8CK39","O","19960401",""
"H19BF","8CK40","O","19960401",""
"H19BI","8CK42","O","19960401",""
"H19EA","8AE59","O","19960401",""
"H19EC","8AE60","O","19960401",""
"H19ED","8E064","O","19960401","X"
"H19GA","8AE61","O","19960401",""
"H19GC","8AE63","O","19960401",""
"H19GD","8AE64","O","19960401","X"
"H19GE","8AE65","O","19960401",""
"H19GF","8AE66","O","19960401","X"
"H19GG","8AE67","O","19960401",""
"H19GH","8AE68","O","19960401","X"
"H19GI","8DT29","O","19960401","X"
"H19GJ","8CN48","O","19960401","X"
"H19GK","8DP40","O","19960401","X"
"H19MA","8AE69","O","19960401","F"
"H19MB","8AE70","O","19960401","X"
"H19OA","8AE71","O","19960401","X"
"H19PD","8AE72","O","19960401","X"
"H19PE","8DR51","O","19960401","X"
"H19PF","8DP41","O","19960401",""
"H19SA","8AE73","O","19960401","X"
"H19SB","8AN82","O","19960401","X"
"H19UA","8AE74","O","19960401","X"
"H19UB","8AE75","O","19960401",""
"H19UC","8AE76","O","19960401",""
"H19UD","8AE77","O","19960401","X"
"H19UE","8AE78","O","19960401","X"
"H19UF","8DR88","O","19960401","X"
"H19WA","8AE79","O","19960401","X"
"H19XA","8AE80","O","19960401","X"
"H19YA","8DW67","O","19960401",""
"H19YB","8AE81","O","19960401","X"
"H19YC","8AE82","O","19960401","X"
"H19YD","8AE83","O","19960401","X"
"H19YE","8AE84","O","19960401","X"
"H19YF","8AE85","O","19960401","X"
"H19YG","8AE86","O","19960401","X"
"H20","QAL","O","19960401","F"
"H20AA","8CK43","O","19960401",""
"H20AB","8CK44","O","19960401","X"
"H20AC","8CK45","O","19960401","X"
"H20AD","8CK46","O","19960401",""
"H20AE","8CK47","O","19960401",""
"H20AF","8CK48","O","19960401","X"
"H20AG","8CK49","O","19960401","X"
"H20AH","8CK50","O","19960401","F"
"H20AI","8CK51","O","19960401",""
"H20AK","8CK52","O","19960401","X"
"H20AL","8CK53","O","19960401","F"
"H20AN","8CK55","O","19960401","F"
"H20AO","8CK56","O","19960401","X"
"H20AP","8CK57","O","19960401",""
"H20AQ","8CK58","O","19960401","F"
"H20AS","8CK59","O","19960401",""
"H20AT","8CK60","O","19960401",""
"H20AU","8CK61","O","19960401",""
"H20AV","8CK62","O","19960401",""
"H20AW","8CK63","O","19960401",""
"H20AX","8CK64","O","19960401",""
"H20AZ","8CK65","O","19960401","F"
"H20BA","8CK66","O","19960401","X"
"H20BB","8CK67","O","19960401","X"
"H20BC","8CK68","O","19960401",""
"H20BD","8CK69","O","19960401","X"
"H20BE","8CK70","O","19960401",""
"H20BF","8CK71","O","19960401",""
"H20BG","8CK72","O","19960401","X"
"H20BH","8CK73","O","19960401",""
"H20BI","8CK74","O","19960401","X"
"H20BK","8CK76","O","19960401","X"
"H20BL","8CK77","O","19960401",""
"H20BM","8CK78","O","19960401",""
"H20BN","8CK79","O","19960401",""
"H20BO","8CK80","O","19960401",""
"H20BP","8CK81","O","19960401",""
"H20BQ","8CK82","O","19960401","X"
"H20BR","8CK83","O","19960401",""
"H20BT","8CK84","O","19960401","X"
"H20BU","8CK85","O","19960401",""
"H20BV","8CK86","O","19960401","X"
"H20BW","8CK87","O","19960401",""
"H20BX","8CK88","O","19960401","X"
"H20BY","8CK89","O","19960401","X"
"H20BZ","8CK90","O","19960401",""
"H20CA","8AE87","O","19960401",""
"H20CB","8CK91","O","19960401","X"
"H20CC","8CK92","O","19960401","X"
"H20CD","8CK93","O","19960401",""
"H20CE","8CK94","O","19960401","F"
"H20CF","8CK95","O","19960401","X"
"H20CG","8CK96","O","19960401",""
"H20CH","8CK97","O","19960401",""
"H20CI","8CK98","O","19960401",""
"H20CJ","8CK99","O","19960401",""
"H20CK","8CL01","O","19960401",""
"H20CL","8CL02","O","19960401","X"
"H20CM","8CL03","O","19960401","X"
"H20CN","8CL04","O","19960401",""
"H20CO","8CL05","O","19960401",""
"H20CP","8CL06","O","19960401",""
"H20CQ","8CL07","O","19960401",""
"H20CR","8CL08","O","19960401",""
"H20CS","8CL09","O","19960401",""
"H20CT","8CL10","O","19960401",""
"H20CU","8CL11","O","19960401","X"
"H20CV","8CL12","O","19960401","X"
"H20CW","8CL13","O","19960401",""
"H20CX","8CL14","O","19960401","X"
"H20CY","8CL15","O","19960401",""
"H20CZ","8AH97","O","19960401","X"
"H20DA","8CL17","O","19960401","X"
"H20FA","8CL18","O","19960401",""
"H20FB","8CL19","O","19960401",""
"H20FC","8CL20","O","19960401",""
"H20FD","8CL21","O","19960401","X"
"H20GA","8AE88","O","19960401","X"
"H20GD","8AE91","O","19960401","X"
"H20GE","8AE92","O","19960401","X"
"H20GF","8AE93","O","19960401","X"
"H20GG","8AE94","O","19960401","X"
"H20GI","8AE95","O","19960401",""
"H20GJ","8AE90","O","19960401","X"
"H20GK","8DD43","O","19960401","X"
"H20GL","8DN62","O","19960401",""
"H20GN","8DN64","O","19960401","X"
"H20GO","8DP51","O","19960401","X"
"H20GP","8AE04","O","19960401",""
"H20GQ","8E065","O","19960401","X"
"H20GR","8E070","O","19960401","X"
"H20HA","8DR54","O","19960401","X"
"H20NA","8AE96","O","19960401","X"
"H20OA","8AE97","O","19960401","X"
"H20OB","8E066","O","19960401",""
"H20PA","8AE98","O","19960401","X"
"H20PB","8AE99","O","19960401",""
"H20PC","8AF01","O","19960401","X"
"H20PD","8AF02","O","19960401","X"
"H20PE","8AF03","O","19960401","X"
"H20PF","8AF04","O","19960401",""
"H20PG","8AF05","O","19960401","X"
"H20PH","8AF06","O","19960401","X"
"H20PI","8AF07","O","19960401","X"
"H20PK","8AF09","O","19960401","X"
"H20PL","8AF10","O","19960401",""
"H20PM","8DP62","O","19960401","X"
"H20RA","8AF11","O","19960401","X"
"H20TA","8AF12","O","19960401",""
"H20TB","8DN80","O","19960401",""
"H20UA","8AF13","O","19960401","X"
"H20UB","8AF14","O","19960401",""
"H20UC","8AF15","O","19960401","X"
"H20UD","8AF16","O","19960401","X"
"H20UE","8AF17","O","19960401","X"
"H20UF","8AF18","O","19960401","X"
"H20UG","8AF19","O","19960401",""
"H20UH","8DR52","O","19960401","X"
"H20UI","8DR53","O","19960401","X"
"H20UJ","8DP47","O","19960401","X"
"H20UK","8DP58","O","19960401","F"
"H20XA","8AF20","O","19960401","X"
"H20XB","8AF21","O","19960401","X"
"H20XC","8AF22","O","19960401",""
"H20YB","8AF24","O","19960401",""
"H20YC","8AF25","O","19960401",""
"H20YD","8AF26","O","19960401","X"
"H20YE","8AF27","O","19960401","X"
"H20YF","8AF28","O","19960401",""
"H20YG","8AF29","O","19960401","X"
"H20YH","8AF30","O","19960401","X"
"H20YI","8AF31","O","19960401",""
"H20YJ","8AF32","O","19960401","X"
"H20YK","8AF33","O","19960401",""
"H20YL","8AF23","O","19960401","X"
"H21","QAK","O","19960401","F"
"H21AA","8CL22","O","19960401",""
"H21AB","8CL23","O","19960401","X"
"H21AC","8CL24","O","19960401",""
"H21AD","8CL25","O","19960401",""
"H21AE","8CL26","O","19960401",""
"H21AF","8CL27","O","19960401","F"
"H21AG","8CL28","O","19960401",""
"H21AH","8CL29","O","19960401","F"
"H21AI","8CL30","O","19960401",""
"H21AJ","8CL31","O","19960401","X"
"H21AK","8CL32","O","19960401",""
"H21AL","8CL33","O","19960401",""
"H21AM","8CL34","O","19960401","X"
"H21AN","8CL35","O","19960401","X"
"H21AO","8CL36","O","19960401","X"
"H21AP","8CL37","O","19960401","X"
"H21AQ","8CL38","O","19960401","F"
"H21AR","8CL39","O","19960401",""
"H21AS","8CL40","O","19960401",""
"H21AU","8CL41","O","19960401","X"
"H21AV","8CL42","O","19960401",""
"H21AW","8CL43","O","19960401","X"
"H21AX","8CL44","O","19960401","X"
"H21AY","8CL45","O","19960401",""
"H21AZ","8CL46","O","19960401",""
"H21BA","8CL47","O","19960401","X"
"H21BB","8CL48","O","19960401","X"
"H21BC","8CL49","O","19960401",""
"H21BE","8CL50","O","19960401",""
"H21BG","8CL51","O","19960401","F"
"H21BH","8CL52","O","19960401","X"
"H21BI","8CL53","O","19960401",""
"H21BJ","8CL54","O","19960401",""
"H21BK","8CL55","O","19960401","X"
"H21BL","8CL56","O","19960401",""
"H21BM","8CL57","O","19960401","X"
"H21BN","8CL58","O","19960401","X"
"H21BO","8CL59","O","19960401",""
"H21BP","8CL60","O","19960401",""
"H21BQ","8CL61","O","19960401","X"
"H21BR","8CL62","O","19960401",""
"H21BS","8CL63","O","19960401",""
"H21BT","8CL64","O","19960401","X"
"H21BU","8CL65","O","19960401","F"
"H21BV","8CL66","O","19960401","F"
"H21BW","8CL95","O","19960401","X"
"H21BX","8CL67","O","19960401",""
"H21BY","8CL68","O","19960401","X"
"H21BZ","8CL69","O","19960401",""
"H21CA","8CL70","O","19960401","X"
"H21CB","8CL71","O","19960401",""
"H21CC","8CL72","O","19960401",""
"H21CD","8CL73","O","19960401","X"
"H21CF","8CL75","O","19960401",""
"H21CG","8CL76","O","19960401",""
"H21CH","8CL77","O","19960401",""
"H21CI","8CL78","O","19960401","X"
"H21CJ","8CL79","O","19960401",""
"H21CK","8CL80","O","19960401",""
"H21CL","8CL81","O","19960401","F"
"H21CM","8CL82","O","19960401",""
"H21CN","8CL83","O","19960401",""
"H21CO","8CL84","O","19960401","X"
"H21CP","8CL85","O","19960401",""
"H21CQ","8CL86","O","19960401",""
"H21CR","8CL87","O","19960401",""
"H21CS","8CL88","O","19960401",""
"H21CT","8CL89","O","19960401",""
"H21CU","8CL90","O","19960401",""
"H21CV","8CL91","O","19960401",""
"H21CW","8CL92","O","19960401","X"
"H21CX","8CL93","O","19960401",""
"H21CY","8CL94","O","19960401",""
"H21CZ","8CJ20","O","19960401","X"
"H21DA","8AF34","O","19960401","X"
"H21FA","8CL96","O","19960401",""
"H21FB","8CL97","O","19960401",""
"H21FC","8CL98","O","19960401",""
"H21FD","8CL99","O","19960401",""
"H21FE","8CM01","O","19960401","X"
"H21FF","8DY02","O","19960401",""
"H21FG","8DY01","O","19960401",""
"H21G1","8DN61","O","19960401",""
"H21GA","8AF35","O","19960401","X"
"H21GB","8AF36","O","19960401",""
"H21GC","8AF37","O","19960401",""
"H21GD","8AF38","O","19960401","X"
"H21GE","8AF39","O","19960401","X"
"H21GF","8AF40","O","19960401","X"
"H21GG","8DR61","O","19960401","X"
"H21GJ","8AE07","O","19960401","X"
"H21HA","8AF41","O","19960401",""
"H21HG","8DN42","O","19960401","X"
"H21PA","8AF42","O","19960401",""
"H21PB","8AF43","O","19960401",""
"H21PC","8AF44","O","19960401",""
"H21PD","8AF45","O","19960401","X"
"H21RA","8AF46","O","19960401","X"
"H21UA","8AF47","O","19960401","X"
"H21UB","8AF48","O","19960401","X"
"H21UC","8DR63","O","19960401","X"
"H21VA","8AF49","O","19960401","X"
"H21WA","8AF50","O","19960401","X"
"H21YA","8DR41","O","19960401","X"
"H21YB","8DR62","O","19960401","X"
"H21YC","8DP59","O","19960401",""
"H21YD","8DP60","O","19960401","X"
"H22","QAN","O","19960401","F"
"H22AA","8CM02","O","19960401",""
"H22AC","8CM03","O","19960401","X"
"H22AD","8CM04","O","19960401",""
"H22AE","8CM05","O","19960401",""
"H22AF","8CM06","O","19960401",""
"H22AG","8CM07","O","19960401",""
"H22AH","8CM08","O","19960401",""
"H22AI","8CM09","O","19960401","X"
"H22AJ","8CM10","O","19960401","X"
"H22AK","8CM11","O","19960401",""
"H22AM","8CM12","O","19960401","X"
"H22AN","8CM13","O","19960401","X"
"H22AO","8CM14","O","19960401",""
"H22AP","8CM15","O","19960401","X"
"H22AR","8CM17","O","19960401",""
"H22AS","8CM18","O","19960401",""
"H22AU","8CM19","O","19960401",""
"H22AW","8CM20","O","19960401",""
"H22AX","8CM21","O","19960401",""
"H22AY","8CM22","O","19960401",""
"H22AZ","8CM23","O","19960401","X"
"H22BA","8CM24","O","19960401","X"
"H22BB","8CM25","O","19960401",""
"H22BC","8CM26","O","19960401","X"
"H22BE","8CM27","O","19960401",""
"H22BF","8CM28","O","19960401",""
"H22BH","8CM29","O","19960401",""
"H22BI","8CM30","O","19960401","X"
"H22BJ","8CM31","O","19960401","X"
"H22BK","8CM32","O","19960401",""
"H22BL","8CM33","O","19960401",""
"H22BM","8CM34","O","19960401",""
"H22BN","8CM35","O","19960401","X"
"H22BP","8CM36","O","19960401","X"
"H22BQ","8CM37","O","19960401","X"
"H22BR","8CM38","O","19960401",""
"H22BS","8CM39","O","19960401",""
"H22BT","8CM40","O","19960401","X"
"H22BU","8CM41","O","19960401",""
"H22BW","8CM42","O","19960401",""
"H22BY","8CM44","O","19960401",""
"H22BZ","8CM45","O","19960401","X"
"H22CC","8CM46","O","19960401","X"
"H22CD","8CM47","O","19960401",""
"H22CF","8CM48","O","19960401","X"
"H22CG","8CM49","O","19960401","X"
"H22CH","8CM50","O","19960401",""
"H22CJ","8CM52","O","19960401",""
"H22CK","8CM53","O","19960401","X"
"H22CL","8CM54","O","19960401",""
"H22CN","8CM56","O","19960401",""
"H22CO","8CM57","O","19960401","X"
"H22CP","8CM58","O","19960401","X"
"H22CQ","8CM59","O","19960401","F"
"H22CR","8CM60","O","19960401","X"
"H22CS","8CM61","O","19960401","X"
"H22CT","8CM62","O","19960401",""
"H22CU","8CM63","O","19960401",""
"H22CV","8CM64","O","19960401","X"
"H22CW","8CM65","O","19960401","X"
"H22CX","8CM66","O","19960401",""
"H22CY","8CM67","O","19960401","X"
"H22CZ","8CM68","O","19960401",""
"H22EA","8AF51","O","19960401","X"
"H22EB","8AF52","O","19960401","X"
"H22EC","8DR64","O","19960401","X"
"H22FA","8CM69","O","19960401",""
"H22FB","8CM70","O","19960401",""
"H22FC","8CM71","O","19960401",""
"H22FD","8CM72","O","19960401",""
"H22FE","8CM73","O","19960401",""
"H22FF","8CM74","O","19960401","X"
"H22FG","8CM75","O","19960401","X"
"H22FH","8CM76","O","19960401",""
"H22FI","8CM77","O","19960401",""
"H22FJ","8CM78","O","19960401","X"
"H22FK","8CM79","O","19960401",""
"H22FL","8CM80","O","19960401","X"
"H22FM","8CM81","O","19960401","X"
"H22FN","8CM82","O","19960401",""
"H22FO","8CM83","O","19960401",""
"H22FP","8CM84","O","19960401","X"
"H22FQ","8CM85","O","19960401","X"
"H22FR","8CM86","O","19960401","X"
"H22FS","8CM87","O","19960401","X"
"H22FT","8CM88","O","19960401","X"
"H22FU","8CM89","O","19960401",""
"H22FV","8CM90","O","19960401",""
"H22FW","8CM91","O","19960401","X"
"H22FX","8CM92","O","19960401",""
"H22FY","8CM93","O","19960401",""
"H22FZ","8CM94","O","19960401","X"
"H22GB","8AF53","O","19960401","X"
"H22GC","8AF54","O","19960401","X"
"H22GD","8AF55","O","19960401",""
"H22GE","8AF56","O","19960401",""
"H22GF","8AF57","O","19960401","X"
"H22GG","8AF58","O","19960401","X"
"H22GH","8AF59","O","19960401",""
"H22GI","8DR79","O","19960401","X"
"H22GJ","8E199","O","19960401","X"
"H22GK","8DN59","O","19960401",""
"H22GL","8DP57","O","19960401",""
"H22HA","8AF60","O","19960401","X"
"H22HB","8AF61","O","19960401",""
"H22JA","8CM95","O","19960401",""
"H22JB","8CM96","O","19960401",""
"H22JC","8CM97","O","19960401",""
"H22JD","8CM98","O","19960401",""
"H22JE","8CM99","O","19960401",""
"H22JF","8CN01","O","19960401",""
"H22JG","8CN02","O","19960401",""
"H22JH","8CN03","O","19960401","X"
"H22JI","8CN04","O","19960401",""
"H22JJ","8CN05","O","19960401","F"
"H22JK","8CN06","O","19960401",""
"H22JL","8CN07","O","19960401",""
"H22JM","8CN08","O","19960401",""
"H22JN","8CN09","O","19960401","X"
"H22JO","8CN10","O","19960401",""
"H22JP","8CN11","O","19960401",""
"H22JQ","8CN12","O","19960401","X"
"H22JR","8CN13","O","19960401",""
"H22JS","8CN14","O","19960401","X"
"H22JT","8CN15","O","19960401",""
"H22JU","8CN16","O","19960401","X"
"H22JV","8CN17","O","19960401","X"
"H22JW","8CN18","O","19960401",""
"H22JX","8CN19","O","19960401",""
"H22JY","8CN20","O","19960401","X"
"H22JZ","8CN21","O","19960401",""
"H22KA","8CN22","O","19960401","X"
"H22KC","8CN24","O","19960401",""
"H22KD","8CN25","O","19960401",""
"H22KE","8CN26","O","19960401",""
"H22KF","8CN27","O","19960401","X"
"H22KH","8CN29","O","19960401","X"
"H22KI","8CN30","O","19960401","X"
"H22KJ","8CN31","O","19960401",""
"H22KK","8CN32","O","19960401","X"
"H22KL","8CN33","O","19960401",""
"H22KM","8CN34","O","19960401",""
"H22KN","8CN35","O","19960401",""
"H22KO","8CN36","O","19960401",""
"H22KP","8CN37","O","19960401",""
"H22KQ","8CN38","O","19960401",""
"H22KR","8CN39","O","19960401",""
"H22KS","8CN40","O","19960401",""
"H22KT","8CN41","O","19960401",""
"H22KU","8CN42","O","19960401",""
"H22KV","8CN43","O","19960401","X"
"H22KW","8CN44","O","19960401","X"
"H22KX","8CN45","O","19960401","X"
"H22KY","8CN46","O","19960401",""
"H22KZ","8CN47","O","19960401","X"
"H22LD","8CN51","O","19960401",""
"H22LE","8CN52","O","19960401","X"
"H22LF","8CN53","O","19960401",""
"H22LG","8CN54","O","19960401",""
"H22LH","8CN55","O","19960401",""
"H22LI","8CN56","O","19960401","X"
"H22LK","8CN58","O","19960401","F"
"H22LL","8CN59","O","19960401","X"
"H22LM","8CN60","O","19960401","X"
"H22LN","8CN61","O","19960401",""
"H22LO","8CN62","O","19960401","X"
"H22LP","8CN63","O","19960401",""
"H22LR","8CN65","O","19960401","X"
"H22LS","8CN66","O","19960401",""
"H22LT","8CN67","O","19960401",""
"H22LU","8CN68","O","19960401",""
"H22LV","8CN69","O","19960401",""
"H22LW","8CN70","O","19960401","X"
"H22LX","8CN71","O","19960401",""
"H22LY","8CN72","O","19960401",""
"H22LZ","8CN73","O","19960401",""
"H22OA","8AF62","O","19960401",""
"H22OB","8AF63","O","19960401",""
"H22OC","8DP56","O","19960401","X"
"H22P1","8E069","O","19960401","X"
"H22PA","8AF64","O","19960401","X"
"H22PB","8AF65","O","19960401",""
"H22PC","8AF66","O","19960401","X"
"H22PD","8AF67","O","19960401",""
"H22PE","8AF68","O","19960401",""
"H22PF","8AF69","O","19960401","X"
"H22PG","8AF70","O","19960401","X"
"H22PH","8AF71","O","19960401","X"
"H22PI","8AF72","O","19960401","X"
"H22PJ","8AF73","O","19960401","X"
"H22PK","8AF74","O","19960401","X"
"H22PL","8AF75","O","19960401","X"
"H22PM","8AF76","O","19960401","X"
"H22PN","8AF77","O","19960401",""
"H22PO","8AC87","O","19960401","X"
"H22PP","8AF78","O","19960401","X"
"H22PQ","8AF79","O","19960401",""
"H22PR","8AF80","O","19960401","X"
"H22PT","8AF81","O","19960401","X"
"H22PU","8AF82","O","19960401",""
"H22PV","8DP42","O","19960401","X"
"H22PW","8DP64","O","19960401","X"
"H22PX","8DP54","O","19960401","X"
"H22PY","8DQ16","O","19960401",""
"H22PZ","8E068","O","19960401","X"
"H22QA","8CN74","O","19960401",""
"H22QB","8CN75","O","19960401",""
"H22QC","8CN76","O","19960401","X"
"H22QD","8CN77","O","19960401","X"
"H22QE","8CN78","O","19960401",""
"H22QF","8CN79","O","19960401",""
"H22QG","8CN80","O","19960401","X"
"H22QI","8CN82","O","19960401",""
"H22QJ","8CN83","O","19960401",""
"H22QK","8CN84","O","19960401",""
"H22QL","8CN85","O","19960401",""
"H22QM","8CN86","O","19960401",""
"H22QN","8CN87","O","19960401","X"
"H22QP","8CJ14","O","19960401","X"
"H22QR","8CJ15","O","19960401",""
"H22QS","8CJ16","O","19960401",""
"H22QT","8CJ17","O","19960401",""
"H22QU","8CJ18","O","19960401",""
"H22QV","8CJ19","O","19960401","X"
"H22QW","8CN88","O","19960401","X"
"H22QX","8CN89","O","19960401","X"
"H22QY","8CN90","O","19960401",""
"H22QZ","8CN91","O","19960401",""
"H22SA","8AF83","O","19960401","X"
"H22SA","8DR86","O","19960401",""
"H22SB","8D494","O","19960401",""
"H22SB","8AF84","O","19960401","X"
"H22SC","8D495","O","19960401","X"
"H22SC","8AF85","O","19960401","X"
"H22SD","8DP44","O","19960401",""
"H22SD","8D496","O","19960401",""
"H22SE","8CN78","O","19960401",""
"H22SE","8DP46","O","19960401","X"
"H22UA","8AF86","O","19960401","X"
"H22UB","8AF87","O","19960401","X"
"H22UC","8AF88","O","19960401","X"
"H22UD","8AF89","O","19960401","X"
"H22UE","8AF90","O","19960401","X"
"H22UF","8AF91","O","19960401","X"
"H22UG","8AF92","O","19960401",""
"H22UH","8AF93","O","19960401","X"
"H22UI","8AF94","O","19960401","X"
"H22UJ","8AF95","O","19960401","X"
"H22UK","8AF96","O","19960401",""
"H22UL","8AF97","O","19960401","X"
"H22UM","8DR30","O","19960401","X"
"H22UN","8AF98","O","19960401","X"
"H22UO","8AF99","O","19960401",""
"H22UP","8DR78","O","19960401","X"
"H22UQ","8DT27","O","19960401","X"
"H22UR","8DN58","O","19960401","X"
"H22US","8DN60","O","19960401","X"
"H22UT","8DP45","O","19960401","X"
"H22UU","8DP63","O","19960401","X"
"H22VA","8AG01","O","19960401","X"
"H22WA","8AG02","O","19960401","X"
"H22WB","8DT40","O","19960401","X"
"H22XA","8AG03","O","19960401","X"
"H22XB","8AG04","O","19960401","X"
"H22YA","8AG05","O","19960401","X"
"H22YC","8AG07","O","19960401","X"
"H22YD","8AG08","O","19960401",""
"H22YE","8AG09","O","19960401","X"
"H22YF","8AG10","O","19960401","X"
"H22YG","8DR65","O","19960401","X"
"H22YH","8AG06","O","19960401","X"
"H22YI","8DT39","O","19960401",""
"H22YJ","8DP43","O","19960401","X"
"H22YK","8DP55","O","19960401",""
"H22ZA","8CN92","O","19960401",""
"H85ZZ","8AG11","O","19960401","X"
"HBR21","HHM21","R","19930401","F"
"HCM","RQ9","O","19950401","F"
"HCU77","HND77","R","19930401","F"
"HCW","RPP","O","19940401","F"
"HCW07","RPP07","O","19940401","X"
"HCW12","RPP12","O","19940401","X"
"HCW13","RPP13","O","19940401","X"
"HCW14","RPP14","O","19940401","X"
"HCW15","RPP15","O","19940401","X"
"HCW17","RPP17","O","19940401","X"
"HCW20","RPP20","O","19940401","X"
"HCW21","RPP21","O","19940401","X"
"HCW23","RPP23","O","19940401","X"
"HCW24","RPP24","O","19940401","X"
"HCW50","RPP50","O","19940401","X"
"HCW61","RPP61","O","19940401","X"
"HDH10","RHE10","O","19930401","X"
"HDH50","RHE50","O","19930401","X"
"HDH51","RHE51","O","19930401","X"
"HDH54","RHE54","O","19930401","X"
"HHM","RPT","O","19940401","F"
"HHM01","RPT04","O","19940401","X"
"HHM10","RPT02","O","19940401","X"
"HHM13","RPT01","O","19940401","X"
"HHM21","RPT03","O","19940401","X"
"HHM37","RPT05","O","19940401","X"
"HHM38","RPT06","O","19940401","X"
"HND","RPM","O","19940401","F"
"HND06","RPM06","O","19940401","X"
"HND07","RPM07","O","19940401","X"
"HND08","RPM08","O","19940401","X"
"HND09","RPM09","O","19940401","X"
"HND12","RPM12","O","19940401","X"
"HND13","RPM13","O","19940401","X"
"HND14","RPM14","O","19940401","X"
"HND15","RPM15","O","19940401","X"
"HND16","RPM16","O","19940401","X"
"HND24","RPM24","O","19940401","X"
"HND25","RPM25","O","19940401","X"
"HND26","RPM26","O","19940401","X"
"HND27","RPM27","O","19940401","X"
"HND28","RPM28","O","19940401","X"
"HND29","RPM29","O","19940401","X"
"HND40","RPM10","O","19940401","X"
"HND42","RPM42","O","19940401","X"
"HND43","RPM43","O","19940401","X"
"HND45","RPM45","O","19940401","X"
"HND46","RPM46","O","19940401","X"
"HND65","RPM65","O","19940401","X"
"HND66","RPM66","O","19940401","X"
"HND67","RPM67","O","19940401","X"
"HND68","RPM68","O","19940401","X"
"HND69","RPM69","O","19940401","X"
"HND77","RPM77","O","19940401","X"
"HPC14","RHJ14","O","19930401","X"
"HPC24","RHJ24","O","19930401","X"
"HPC25","RHJ25","O","19930401","X"
"HPC27","RHJ27","O","19930401","X"
"HPC28","RHJ28","O","19930401","X"
"HPC29","RHJ29","O","19930401","X"
"HPC38","RHJ38","O","19930401","X"
"HRW","HHM","R","19930401","F"
"HRW01","HHM01","R","19930401","F"
"HRW13","HHM13","R","19930401","F"
"HRW37","HHM37","R","19930401","F"
"HRW38","HHM38","R","19930401","F"
"HSH","RQ1","O","19950401","F"
"HSH07","RQ107","O","19950401","X"
"HSH08","RQ108","O","19950401","X"
"HSH11","RQ111","O","19950401","X"
"HSH20","RQ120","O","19950401","X"
"J0001","8DT89","O","19960401","X"
"J0002","8DX26","O","19960401","X"
"J0003","8DX27","O","19960401",""
"J0004","8E014","O","19960401","X"
"J0006","8D758","O","19960401",""
"J10","QDW","O","19960401","F"
"J1032","8CQ34","O","19960401",""
"J1033","8CQ35","O","19960401",""
"J1044","8CQ36","O","19960401","X"
"J1045","8CQ37","O","19960401",""
"J1053","8CQ38","O","19960401","X"
"J1058","8CQ39","O","19960401","X"
"J1061","8CQ40","O","19960401",""
"J1062","8CQ41","O","19960401",""
"J1075","8CQ43","O","19960401",""
"J1076","8CQ44","O","19960401",""
"J1078","8CQ45","O","19960401","X"
"J1079","8CQ46","O","19960401",""
"J1083","8CQ47","O","19960401",""
"J1090","8CQ50","O","19960401",""
"J1092","8CQ51","O","19960401","F"
"J1094","8CQ53","O","19960401",""
"J1095","8CQ54","O","19960401",""
"J1096","8CQ55","O","19960401",""
"J1097","8CQ56","O","19960401",""
"J1099","8AG26","O","19960401",""
"J109A","8CQ48","O","19960401","F"
"J109B","8CQ49","O","19960401","X"
"J109C","8D595","O","19960401","X"
"J109D","8D668","O","19960401","X"
"J10A1","8CN96","O","19960401","X"
"J10A2","8CN97","O","19960401","X"
"J10A3","8CN98","O","19960401","X"
"J10A5","8CN99","O","19960401",""
"J10A6","8CP01","O","19960401",""
"J10A7","8CP02","O","19960401",""
"J10A8","8CP03","O","19960401",""
"J10A9","8CP04","O","19960401",""
"J10AA","8CN93","O","19960401",""
"J10AB","8CN94","O","19960401",""
"J10B1","8CP05","O","19960401","X"
"J10B2","8CP06","O","19960401",""
"J10B3","8CP07","O","19960401","X"
"J10B4","8CP08","O","19960401","X"
"J10B5","8CP09","O","19960401",""
"J10B6","8CP10","O","19960401",""
"J10B8","8CP11","O","19960401",""
"J10B9","8CP12","O","19960401",""
"J10C1","8CP13","O","19960401",""
"J10C2","8CP14","O","19960401",""
"J10C4","8CP15","O","19960401",""
"J10C5","8CP16","O","19960401","X"
"J10C6","8CP17","O","19960401",""
"J10C7","8CP18","O","19960401","X"
"J10C9","8CP20","O","19960401","X"
"J10D1","8CP21","O","19960401",""
"J10D2","8CP22","O","19960401",""
"J10D3","8CP23","O","19960401","X"
"J10D4","8CP24","O","19960401","X"
"J10D5","8CP25","O","19960401","X"
"J10D6","8CP26","O","19960401",""
"J10D7","8CP27","O","19960401","X"
"J10D8","8CP28","O","19960401",""
"J10D9","8CP29","O","19960401",""
"J10E1","8CP30","O","19960401",""
"J10E2","8CP31","O","19960401","X"
"J10E3","8CP32","O","19960401",""
"J10E4","8CP33","O","19960401",""
"J10E6","8CP34","O","19960401","X"
"J10E7","8CP35","O","19960401","X"
"J10E8","8CP36","O","19960401",""
"J10E9","8CP37","O","19960401",""
"J10F1","8CP38","O","19960401","X"
"J10F3","8CP39","O","19960401",""
"J10F4","8CP40","O","19960401",""
"J10F6","8CP42","O","19960401","X"
"J10F8","8CP43","O","19960401","X"
"J10G2","8CP45","O","19960401","X"
"J10G3","8CP46","O","19960401",""
"J10G4","8CP47","O","19960401",""
"J10G5","8CP48","O","19960401","X"
"J10G6","8CP49","O","19960401",""
"J10G7","8CP50","O","19960401","X"
"J10G9","8D851","O","19960401",""
"J10H1","8CP51","O","19960401",""
"J10H2","8CP52","O","19960401","X"
"J10H3","8CP53","O","19960401","X"
"J10H5","8CP54","O","19960401","X"
"J10H6","8CP55","O","19960401","X"
"J10H7","8CP56","O","19960401",""
"J10H8","8CP57","O","19960401","X"
"J10H9","8CP58","O","19960401","X"
"J10J1","8CP59","O","19960401","X"
"J10J2","8CP60","O","19960401","X"
"J10J3","8CP61","O","19960401","X"
"J10J5","8CP62","O","19960401","X"
"J10J6","8CP63","O","19960401",""
"J10J7","8CP64","O","19960401",""
"J10J8","8CP65","O","19960401","X"
"J10K1","8CP66","O","19960401","X"
"J10K2","8CP67","O","19960401","X"
"J10K3","8CP68","O","19960401",""
"J10K4","8CP69","O","19960401",""
"J10K5","8CP70","O","19960401",""
"J10K6","8CP71","O","19960401","X"
"J10K7","8CP72","O","19960401","X"
"J10K9","8CP73","O","19960401","X"
"J10L1","8CP74","O","19960401",""
"J10L2","8CP75","O","19960401",""
"J10L4","8CP77","O","19960401","X"
"J10L5","8CP78","O","19960401","X"
"J10L6","8CP79","O","19960401",""
"J10L7","8CP80","O","19960401","X"
"J10L8","8CP81","O","19960401","X"
"J10L9","8CP82","O","19960401",""
"J10M1","8CP83","O","19960401","X"
"J10M2","8CP84","O","19960401","X"
"J10M3","8CP85","O","19960401","X"
"J10M4","8CP86","O","19960401",""
"J10M5","8CP87","O","19960401",""
"J10M6","8CP88","O","19960401",""
"J10M7","8CP89","O","19960401","X"
"J10M8","8CP90","O","19960401",""
"J10M9","8CP91","O","19960401",""
"J10N1","8CP92","O","19960401",""
"J10N2","8CP93","O","19960401",""
"J10N3","8CP94","O","19960401",""
"J10N4","8CP95","O","19960401","X"
"J10N6","8CP96","O","19960401",""
"J10N7","8CP97","O","19960401",""
"J10N9","8CP98","O","19960401","X"
"J10P1","8CP99","O","19960401",""
"J10P2","8CQ01","O","19960401","X"
"J10P3","8CQ02","O","19960401",""
"J10P4","8CQ03","O","19960401",""
"J10P5","8CQ04","O","19960401","F"
"J10P6","8CQ05","O","19960401","X"
"J10P7","8CQ06","O","19960401",""
"J10P8","8CQ07","O","19960401",""
"J10V7","8CQ08","O","19960401",""
"J10V8","8CQ09","O","19960401","X"
"J10V9","8CQ10","O","19960401",""
"J10W3","8CQ11","O","19960401",""
"J10W4","8CQ12","O","19960401",""
"J10W5","8CQ13","O","19960401",""
"J10W6","8CQ14","O","19960401","X"
"J10X2","8CQ15","O","19960401","X"
"J10X3","8CQ16","O","19960401",""
"J10X4","8CQ17","O","19960401",""
"J10X5","8CQ18","O","19960401",""
"J10X6","8CQ19","O","19960401",""
"J10X7","8CQ20","O","19960401",""
"J10X8","8CQ21","O","19960401","X"
"J10Y3","8CQ22","O","19960401",""
"J10Y4","8CQ23","O","19960401",""
"J10Y5","8CQ24","O","19960401",""
"J10Y6","8CQ25","O","19960401","X"
"J10Y7","8CQ26","O","19960401","X"
"J10Y8","8CQ27","O","19960401","X"
"J10Z1","8CQ29","O","19960401",""
"J10Z2","8CQ30","O","19960401",""
"J10Z3","8CQ31","O","19960401",""
"J10Z5","8CQ32","O","19960401","X"
"J10Z8","8CQ33","O","19960401","X"
"J2194","8A336","O","19960401",""
"J2195","8A544","O","19960401",""
"J21H1","8CQ58","O","19960401",""
"J21K1","8CQ59","O","19960401",""
"J21K2","8CQ60","O","19960401",""
"J21K3","8CQ61","O","19960401",""
"J21M3","8CQ64","O","19960401","X"
"J21M5","8CQ66","O","19960401",""
"J21Q9","8CQ83","O","19960401",""
"J2218","8D760","O","19960401",""
"J22B3","J22V8","R","19950401","F"
"J22C2","J22V6","R","19950401","F"
"J22C4","J22V9","R","19950401","F"
"J22L1","8CR26","O","19960401",""
"J22L2","8CR27","O","19960401","X"
"J22L3","8CR28","O","19960401","X"
"J22V2","8CR30","O","19960401",""
"J22V3","8CR31","O","19960401",""
"J22V4","8CR32","O","19960401","X"
"J22V5","8CR33","O","19960401","X"
"J22V6","8CR24","O","19960401",""
"J22V7","8CR34","O","19960401","X"
"J22V8","8CR23","O","19960401",""
"J22V9","8CR25","O","19960401",""
"J23B6","J25C1","R","19940401","F"
"J23B7","J25C2","R","19940401","F"
"J23B8","J25C3","R","19940401","X"
"J24B7","J25E2","R","19940401","F"
"J24B8","J25E3","R","19940401","F"
"J24B9","J25E4","R","19940401","F"
"J24C1","J25E5","R","19940401","X"
"J24C1","J25F5","R","19940401","F"
"J24C2","J25E6","R","19940401","F"
"J24C3","J25E7","R","19940401","F"
"J24C4","J25E8","R","19940401","F"
"J24C5","J25E9","R","19940401","F"
"J24C6","J25F1","R","19940401","F"
"J24C7","J25F2","R","19940401","F"
"J24C8","J25F3","R","19940401","F"
"J24C9","J25F4","R","19940401","F"
"J25","QD1","O","19960401","F"
"J25A1","8CR74","O","19960401",""
"J25A2","8CR75","O","19960401","F"
"J25A3","8CR76","O","19960401","F"
"J25A4","8CR77","O","19960401","F"
"J25A5","8CR78","O","19960401",""
"J25A6","8CR79","O","19960401",""
"J25A7","8CR80","O","19960401","X"
"J25A8","8CR81","O","19960401",""
"J25A9","8CR82","O","19960401",""
"J25B1","8CR83","O","19960401","F"
"J25B2","8CR84","O","19960401","X"
"J25B5","8CR85","O","19960401",""
"J25B6","8CR86","O","19960401",""
"J25B7","8CR87","O","19960401",""
"J25B8","8CR88","O","19960401",""
"J25B9","8CR89","O","19960401",""
"J25C1","8CR90","O","19960401",""
"J25C2","8CR91","O","19960401",""
"J25C5","8CR92","O","19960401",""
"J25C6","8CR93","O","19960401",""
"J25C8","8CR94","O","19960401",""
"J25C9","8CR95","O","19960401",""
"J25D1","8CR96","O","19960401",""
"J25D2","8CR97","O","19960401",""
"J25D3","8CR98","O","19960401","F"
"J25D4","8CR99","O","19960401",""
"J25D5","8CT01","O","19960401",""
"J25D6","8CT02","O","19960401",""
"J25D7","8CT03","O","19960401",""
"J25D8","8CT04","O","19960401","X"
"J25D9","8CT05","O","19960401",""
"J25E1","8CT06","O","19960401",""
"J25E2","8CT07","O","19960401",""
"J25E3","8CT08","O","19960401","X"
"J25E4","8CT09","O","19960401",""
"J25E6","8CT10","O","19960401",""
"J25E7","8CT11","O","19960401",""
"J25E8","8CT12","O","19960401","X"
"J25E9","8CT13","O","19960401","X"
"J25F1","8CT14","O","19960401",""
"J25F2","8CT15","O","19960401",""
"J25F3","8CT16","O","19960401",""
"J25F4","8CT17","O","19960401","F"
"J25F5","8CT18","O","19960401","X"
"J25F6","8CT19","O","19960401","X"
"J25F7","8CT20","O","19960401",""
"J25F8","8CT21","O","19960401",""
"J25F9","8CT22","O","19960401",""
"J25G1","8CT23","O","19960401",""
"J25G2","8CT24","O","19960401","X"
"J25G3","8CT25","O","19960401",""
"J25G4","8CT26","O","19960401","X"
"J25G5","8DN02","O","19960401",""
"J25G6","8DN03","O","19960401",""
"J25G7","8DN06","O","19960401","X"
"J25G8","8AE18","O","19960401",""
"J25R7","J25F7","R","19940401","F"
"J30","QD7","O","19960401","F"
"J30","QD8","O","19960401","F"
"J30A1","8CT27","O","19960401",""
"J30A2","8CT28","O","19960401","X"
"J30A3","8CT29","O","19960401",""
"J30A4","8CT30","O","19960401",""
"J30A6","8CT31","O","19960401",""
"J30A7","8CT32","O","19960401",""
"J30A8","8CT33","O","19960401",""
"J30A9","8CT34","O","19960401","F"
"J30B1","8CT35","O","19960401",""
"J30B2","8CT36","O","19960401",""
"J30B4","8CT37","O","19960401",""
"J30B5","8CT38","O","19960401","X"
"J30B6","8CT39","O","19960401",""
"J30B7","8CT40","O","19960401",""
"J30B8","8CT41","O","19960401","X"
"J30B9","8CT42","O","19960401",""
"J30C1","8CT43","O","19960401",""
"J30C5","8CT44","O","19960401",""
"J30C6","8CT45","O","19960401",""
"J30C7","8CT46","O","19960401","X"
"J30C8","8CT47","O","19960401","X"
"J30C9","8CT48","O","19960401",""
"J30D1","8CT49","O","19960401",""
"J30D2","8CT50","O","19960401",""
"J30D3","8CT51","O","19960401",""
"J30D4","8CT52","O","19960401","X"
"J30D5","8CT53","O","19960401",""
"J30D6","8CT54","O","19960401","F"
"J30D7","8CT55","O","19960401",""
"J30D8","8CT56","O","19960401",""
"J30D9","8CT57","O","19960401",""
"J30E1","8CT58","O","19960401",""
"J30E2","8CT59","O","19960401",""
"J30E3","8CT60","O","19960401","X"
"J30E4","8CT61","O","19960401",""
"J30E5","8CT62","O","19960401",""
"J30E6","8CT63","O","19960401","X"
"J30E7","8CT64","O","19960401","X"
"J30E8","8CT65","O","19960401",""
"J30E9","8CT66","O","19960401",""
"J30F1","8CT67","O","19960401","X"
"J30F2","8CT68","O","19960401",""
"J30F3","8CT69","O","19960401",""
"J30F4","8CT70","O","19960401",""
"J30F5","8CT71","O","19960401",""
"J30F6","8CT72","O","19960401",""
"J30F7","8CT73","O","19960401",""
"J30F8","8CT74","O","19960401","X"
"J30F9","8CT75","O","19960401",""
"J30G1","8CT76","O","19960401",""
"J30G2","8CT77","O","19960401",""
"J30G3","8CT78","O","19960401","X"
"J30G4","8CT79","O","19960401",""
"J30G5","8CT80","O","19960401",""
"J30G6","8CT81","O","19960401",""
"J30G7","8CT82","O","19960401","X"
"J30G8","8CT83","O","19960401",""
"J30G9","8CT84","O","19960401","X"
"J30H1","8CT85","O","19960401",""
"J30H2","8CT86","O","19960401",""
"J30H4","8CT87","O","19960401","X"
"J30H5","8CT88","O","19960401",""
"J30H6","8CT89","O","19960401","X"
"J30H7","8CT90","O","19960401",""
"J30H8","8CT91","O","19960401",""
"J30H9","8CT92","O","19960401",""
"J30J1","8CT93","O","19960401",""
"J30J2","8CT94","O","19960401",""
"J30J3","8CT95","O","19960401","X"
"J30J4","8CT96","O","19960401",""
"J30J5","8CT97","O","19960401",""
"J30J6","8CT98","O","19960401",""
"J30J7","8CT99","O","19960401","X"
"J30J8","8CV01","O","19960401",""
"J30J9","8CV02","O","19960401","X"
"J30K1","8CV03","O","19960401","X"
"J30K2","8CV04","O","19960401",""
"J30K3","8CV05","O","19960401",""
"J30K5","8CV07","O","19960401",""
"J30K6","8CV08","O","19960401",""
"J30K7","8CV09","O","19960401",""
"J30K8","8CV10","O","19960401",""
"J30K9","8CV11","O","19960401",""
"J30L2","8CV12","O","19960401","X"
"J30L3","8CV13","O","19960401","X"
"J30L4","8CV14","O","19960401",""
"J30L5","8CV15","O","19960401",""
"J30L6","8CV16","O","19960401",""
"J30L7","8CV17","O","19960401",""
"J30L8","8CP76","O","19960401",""
"J30L9","8CX96","O","19960401",""
"J31C5","J30B8","R","19940401","F"
"J31C6","J30B9","R","19940401","F"
"J31C7","J30C1","R","19940401","F"
"J32AT","J30E5","R","19940401","F"
"J32AU","J30E6","R","19940401","F"
"J32AV","J30E7","R","19940401","F"
"J32AW","J30E8","R","19940401","F"
"J33E5","J30K7","R","19940401","F"
"J33E6","J30K8","R","19940401","F"
"J4183","8CV32","O","19960401","X"
"JAA01","8AG14","O","19960401",""
"JAC01","8AG16","O","19960401",""
"JAC02","8AG17","O","19960401",""
"JAC03","8AG18","O","19960401","X"
"JAC04","8AG19","O","19960401",""
"JAC05","8AG20","O","19960401",""
"JAC06","8AG21","O","19960401",""
"JAC07","8AG22","O","19960401","X"
"JAC08","8DW51","O","19960401",""
"JAC09","8DW54","O","19960401","X"
"JAC10","8DW55","O","19960401",""
"JAD01","8AG23","O","19960401",""
"JAD02","8AG24","O","19960401","X"
"JAD03","8AG25","O","19960401",""
"JAE01","8AG27","O","19960401",""
"JAF01","8AG28","O","19960401","X"
"JAG01","8AG29","O","19960401",""
"JAG02","8AG30","O","19960401",""
"JAG03","8AG31","O","19960401",""
"JAG04","8AG32","O","19960401",""
"JAG05","8AG33","O","19960401",""
"JAG06","8AG34","O","19960401",""
"JAG07","8AG35","O","19960401",""
"JAG08","8AG36","O","19960401","X"
"JAH01","8AG39","O","19960401",""
"JAH02","8AG40","O","19960401","X"
"JAL01","8AG41","O","19960401",""
"JAM01","8AG42","O","19960401",""
"JAM02","8AG43","O","19960401","X"
"JAM03","8AG44","O","19960401","X"
"JAN01","8AG45","O","19960401","X"
"JAN02","8AG46","O","19960401",""
"JAO01","8AG47","O","19960401","X"
"JAP01","8AG48","O","19960401",""
"JAP02","8AG49","O","19960401",""
"JAP03","8AG50","O","19960401",""
"JAP04","8AG51","O","19960401",""
"JAP05","8AG52","O","19960401",""
"JAP06","8DQ09","O","19960401","X"
"JAP07","8DW53","O","19960401",""
"JAS01","8AG54","O","19960401",""
"JAS02","8AE03","O","19960401","X"
"JAT01","8AG55","O","19960401",""
"JAV01","8AG57","O","19960401",""
"JAV02","8DW56","O","19960401",""
"JAX01","8DR04","O","19960401","X"
"JBC01","8AG59","O","19960401","X"
"JBP01","8AG60","O","19960401","X"
"JBP02","8AG61","O","19960401",""
"JBP03","8CN64","O","19960401","X"
"JBR01","8AG62","O","19960401",""
"JC2D9","RN4D9","O","19940401","F"
"JCA01","8AG63","O","19960401","X"
"JCB01","8AG64","O","19960401",""
"JCC01","8AG65","O","19960401","X"
"JCC02","8AG66","O","19960401",""
"JCC04","8AG68","O","19960401","X"
"JCC05","8DX57","O","19960401","X"
"JCD01","8AG69","O","19960401",""
"JCD02","8AG70","O","19960401","X"
"JCD03","8AG71","O","19960401",""
"JCG03","8AG74","O","19960401","X"
"JCG04","8DC47","O","19960401","X"
"JCK01","8AG75","O","19960401",""
"JCM01","8AG76","O","19960401","X"
"JCP02","8AG78","O","19960401",""
"JCP03","8AG79","O","19960401",""
"JCS02","8C218","O","19960401",""
"JCS03","8C741","O","19960401","X"
"JDA01","8AG81","O","19960401",""
"JDA02","8AG82","O","19960401","X"
"JDB01","8AG83","O","19960401","X"
"JDB02","8DX41","O","19960401","X"
"JDC01","8AG84","O","19960401","X"
"JDC04","8AG87","O","19960401",""
"JDC05","8AG88","O","19960401","X"
"JDC06","8AG89","O","19960401",""
"JDC07","8AG90","O","19960401","X"
"JDC09","8DX38","O","19960401",""
"JDC10","8DX45","O","19960401",""
"JDE01","8DN07","O","19960401",""
"JDE02","8AD30","O","19960401",""
"JDE03","8DX44","O","19960401",""
"JDG02","8AG92","O","19960401","X"
"JDG03","8DM99","O","19960401",""
"JDH01","8AG93","O","19960401",""
"JDH02","8DX42","O","19960401",""
"JDL01","8AG94","O","19960401",""
"JDM01","8AG95","O","19960401",""
"JDM02","8AG96","O","19960401",""
"JDM03","8AG97","O","19960401",""
"JDM05","8CR33","O","19960401","X"
"JDM06","8DX43","O","19960401",""
"JDO01","8AH01","O","19960401","X"
"JDO02","8AH02","O","19960401",""
"JDO03","8DC88","O","19960401","X"
"JDO04","8DC97","O","19960401",""
"JDP02","8AH04","O","19960401",""
"JDP03","8AH05","O","19960401",""
"JDP04","8AH06","O","19960401",""
"JDP05","8DN28","O","19960401",""
"JDP06","8AH07","O","19960401","X"
"JDP07","8AH08","O","19960401","X"
"JDP08","8AH09","O","19960401","F"
"JDP09","8AH10","O","19960401","X"
"JDP10","8DN05","O","19960401","X"
"JDP11","8DN04","O","19960401",""
"JDP12","8DA80","O","19960401","X"
"JDP13","8DC53","O","19960401","X"
"JDP14","8AD97","O","19960401",""
"JDP15","8AD98","O","19960401",""
"JDP16","8AD99","O","19960401",""
"JDP17","8DX39","O","19960401","X"
"JDR01","8AH11","O","19960401",""
"JDR02","8CN81","O","19960401",""
"JDR03","8DX40","O","19960401",""
"JDS01","8AH12","O","19960401",""
"JDS02","8AH13","O","19960401",""
"JDU01","8AH14","O","19960401","X"
"JDV01","8AH15","O","19960401","X"
"JDV02","8A928","O","19960401","F"
"JDW01","8AH17","O","19960401",""
"JE243","RN143","O","19940401","X"
"JE244","RN144","O","19940401","F"
"JE245","RN145","O","19940401","F"
"JE246","RN146","O","19940401","F"
"JEA01","8AH18","O","19960401","X"
"JEB01","8AE06","O","19960401",""
"JEC04","8AH22","O","19960401","X"
"JEC05","8AH23","O","19960401","X"
"JEC07","8AH24","O","19960401","X"
"JEC15","8AH32","O","19960401","X"
"JEC16","8AH33","O","19960401",""
"JED01","8AH34","O","19960401",""
"JED02","8AH35","O","19960401",""
"JED03","8AH36","O","19960401","X"
"JED04","8CM55","O","19960401","X"
"JEE01","8AH37","O","19960401","X"
"JEH01","8AG31","O","19960401",""
"JEH02","8AH42","O","19960401","X"
"JEI01","8DX71","O","19960401",""
"JEK01","8AH43","O","19960401","X"
"JEM01","8DX99","O","19960401","X"
"JEO01","8AE05","O","19960401",""
"JEP02","8AH45","O","19960401",""
"JEP04","8AH47","O","19960401",""
"JEP05","8AH48","O","19960401","X"
"JEP06","8AH49","O","19960401","X"
"JEP08","8DP29","O","19960401","X"
"JER01","8AH51","O","19960401","X"
"JER02","8AH52","O","19960401",""
"JES01","8DC87","O","19960401","X"
"JEV01","8AH53","O","19960401",""
"JEV03","8AH55","O","19960401",""
"JFC03","8AH57","O","19960401",""
"JFH01","8AD96","O","19960401","X"
"JFP01","8AH60","O","19960401",""
"JFP02","8AH61","O","19960401","X"
"JFP03","8AH62","O","19960401","X"
"JFP04","8DN56","O","19960401",""
"JFP05","8DX72","O","19960401",""
"JG104","RNZ04","O","19940401",""
"JG106","RNZ06","O","19940401","F"
"JG108","RNZ08","O","19940401","F"
"JG109","RNZ09","O","19940401","X"
"JG110","RNZ10","O","19940401","F"
"JG111","RNZ11","O","19940401","X"
"JG113","RNZ13","O","19940401","X"
"JG115","RNZ18","O","19940401","X"
"JGA01","8AH64","O","19960401",""
"JGA02","8AH65","O","19960401","X"
"JGB01","8AH66","O","19960401","X"
"JGC01","8AH67","O","19960401","X"
"JGG01","8AH69","O","19960401",""
"JGM01","8AH71","O","19960401",""
"JGP01","8AH73","O","19960401",""
"JGP02","8AH74","O","19960401",""
"JGS01","8AH77","O","19960401","X"
"JH212","RN212","O","19940401","F"
"JH215","RN215","O","19940401","F"
"JH217","RN217","O","19940401","X"
"JH21B","RN264","O","19940401","X"
"JH22A","RN265","O","19940401","F"
"JH23A","RN263","O","19940401","X"
"JH23B","RN267","O","19940401","X"
"JH24A","RN266","O","19940401","X"
"JH24B","RN262","O","19940401","X"
"JHE01","8AD93","O","19960401","X"
"JHG01","8AH78","O","19960401","X"
"JHH01","8AH79","O","19960401","X"
"JHH02","8AE13","O","19960401","X"
"JHM01","8AH80","O","19960401","X"
"JHN01","8DX73","O","19960401","X"
"JHP01","8AH81","O","19960401",""
"JKE01","8AH82","O","19960401","X"
"JKP02","8AH86","O","19960401",""
"JKP03","8AH87","O","19960401",""
"JLM01","8DY20","O","19960401","X"
"JLP01","8AH88","O","19960401","X"
"JLP02","8AH89","O","19960401",""
"JXA01","8WA01","O","19960401","X"
"JXA02","8AH90","O","19960401",""
"JXA03","8AD94","O","19960401","X"
"JXB01","8AH91","O","19960401","X"
"JXC01","8AH92","O","19960401",""
"JXC02","8AH93","O","19960401",""
"JXD01","8AH94","O","19960401",""
"JXD02","8AH95","O","19960401","X"
"JXD04","8AH97","O","19960401","X"
"JXE01","8DX55","O","19960401","X"
"JXE02","8DX56","O","19960401","X"
"JXF01","8AH98","O","19960401","X"
"JXG01","8AH99","O","19960401","X"
"JXH01","8AJ02","O","19960401","X"
"JXH02","8DN01","O","19960401","X"
"JXK01","8AJ03","O","19960401","X"
"JXK04","8AJ04","O","19960401",""
"JXK05","8AJ05","O","19960401","X"
"JXL01","8WA02","O","19960401",""
"JXL04","8DW52","O","19960401",""
"JXM01","8AJ06","O","19960401","X"
"JXS01","8AJ08","O","19960401",""
"JXT01","8AJ09","O","19960401","X"
"JXU01","8AJ11","O","19960401",""
"JXW01","8WA03","O","19960401","F"
"K0001","8DN77","O","19960401","X"
"K0002","8DT94","O","19960401","X"
"K0003","8D180","O","19960401","X"
"K11A1","K13A1","R","19940401","X"
"K11BM","8CV71","O","19960401",""
"K11BN","8CV72","O","19960401",""
"K12CS","8CV90","O","19960401",""
"K12CU","8CV91","O","19960401","F"
"K12CV","8CV92","O","19960401",""
"K12CW","8CV93","O","19960401",""
"K12CX","8CV94","O","19960401",""
"K12CY","8CV95","O","19960401","X"
"K13","QA7","O","19960401","F"
"K13CZ","8CV97","O","19960401","X"
"K13DA","8AM74","O","19960401",""
"K13DB","8D965","O","19960401","X"
"K13DC","8D966","O","19960401",""
"K13DD","8D967","O","19960401",""
"K13DE","8D979","O","19960401",""
"K13DF","8D978","O","19960401","X"
"K13DG","8DM40","O","19960401",""
"K13DH","K41SC","R","19950401","F"
"K13DJ","K41SD","R","19950401","F"
"K13DK","K41SE","R","19950401","F"
"K13DL","K41SF","R","19950401","F"
"K21EP","8CW13","O","19960401",""
"K22GK","8CW24","O","19960401",""
"K23JI","8CW36","O","19960401",""
"K23JJ","8CW37","O","19960401",""
"K24","QA8","O","19960401","F"
"K24EO","8CW38","O","19960401",""
"K24JK","8CW39","O","19960401","X"
"K24JL","8CW40","O","19960401",""
"K24JM","8CW41","O","19960401",""
"K24JN","8CW42","O","19960401",""
"K24JP","8CW43","O","19960401",""
"K24JR","8CW44","O","19960401","X"
"K24JS","8CW45","O","19960401",""
"K24KA","8DP15","O","19960401","X"
"K24KB","8D964","O","19960401",""
"K31KS","8CW61","O","19960401","X"
"K31KT","8CW62","O","19960401",""
"K32NN","8CX03","O","19960401",""
"K32NO","8CX04","O","19960401",""
"K32NQ","8CX06","O","19960401",""
"K33","QCC","O","19960401","F"
"K33NR","8CX07","O","19960401",""
"K33NS","8E581","O","19960401",""
"K33NT","8E582","O","19960401",""
"K33NU","8AR34","O","19960401",""
"K33NV","8AV59","O","19960401",""
"K33NW","8AY25","O","19960401",""
"K41RP","8CX47","O","19960401","X"
"K41RQ","8CX48","O","19960401","X"
"K41RR","8CX49","O","19960401",""
"K41SB","8CX51","O","19960401",""
"K41SC","8CV78","O","19960401",""
"K41SD","8CV79","O","19960401","X"
"K41SE","8CV81","O","19960401",""
"K41SF","8CV87","O","19960401","X"
"KAA01","8AJ12","O","19960401",""
"KAC01","8AJ13","O","19960401","X"
"KAD01","8AJ14","O","19960401","X"
"KAE01","8AJ15","O","19960401",""
"KAF01","8AJ16","O","19960401","X"
"KAG01","8AJ17","O","19960401","X"
"KAH01","8AJ18","O","19960401",""
"KAJ01","8AJ19","O","19960401","X"
"KAK01","8CW44","O","19960401","X"
"KAL01","8AJ21","O","19960401",""
"KAM01","8AJ22","O","19960401","X"
"KAP01","8AJ23","O","19960401","X"
"KAR01","8AJ25","O","19960401","X"
"KAS01","8AJ26","O","19960401","X"
"KBA01","8AJ27","O","19960401","X"
"KBB01","8CW44","O","19960401","X"
"KBC01","8AJ29","O","19960401","X"
"KBD01","8AJ30","O","19960401","X"
"KBE01","8AJ31","O","19960401","X"
"KBF01","8AJ32","O","19960401",""
"KBG01","8AJ33","O","19960401","X"
"KBH01","8AJ34","O","19960401","X"
"KBJ01","8AJ35","O","19960401",""
"KBK01","8AJ36","O","19960401","X"
"KBL01","8AJ37","O","19960401",""
"KBM01","8AJ38","O","19960401","X"
"KBN01","8AJ39","O","19960401","X"
"KBP01","8AJ40","O","19960401","X"
"KBQ01","8AJ41","O","19960401","X"
"KBR01","8AJ42","O","19960401","X"
"KBS01","8AJ43","O","19960401","X"
"KBT01","8AJ44","O","19960401","X"
"KBV01","8AJ45","O","19960401","X"
"KBW01","8AJ46","O","19960401",""
"KBY01","8AJ47","O","19960401",""
"KBZ01","8AJ48","O","19960401","X"
"KC007","8DY75","O","19960401","X"
"KEA01","8AJ49","O","19960401","X"
"KEM01","8AJ50","O","19960401","X"
"KH159","RH259","O","19930401","X"
"KH160","RH260","O","19930401","X"
"KH161","RH261","O","19930401","X"
"KH162","RH262","O","19930401","X"
"KH163","RH263","O","19930401","X"
"KH164","RH264","O","19930401","X"
"KH166","RH266","O","19930401","X"
"KH169","RH269","O","19930401","X"
"KH172","RH272","O","19930401","X"
"KH173","RH273","O","19930401","X"
"KH174","RH274","O","19930401","X"
"KH175","RH275","O","19930401","X"
"KH176","RH276","O","19930401","X"
"KH178","RH278","O","19930401","X"
"KH183","RH283","O","19930401","X"
"KH195","RH295","O","19930401","X"
"KH196","RH296","O","19930401","X"
"KH197","RH297","O","19930401","X"
"KH198","RH298","O","19930401","X"
"KH199","RH299","O","19930401","X"
"KN102","RNS02","O","19940401",""
"KN104","RNS04","O","19940401",""
"KN115","RNS15","O","19940401",""
"KN130","RNS30","O","19940401",""
"KN132","RNS32","O","19940401",""
"KN193","RNS93","O","19940401",""
"KN194","RNS94","O","19940401",""
"KN195","RNS95","O","19940401",""
"KN197","RNS97","O","19940401",""
"KN294","KN394","R","19930401","F"
"KN295","KN395","R","19930401","F"
"KN2A4","KN3A4","R","19930401","X"
"KN312","RNW31","O","19940401","X"
"KN313","RNW32","O","19940401","F"
"KN314","RNW33","O","19940401","X"
"KN316","RNW35","O","19940401","F"
"KN317","RNW36","O","19940401","F"
"KN328","RNW37","O","19940401","F"
"KN329","RNW38","O","19940401","F"
"KN333","RNW00","O","19940401","X"
"KN333","RNW30","O","19940401","X"
"KN334","RNW47","O","19940401","X"
"KN335","RNW48","O","19940401","F"
"KN336","RNW50","O","19940401","X"
"KN337","RNW49","O","19940401","X"
"KN392","RNW39","O","19940401","F"
"KN394","RNW43","O","19940401","F"
"KN395","RNW44","O","19940401","F"
"KN396","RNW40","O","19940401","F"
"KN399","RNW41","O","19940401","F"
"KNA01","8AJ51","O","19960401","X"
"KNB01","8AJ52","O","19960401","X"
"KND01","8AJ54","O","19960401","X"
"KNE01","8AJ55","O","19960401","X"
"KNF01","8AJ56","O","19960401","X"
"KNG01","8AJ57","O","19960401",""
"KNH01","8AJ58","O","19960401","X"
"KNJ01","8AJ59","O","19960401","X"
"KNK01","8AJ60","O","19960401","X"
"KNL01","8AJ61","O","19960401","X"
"KP009","8DY76","O","19960401",""
"KP010","8DY39","O","19960401","X"
"KV001","8E267","O","19960401","X"
"KV002","8EP32","O","19960401","X"
"KV003","8EP34","O","19960401",""
"KV005","8EP35","O","19960401","X"
"KV006","8D326","O","19960401","X"
"KV007","8EF60","O","19960401","X"
"KV008","8D325","O","19960401",""
"KV009","8E266","O","19960401","X"
"KV011","8D458","O","19960401","X"
"KV012","8DY44","O","19960401","X"
"KV013","8DY45","O","19960401","X"
"KV014","8DY46","O","19960401","X"
"KV015","8DY47","O","19960401","X"
"KV016","8DY50","O","19960401","X"
"KW311","RH411","O","19930401","F"
"KW316","RH416","O","19930401","F"
"KW321","RH421","O","19930401","F"
"KW351","RH451","O","19930401","F"
"KW395","RH495","O","19930401","F"
"KW396","RH496","O","19930401","F"
"KW398","RH498","O","19930401","F"
"KW399","RH499","O","19930401","X"
"KWA01","8AJ62","O","19960401","X"
"KWB01","8AJ63","O","19960401","X"
"KWC01","8AJ64","O","19960401","X"
"KWD01","8AJ65","O","19960401","X"
"KWE01","8AJ66","O","19960401","X"
"KWF01","8AJ67","O","19960401","X"
"KWG01","8AJ68","O","19960401","X"
"KWH01","8AJ69","O","19960401","X"
"KWJ01","8AJ70","O","19960401","X"
"KWK01","8AJ71","O","19960401","X"
"KWL01","8AJ72","O","19960401","X"
"KWM01","8EP36","O","19960401",""
"KWN01","8AJ73","O","19960401",""
"KWP01","8AJ74","O","19960401",""
"KWQ01","8AJ75","O","19960401","X"
"KWV01","8AJ76","O","19960401","X"
"KWW01","8AJ77","O","19960401","X"
"KX262","KN115","R","19930401","F"
"KX862","RNV62","O","19940401","F"
"KXA01","8AJ78","O","19960401","X"
"KXB01","8AJ79","O","19960401","X"
"KXC01","8AJ80","O","19960401",""
"KXD01","8AJ81","O","19960401",""
"KXE01","8AJ82","O","19960401","X"
"KXF01","8AJ83","O","19960401",""
"KXG01","8AJ84","O","19960401",""
"KXH01","8AJ85","O","19960401","X"
"KXJ01","8AJ86","O","19960401","X"
"KXK01","8AJ87","O","19960401","X"
"KXL01","8AJ88","O","19960401",""
"KXM01","8AJ89","O","19960401",""
"KXN01","8AJ90","O","19960401","X"
"KXP01","8AJ91","O","19960401",""
"KXQ01","8AJ92","O","19960401","X"
"KXR01","8AJ93","O","19960401",""
"KXS01","8AJ94","O","19960401",""
"KXT01","8AJ95","O","19960401","X"
"KXV01","8AJ96","O","19960401","X"
"KXY01","8AJ97","O","19960401","X"
"KXZ01","8AJ98","O","19960401",""
"KYA01","8AJ99","O","19960401","X"
"KYB01","8AK01","O","19960401","X"
"KZ008","8DY42","O","19960401",""
"KZ009","8DY41","O","19960401","X"
"KZ010","8DY40","O","19960401","X"
"KZ011","8AD55","O","19960401",""
"KZ012","8DV72","O","19960401","X"
"KZ013","8DY51","O","19960401","X"
"KZ014","8DY53","O","19960401",""
"KZ015","8DY54","O","19960401",""
"KZ016","8DY69","O","19960401","X"
"KZ017","8DY52","O","19960401",""
"L0001","8DR35","O","19960401","X"
"L0289","8GK24","O","20031021",""
"L10","QD8","O","19960401","F"
"L10AA","8CX52","O","19960401",""
"L10AB","8CX53","O","19960401",""
"L10AC","8CX54","O","19960401","X"
"L10AD","8CX55","O","19960401",""
"L10AE","8CX56","O","19960401","X"
"L10AF","8CX57","O","19960401",""
"L10AG","8CX58","O","19960401","X"
"L10AH","8CX59","O","19960401",""
"L10AI","8CX60","O","19960401",""
"L10AJ","8CX61","O","19960401","X"
"L10AK","8CX62","O","19960401","X"
"L10AL","8CX63","O","19960401","X"
"L10AM","8CX64","O","19960401",""
"L10AN","8CX65","O","19960401","X"
"L10AO","8CX66","O","19960401",""
"L10AP","8CX67","O","19960401",""
"L10AQ","8CX68","O","19960401","X"
"L10AR","8CX69","O","19960401",""
"L10AS","8CX70","O","19960401","X"
"L10AT","8CX71","O","19960401",""
"L10AU","8CX72","O","19960401",""
"L10AV","8CX73","O","19960401",""
"L10AW","8CX74","O","19960401",""
"L10AX","8CX75","O","19960401","X"
"L10AY","8CX76","O","19960401","F"
"L10AZ","8CX77","O","19960401",""
"L10BA","8CX78","O","19960401",""
"L10BB","8CX79","O","19960401","F"
"L10BC","8CX80","O","19960401",""
"L10BD","8CX81","O","19960401","X"
"L10BE","8CX82","O","19960401","X"
"L10BF","8CX83","O","19960401","X"
"L10BG","8CX84","O","19960401",""
"L10BH","8CX85","O","19960401","X"
"L10BI","8CX86","O","19960401",""
"L10BJ","8CX87","O","19960401",""
"L10BK","8CX88","O","19960401",""
"L10BL","8CX89","O","19960401","X"
"L10BM","8CX90","O","19960401","X"
"L10BN","8CX91","O","19960401","X"
"L10BO","8CX92","O","19960401",""
"L10BP","8CX93","O","19960401","X"
"L10BQ","8CX94","O","19960401","X"
"L10BR","8CX95","O","19960401",""
"L10BT","8CX97","O","19960401",""
"L10BU","8CX98","O","19960401","X"
"L10BV","8CX99","O","19960401",""
"L10BW","8CY01","O","19960401","X"
"L10BX","8CY02","O","19960401","X"
"L10BY","8CY03","O","19960401",""
"L10BZ","8CY04","O","19960401",""
"L10CA","8CY05","O","19960401","X"
"L10CB","8CY06","O","19960401",""
"L10CC","8CY07","O","19960401",""
"L10CD","8CY08","O","19960401","X"
"L10CE","8CY09","O","19960401",""
"L10CF","8CY10","O","19960401",""
"L10CG","8CY11","O","19960401",""
"L10CH","8CY12","O","19960401",""
"L10CI","8CY13","O","19960401",""
"L10CJ","8CY14","O","19960401",""
"L10CK","8CY15","O","19960401","X"
"L10CL","8CY16","O","19960401",""
"L10CM","8CY17","O","19960401",""
"L10CN","8CY18","O","19960401",""
"L10CP","8CY19","O","19960401",""
"L10CQ","8CY20","O","19960401",""
"L10CR","8CY21","O","19960401","X"
"L10CS","8CY22","O","19960401","X"
"L10CT","8CY23","O","19960401","X"
"L10CU","8CY24","O","19960401",""
"L10CV","8CY25","O","19960401","X"
"L10CW","8CY26","O","19960401",""
"L10CX","8CY27","O","19960401","X"
"L10CY","8CY28","O","19960401",""
"L10CZ","8CY29","O","19960401",""
"L10DA","8CY30","O","19960401","X"
"L10DB","8CY31","O","19960401",""
"L10DC","8CY32","O","19960401","X"
"L10DD","8CY33","O","19960401","X"
"L10DE","8CY34","O","19960401","X"
"L10DG","8CY35","O","19960401",""
"L10DH","8CY36","O","19960401",""
"L10DI","8CY37","O","19960401",""
"L10DJ","8CY38","O","19960401",""
"L10DK","8CY39","O","19960401",""
"L10DL","8CY40","O","19960401",""
"L10DM","8CY41","O","19960401",""
"L10DN","8CY42","O","19960401",""
"L10DO","8CY43","O","19960401",""
"L10DP","8CY44","O","19960401",""
"L10DQ","8CY45","O","19960401",""
"L10DR","8CY46","O","19960401",""
"L10DS","8CY47","O","19960401",""
"L10DU","8CY49","O","19960401",""
"L10DV","8CY50","O","19960401",""
"L10DW","8CY51","O","19960401","F"
"L10DX","8CY52","O","19960401",""
"L10DY","8CY53","O","19960401",""
"L10DZ","8CY54","O","19960401",""
"L10EA","8CY55","O","19960401",""
"L10EB","8CY56","O","19960401",""
"L10ED","8CY58","O","19960401","X"
"L10EE","8CY59","O","19960401","X"
"L10EF","8CY60","O","19960401",""
"L10EG","8CY61","O","19960401","X"
"L10EH","8CY62","O","19960401",""
"L10EI","8CY63","O","19960401",""
"L10EJ","8CY64","O","19960401",""
"L10EK","8CY65","O","19960401",""
"L10EL","8CY66","O","19960401","X"
"L10EM","8CY67","O","19960401",""
"L10EN","8CY68","O","19960401",""
"L10EO","8CY69","O","19960401",""
"L10EP","8CY70","O","19960401",""
"L10EQ","8CY71","O","19960401","X"
"L10ER","8CY72","O","19960401",""
"L10ES","8CY73","O","19960401","X"
"L10EU","8CY74","O","19960401","X"
"L10EV","8CY75","O","19960401",""
"L10EW","8CY76","O","19960401","X"
"L10EX","8CY77","O","19960401",""
"L10EY","8CY78","O","19960401","X"
"L10EZ","8CY79","O","19960401",""
"L10FA","8CY80","O","19960401","X"
"L10FB","8CY81","O","19960401","X"
"L10FC","8CY82","O","19960401",""
"L10FD","8CY83","O","19960401","X"
"L10FE","8CY84","O","19960401","X"
"L10FF","8CY43","O","19960401",""
"L10FG","8CY86","O","19960401",""
"L10FH","8CY87","O","19960401",""
"L10FI","8CY88","O","19960401",""
"L10FJ","8CY89","O","19960401","X"
"L10FK","8CY90","O","19960401",""
"L10FL","8CY91","O","19960401",""
"L10FM","8CY92","O","19960401","X"
"L10FN","8CY93","O","19960401","X"
"L10FO","8CY94","O","19960401",""
"L10FP","8CY95","O","19960401",""
"L10FQ","8CY96","O","19960401",""
"L10FR","8CY97","O","19960401","X"
"L10FS","8CY98","O","19960401",""
"L10FU","8C001","O","19960401","X"
"L10FV","8C002","O","19960401","F"
"L10FW","8C003","O","19960401",""
"L10FX","8C004","O","19960401","X"
"L10FY","8C005","O","19960401","X"
"L10FZ","8C006","O","19960401",""
"L10GA","8C007","O","19960401",""
"L10GB","8C008","O","19960401","F"
"L10GC","8C009","O","19960401",""
"L10GD","8C010","O","19960401","F"
"L10GE","8CW84","O","19960401",""
"L10GF","8DL68","O","19960401",""
"L10GG","8DM27","O","19960401",""
"L10GH","8DM29","O","19960401",""
"L10GJ","8DM52","O","19960401","X"
"L10GK","8E399","O","19960401",""
"L10GL","8EA01","O","19960401","X"
"L10LM","8EA16","O","19960401",""
"L21DG","8C090","O","19960401",""
"L21DP","8C094","O","19960401",""
"L21DQ","8C095","O","19960401",""
"L31RG","L35DG","R","19930401","F"
"L31RH","L35AH","R","19930401","F"
"L31RI","L35AY","R","19930401","F"
"L31RK","L35CQ","R","19930401","X"
"L31RL","L35CS","R","19930401","F"
"L3240","L35AG","R","19930401","F"
"L3241","L35AT","R","19930401","F"
"L33CO","L36DM","R","19930401","F"
"L33CP","L36CJ","R","19930401","F"
"L33CQ","L36CX","R","19930401","F"
"L34E9","L36EF","R","19930401","F"
"L34F1","L36BA","R","19930401","F"
"L35","QDX","O","19960401","F"
"L35AA","8C096","O","19960401",""
"L35AB","8C097","O","19960401","X"
"L35AD","8C099","O","19960401",""
"L35AE","8C101","O","19960401",""
"L35AF","8C102","O","19960401",""
"L35AG","8C103","O","19960401","X"
"L35AH","8C104","O","19960401",""
"L35AJ","8C106","O","19960401",""
"L35AK","8C107","O","19960401",""
"L35AL","8C108","O","19960401","X"
"L35AM","8C109","O","19960401",""
"L35AN","8C110","O","19960401",""
"L35AO","8C111","O","19960401","X"
"L35AP","8C112","O","19960401",""
"L35AQ","8C113","O","19960401",""
"L35AR","8C114","O","19960401","X"
"L35AS","8C115","O","19960401",""
"L35AT","8C116","O","19960401",""
"L35AU","8C117","O","19960401",""
"L35AV","8C118","O","19960401","X"
"L35AW","8C119","O","19960401",""
"L35AX","8C120","O","19960401",""
"L35AY","8C121","O","19960401",""
"L35AZ","8C122","O","19960401","F"
"L35BA","8C123","O","19960401",""
"L35BB","8C124","O","19960401",""
"L35BC","8C125","O","19960401",""
"L35BD","8C126","O","19960401",""
"L35BE","8C127","O","19960401","X"
"L35BF","8C128","O","19960401",""
"L35BG","8C129","O","19960401",""
"L35BI","8C131","O","19960401",""
"L35BJ","8C132","O","19960401",""
"L35BK","8C133","O","19960401",""
"L35BM","8C135","O","19960401",""
"L35BN","8C136","O","19960401",""
"L35BO","8C137","O","19960401",""
"L35BP","8C138","O","19960401","X"
"L35BQ","8C139","O","19960401","X"
"L35BR","8C140","O","19960401","X"
"L35BS","8C141","O","19960401",""
"L35BT","8C142","O","19960401",""
"L35BU","8C143","O","19960401",""
"L35BV","8C144","O","19960401",""
"L35BW","8C145","O","19960401",""
"L35BX","8C146","O","19960401",""
"L35BY","8C147","O","19960401",""
"L35BZ","8C148","O","19960401",""
"L35CA","8C149","O","19960401",""
"L35CB","8C150","O","19960401","X"
"L35CC","8C151","O","19960401","X"
"L35CD","8C152","O","19960401","X"
"L35CE","8C153","O","19960401","X"
"L35CF","8C154","O","19960401","X"
"L35CG","8C155","O","19960401","X"
"L35CH","8C156","O","19960401",""
"L35CI","8C157","O","19960401",""
"L35CJ","8C158","O","19960401","X"
"L35CK","8C159","O","19960401","X"
"L35CL","8C160","O","19960401",""
"L35CM","8C161","O","19960401",""
"L35CN","8C162","O","19960401",""
"L35CO","8C163","O","19960401","X"
"L35CP","8C164","O","19960401",""
"L35CR","8C165","O","19960401",""
"L35CS","8C166","O","19960401","X"
"L35CT","8C167","O","19960401",""
"L35CU","8C168","O","19960401",""
"L35CV","8C169","O","19960401","X"
"L35CW","8C170","O","19960401","X"
"L35CX","8C171","O","19960401","X"
"L35CY","8C172","O","19960401","X"
"L35CZ","8C173","O","19960401",""
"L35DA","8C174","O","19960401",""
"L35DB","8C175","O","19960401","X"
"L35DC","8C176","O","19960401","X"
"L35DD","8C177","O","19960401",""
"L35DE","8C178","O","19960401",""
"L35DF","8C179","O","19960401","X"
"L35DG","8C180","O","19960401","X"
"L35DH","8C181","O","19960401",""
"L35DI","8C182","O","19960401",""
"L35DJ","8C183","O","19960401","X"
"L35DL","8C184","O","19960401",""
"L35DN","8C185","O","19960401",""
"L35DP","8C186","O","19960401","X"
"L35DQ","8C187","O","19960401","X"
"L35DR","8E653","O","19960401",""
"L35DS","8E727","O","19960401",""
"L35DT","8EA02","O","19960401",""
"L35DU","8EA03","O","19960401",""
"L36","QD6","O","19960401","F"
"L36AA","8C188","O","19960401",""
"L36AB","8C189","O","19960401","X"
"L36AC","8C190","O","19960401","X"
"L36AD","8C191","O","19960401",""
"L36AG","8C192","O","19960401",""
"L36AH","8C193","O","19960401","X"
"L36AI","8C194","O","19960401",""
"L36AJ","8C195","O","19960401",""
"L36AK","8C196","O","19960401","X"
"L36AL","8C197","O","19960401","X"
"L36AM","8C198","O","19960401","X"
"L36AN","8C199","O","19960401",""
"L36AO","8C201","O","19960401",""
"L36AP","8C202","O","19960401",""
"L36AQ","8C203","O","19960401","X"
"L36AR","8C204","O","19960401",""
"L36AS","8C205","O","19960401",""
"L36AT","8C206","O","19960401","X"
"L36AU","8C207","O","19960401",""
"L36AV","8C208","O","19960401",""
"L36AW","8C209","O","19960401",""
"L36AX","8C210","O","19960401",""
"L36AY","8C211","O","19960401",""
"L36AZ","8C212","O","19960401","X"
"L36BA","8C213","O","19960401",""
"L36BB","8C214","O","19960401","X"
"L36BC","8C215","O","19960401",""
"L36BD","8C216","O","19960401","X"
"L36BE","8C217","O","19960401",""
"L36BF","8DN16","O","19960401",""
"L36BG","8C219","O","19960401",""
"L36BH","8C220","O","19960401",""
"L36BI","8C221","O","19960401","X"
"L36BJ","8C222","O","19960401",""
"L36BK","8C223","O","19960401",""
"L36BL","8C224","O","19960401",""
"L36BM","8C225","O","19960401",""
"L36BN","8C226","O","19960401",""
"L36BO","8C227","O","19960401",""
"L36BP","8C228","O","19960401",""
"L36BQ","8C229","O","19960401",""
"L36BR","8C230","O","19960401",""
"L36BS","8C231","O","19960401",""
"L36BT","8C232","O","19960401",""
"L36BV","8C233","O","19960401",""
"L36BW","8C234","O","19960401",""
"L36BX","8C235","O","19960401",""
"L36BY","8C236","O","19960401","X"
"L36BZ","8C237","O","19960401",""
"L36CA","8C238","O","19960401",""
"L36CB","8C239","O","19960401",""
"L36CC","8C240","O","19960401",""
"L36CD","8C241","O","19960401",""
"L36CE","8C242","O","19960401","X"
"L36CF","8C243","O","19960401",""
"L36CH","8C244","O","19960401",""
"L36CI","8C245","O","19960401",""
"L36CJ","8C246","O","19960401","X"
"L36CK","8C247","O","19960401",""
"L36CL","8C248","O","19960401",""
"L36CM","8C249","O","19960401","F"
"L36CN","8C250","O","19960401","X"
"L36CO","8C251","O","19960401",""
"L36CP","8C252","O","19960401","F"
"L36CQ","8C253","O","19960401",""
"L36CR","8C254","O","19960401",""
"L36CS","8C255","O","19960401","X"
"L36CT","8C256","O","19960401",""
"L36CU","8C257","O","19960401",""
"L36CW","8C258","O","19960401",""
"L36CX","8C259","O","19960401",""
"L36CY","8C260","O","19960401",""
"L36CZ","8C261","O","19960401","X"
"L36DA","8C262","O","19960401",""
"L36DB","8C263","O","19960401","X"
"L36DC","8C264","O","19960401",""
"L36DD","8C265","O","19960401","X"
"L36DE","8C266","O","19960401",""
"L36DF","8C267","O","19960401",""
"L36DG","8C268","O","19960401",""
"L36DH","8C269","O","19960401",""
"L36DI","8C270","O","19960401",""
"L36DJ","8C271","O","19960401","X"
"L36DK","8C272","O","19960401","X"
"L36DL","8C273","O","19960401",""
"L36DM","8C274","O","19960401","X"
"L36DN","8C275","O","19960401","X"
"L36DO","8C276","O","19960401",""
"L36DP","8C277","O","19960401",""
"L36DQ","8C278","O","19960401",""
"L36DS","8C279","O","19960401",""
"L36DT","8C280","O","19960401",""
"L36DU","8C281","O","19960401",""
"L36DV","8C282","O","19960401",""
"L36DW","8C283","O","19960401",""
"L36DX","8C284","O","19960401",""
"L36DY","8C285","O","19960401",""
"L36DZ","8C286","O","19960401","X"
"L36EA","8C287","O","19960401",""
"L36EB","8C288","O","19960401",""
"L36EC","8C289","O","19960401",""
"L36ED","8C290","O","19960401","X"
"L36EF","8C291","O","19960401","X"
"L36EG","8C292","O","19960401","X"
"L36EH","8C293","O","19960401",""
"L36EI","8C294","O","19960401",""
"L36EJ","8C295","O","19960401",""
"L36EK","8C296","O","19960401",""
"L36EL","8C297","O","19960401",""
"L36EM","8C298","O","19960401",""
"L36EN","8C299","O","19960401",""
"L36EO","8C301","O","19960401",""
"L36EP","8C302","O","19960401",""
"L36EQ","8C303","O","19960401",""
"L36ES","8C304","O","19960401",""
"L36ET","8CK41","O","19960401",""
"L36EU","8CK54","O","19960401",""
"L36EV","8EA04","O","19960401",""
"L40","QDY","O","19960401","F"
"L40AA","8C305","O","19960401",""
"L40AB","8C306","O","19960401",""
"L40AC","8C307","O","19960401",""
"L40AD","8C308","O","19960401",""
"L40AE","8C309","O","19960401",""
"L40AF","8C310","O","19960401",""
"L40AG","8C311","O","19960401",""
"L40AH","8C312","O","19960401",""
"L40AI","8C313","O","19960401",""
"L40AJ","8C314","O","19960401",""
"L40AK","8C315","O","19960401",""
"L40AL","8C316","O","19960401",""
"L40AM","8C317","O","19960401",""
"L40AN","8C318","O","19960401",""
"L40AP","8C320","O","19960401",""
"L40AQ","8C321","O","19960401",""
"L40AR","8C322","O","19960401",""
"L40AS","8C323","O","19960401",""
"L40AT","8C324","O","19960401",""
"L40AU","8C325","O","19960401",""
"L40AV","8C326","O","19960401",""
"L40AW","8C327","O","19960401",""
"L40AX","8C328","O","19960401",""
"L40AY","8C329","O","19960401","X"
"L40AZ","8C330","O","19960401",""
"L40BA","8C331","O","19960401",""
"L40BB","8C332","O","19960401",""
"L40BC","8C333","O","19960401",""
"L40BD","8C334","O","19960401",""
"L40BE","8C335","O","19960401",""
"L40BF","8C336","O","19960401",""
"L40BG","8C337","O","19960401",""
"L40BH","8C338","O","19960401",""
"L40BI","8C339","O","19960401",""
"L40BJ","8C340","O","19960401","X"
"L40BK","8C341","O","19960401",""
"L40BL","8C342","O","19960401",""
"L40BM","8C343","O","19960401",""
"L40BN","8C344","O","19960401",""
"L40BO","8C345","O","19960401",""
"L40BP","8C346","O","19960401",""
"L40BQ","8C347","O","19960401","X"
"L40BR","8C348","O","19960401",""
"L40BS","8C349","O","19960401",""
"L40BT","8C350","O","19960401",""
"L40BU","8C351","O","19960401",""
"L40BV","8C352","O","19960401","X"
"L40BW","8C353","O","19960401",""
"L40BX","8C354","O","19960401","X"
"L40BY","8C355","O","19960401",""
"L40BZ","8C356","O","19960401",""
"L40CA","8C357","O","19960401",""
"L40CB","8C358","O","19960401",""
"L40CC","8C359","O","19960401",""
"L40CD","8C360","O","19960401",""
"L40CE","8C361","O","19960401","X"
"L40CF","8C362","O","19960401",""
"L40CG","8C363","O","19960401",""
"L40CH","8C364","O","19960401","X"
"L40CI","8C365","O","19960401",""
"L40CJ","8C366","O","19960401","X"
"L40CL","8C367","O","19960401",""
"L40CM","8C368","O","19960401",""
"L40CN","8C369","O","19960401",""
"L40CO","8C370","O","19960401",""
"L40CP","8C371","O","19960401",""
"L40CQ","8C372","O","19960401",""
"L40CR","8C373","O","19960401",""
"L40CS","8C374","O","19960401",""
"L40CT","8C375","O","19960401",""
"L40CU","8C376","O","19960401",""
"L40CV","8C377","O","19960401",""
"L40CW","8C378","O","19960401","X"
"L40CX","8C379","O","19960401","X"
"L40CY","8C380","O","19960401",""
"L40CZ","8C381","O","19960401",""
"L40DA","8C382","O","19960401",""
"L40DB","8C383","O","19960401",""
"L40DC","8C384","O","19960401",""
"L40DD","8C385","O","19960401",""
"L40DE","8C386","O","19960401",""
"L40DF","8C387","O","19960401",""
"L40DG","8C388","O","19960401","X"
"L40DH","8C389","O","19960401",""
"L40DI","8C390","O","19960401",""
"L40DJ","8C391","O","19960401",""
"L40DK","8C392","O","19960401","X"
"L40DM","8C394","O","19960401",""
"L40DN","8C395","O","19960401",""
"L40DO","8C396","O","19960401",""
"L40DP","8C397","O","19960401",""
"L40DQ","8C398","O","19960401","X"
"L40DR","8C399","O","19960401","X"
"L40DS","8C401","O","19960401",""
"L40DT","8C402","O","19960401",""
"L40DU","8C403","O","19960401",""
"L40DV","8C404","O","19960401",""
"L40DW","8C405","O","19960401",""
"L40DX","8C406","O","19960401",""
"L40DY","8C407","O","19960401",""
"L40DZ","8C408","O","19960401","X"
"L40EA","8C409","O","19960401",""
"L40EB","8C410","O","19960401",""
"L40EC","8C411","O","19960401",""
"L40ED","8C412","O","19960401",""
"L40EF","8C413","O","19960401",""
"L40EG","8C414","O","19960401",""
"L40EH","8C415","O","19960401",""
"L40EI","8C416","O","19960401","X"
"L40EJ","8C417","O","19960401",""
"L40EK","8C418","O","19960401","X"
"L40EL","8C419","O","19960401",""
"L40EM","8C420","O","19960401",""
"L40EN","8C421","O","19960401",""
"L40EO","8C422","O","19960401",""
"L40EP","8C423","O","19960401",""
"L40EQ","8C424","O","19960401",""
"L40ER","8C425","O","19960401",""
"L40ES","8C426","O","19960401",""
"L40ET","8C427","O","19960401","X"
"L40EU","8C428","O","19960401","X"
"L40EV","8C429","O","19960401","X"
"L40EW","8C430","O","19960401",""
"L40EX","8C431","O","19960401","X"
"L40EY","8C432","O","19960401",""
"L40EZ","8C433","O","19960401",""
"L40FA","8C434","O","19960401",""
"L40FB","8C435","O","19960401","X"
"L40FC","8C436","O","19960401","X"
"L40FD","8C437","O","19960401","F"
"L40FE","8C438","O","19960401",""
"L40FF","8C439","O","19960401",""
"L40FG","8C440","O","19960401",""
"L40FH","8C441","O","19960401",""
"L40FI","8C442","O","19960401",""
"L40FJ","8C443","O","19960401",""
"L40FK","8C444","O","19960401",""
"L40FL","8C445","O","19960401","X"
"L40FM","8C446","O","19960401",""
"L40FN","8C447","O","19960401",""
"L40FO","8C448","O","19960401",""
"L40FP","8CE17","O","19960401",""
"L40FQ","8EA05","O","19960401",""
"L40FR","8EA06","O","19960401",""
"L40FT","8EA07","O","19960401",""
"L5165","8EA08","O","19960401",""
"L5166","8EA09","O","19960401",""
"L5167","8EA10","O","19960401",""
"L51XC","8C451","O","19960401","X"
"L51XD","8C452","O","19960401",""
"L51XE","8C453","O","19960401",""
"L51XF","8C454","O","19960401",""
"L51XG","8C455","O","19960401",""
"L51XH","8C456","O","19960401",""
"L51XI","8C457","O","19960401",""
"L51XJ","8C458","O","19960401",""
"L51XK","8C459","O","19960401","X"
"L51XL","8C460","O","19960401",""
"L51XM","8C461","O","19960401",""
"L51XN","8C462","O","19960401","X"
"L51XO","8C463","O","19960401",""
"L51XP","8C464","O","19960401",""
"L51XQ","8C465","O","19960401",""
"L82AB","8EP68","O","19960401",""
"LWF22","LWF28","R","20031001","X"
"LWF22","LWF29","R","20031001","X"
"M02C1","8C533","O","19960401",""
"M02C2","8C534","O","19960401",""
"M02C3","8C535","O","19960401",""
"M02C4","8C536","O","19960401",""
"M02C5","8C578","O","19960401",""
"M02C6","8C666","O","19960401",""
"M02V1","8A162","O","19960401",""
"M04E3","8C575","O","19960401",""
"M04E4","8C576","O","19960401",""
"M04E5","8C577","O","19960401",""
"M04E6","8C669","O","19960401",""
"M04E7","8C719","O","19960401",""
"M04V1","8AH39","O","19960401",""
"M04V2","8A223","O","19960401",""
"M05E3","8C618","O","19960401",""
"M05E4","8C619","O","19960401",""
"M05E5","8C620","O","19960401",""
"M05E6","8C621","O","19960401",""
"M05E7","8C622","O","19960401","X"
"M05E8","8C623","O","19960401","X"
"M05E9","8C624","O","19960401",""
"M05F3","8C627","O","19960401",""
"M05F4","8C628","O","19960401",""
"M05F5","8C629","O","19960401",""
"M05F6","8C630","O","19960401",""
"M05F7","8C631","O","19960401",""
"M05F8","8ED63","O","19960401",""
"M05F9","8ED64","O","19960401","X"
"M05G1","8ED65","O","19960401",""
"M05G2","8ED66","O","19960401",""
"M05V1","8AE09","O","19960401",""
"M06E6","M27E6","R","19940401","F"
"M06E7","M27E7","R","19940401","F"
"M06E8","M27E8","R","19940401","F"
"M06E9","M27E9","R","19940401","F"
"M06F1","M27J8","R","19940401","F"
"M07D2","8C660","O","19960401",""
"M07D3","8C661","O","19960401","X"
"M07D5","8C663","O","19960401",""
"M07D6","8C664","O","19960401",""
"M07D7","8C665","O","19960401","X"
"M07D8","8C742","O","19960401",""
"M07D9","8C768","O","19960401",""
"M07E1","8C769","O","19960401",""
"M07E2","8C994","O","19960401",""
"M07V1","8AK02","O","19960401",""
"M08D6","M27J6","R","19940401","F"
"M08D7","M27K1","R","19940401","F"
"M08E1","M27K4","R","19940401","F"
"M11G1","M28G1","R","19930401","X"
"M11G2","M28G2","R","19930401","X"
"M11G3","M28G3","R","19930331","F"
"M11G4","M28G4","R","19930331","F"
"M11G5","M28G5","R","19930401","F"
"M11G6","M28D7","R","19930401","F"
"M11G7","M28G7","R","19930401","F"
"M11G8","M28G8","R","19930401","X"
"M13A9","M29D4","R","19940401","F"
"M13B1","M29D5","R","19940401","F"
"M14C3","M29C3","R","19940401","F"
"M14C4","M29C4","R","19940401","F"
"M16B5","M29E9","R","19940401","X"
"M17C2","8C680","O","19960401","X"
"M17C3","8C681","O","19960401","X"
"M17C4","8C682","O","19960401","X"
"M17C7","8C685","O","19960401",""
"M17C8","8EA11","O","19960401",""
"M17V0","8CJ21","O","19960401",""
"M17V1","8AK03","O","19960401","X"
"M17V2","8AK04","O","19960401","F"
"M17V3","8AK05","O","19960401",""
"M17V4","8AK06","O","19960401",""
"M17V5","8AK07","O","19960401","X"
"M17V6","8AK08","O","19960401",""
"M17V7","8AK09","O","19960401",""
"M17V8","8AK10","O","19960401","X"
"M17V9","8AK11","O","19960401","X"
"M17VA","8DC54","O","19960401",""
"M17VB","8AE08","O","19960401","X"
"M17VC","8AD24","O","19960401",""
"M17W0","8CJ22","O","19960401",""
"M17W2","8CJ23","O","19960401","X"
"M17W4","8AK63","O","19960401",""
"M17W6","8CA06","O","19960401","X"
"M17W7","8CD53","O","19960401","X"
"M17X0","8CJ28","O","19960401",""
"M17X1","8AK90","O","19960401",""
"M17X4","8CJ55","O","19960401",""
"M17X8","8CJ60","O","19960401","X"
"M17X9","8CK20","O","19960401",""
"M17Y0","8CK75","O","19960401",""
"M17Y2","8CN23","O","19960401",""
"M17Y4","8CN57","O","19960401",""
"M17Y5","8CN28","O","19960401",""
"M17Y6","8CN49","O","19960401",""
"M17Y8","8CN50","O","19960401",""
"M17Y9","8CJ95","O","19960401",""
"M18C9","8C712","O","19960401",""
"M18D2","8C714","O","19960401",""
"M18D3","8C715","O","19960401",""
"M18D4","8C716","O","19960401",""
"M18D5","8C717","O","19960401",""
"M18V1","8AK12","O","19960401",""
"M19B8","8C734","O","19960401",""
"M19B9","8C735","O","19960401",""
"M19C1","8C736","O","19960401",""
"M19C2","8C737","O","19960401","X"
"M19C3","8C738","O","19960401",""
"M19C4","8C739","O","19960401",""
"M19C5","8C740","O","19960401",""
"M19C6","8DA33","O","19960401",""
"M19C7","8EA39","O","19960401","X"
"M19C8","8EA40","O","19960401",""
"M19C9","8EA41","O","19960401",""
"M20A9","8C750","O","19960401",""
"M20B1","8C751","O","19960401","X"
"M20V1","8AK13","O","19960401",""
"M20V2","8AK14","O","19960401","X"
"M20V3","8AK15","O","19960401","X"
"M20V4","8AE12","O","19960401",""
"M21A9","8C760","O","19960401",""
"M21B1","8C761","O","19960401",""
"M21B2","8C762","O","19960401",""
"M21B3","8C763","O","19960401",""
"M21B4","8EA17","O","19960401","X"
"M22C2","8C783","O","19960401","X"
"M22C3","8C784","O","19960401",""
"M22C4","8C785","O","19960401",""
"M22C5","8C786","O","19960401",""
"M24B9","M28F7","R","19930401","F"
"M25E1","M29F3","R","19940401","F"
"M25E2","8C822","O","19960401","X"
"M25E3","8C823","O","19960401",""
"M25E4","8C824","O","19960401",""
"M25E5","8C825","O","19960401",""
"M25E7","M29F4","R","19950401","F"
"M25E8","8C827","O","19960401","X"
"M25E9","8C828","O","19960401",""
"M25F1","8C829","O","19960401","X"
"M25F2","8C830","O","19960401",""
"M25F3","8EA42","O","19960401",""
"M25F4","8EA43","O","19960401",""
"M25F5","8EA44","O","19960401",""
"M25V1","8AK16","O","19960401",""
"M25V2","8AK17","O","19960401",""
"M25V3","8AK18","O","19960401",""
"M25V4","8AK19","O","19960401","X"
"M25V5","8AK20","O","19960401",""
"M25V6","8AE19","O","19960401",""
"M26","QEN","O","19960401","F"
"M26A1","8C831","O","19960401","X"
"M26A2","8C832","O","19960401",""
"M26A3","8C833","O","19960401",""
"M26A4","8C834","O","19960401",""
"M26A5","8C835","O","19960401",""
"M26A6","8C836","O","19960401",""
"M26A7","8C837","O","19960401",""
"M26A8","8C838","O","19960401","X"
"M26A9","8C839","O","19960401",""
"M26B1","8C840","O","19960401",""
"M26B3","8C841","O","19960401","X"
"M26B4","8C842","O","19960401","X"
"M26B5","8C843","O","19960401","X"
"M26B6","8C844","O","19960401","X"
"M26B7","8C845","O","19960401","X"
"M26B8","8C846","O","19960401","X"
"M26B9","8C847","O","19960401",""
"M26C1","8C848","O","19960401",""
"M26C2","8C849","O","19960401",""
"M26C3","8C850","O","19960401",""
"M26C4","8C851","O","19960401",""
"M26C5","8C852","O","19960401","X"
"M26C6","8C853","O","19960401",""
"M26C7","8C854","O","19960401",""
"M26C8","8C855","O","19960401",""
"M26C9","8C856","O","19960401",""
"M26D1","8C857","O","19960401",""
"M26D2","8C858","O","19960401",""
"M26D3","8C859","O","19960401",""
"M26D4","8C860","O","19960401",""
"M26D7","8C861","O","19960401","X"
"M26D8","8C862","O","19960401",""
"M26D9","8C863","O","19960401",""
"M26E1","8C864","O","19960401",""
"M26E2","8C865","O","19960401",""
"M26E3","8C866","O","19960401",""
"M26E4","8C867","O","19960401",""
"M26E5","8C868","O","19960401",""
"M26E6","8C869","O","19960401",""
"M26E7","8C870","O","19960401",""
"M26E8","8C871","O","19960401",""
"M26E9","8C872","O","19960401",""
"M26F1","8C873","O","19960401",""
"M26F2","8C874","O","19960401",""
"M26F3","8C875","O","19960401",""
"M26F4","8C876","O","19960401",""
"M26F5","8C877","O","19960401","X"
"M26F6","8C878","O","19960401",""
"M26F7","8C879","O","19960401","X"
"M26F8","8C880","O","19960401",""
"M26F9","8C881","O","19960401","X"
"M26G1","8C882","O","19960401",""
"M26G2","8C883","O","19960401",""
"M26G3","8C884","O","19960401",""
"M26G4","8EA45","O","19960401",""
"M27","QEJ","O","19960401","F"
"M27A1","8C885","O","19960401","X"
"M27A2","8C886","O","19960401","X"
"M27A3","8C887","O","19960401",""
"M27A4","8C888","O","19960401",""
"M27A5","8C889","O","19960401","X"
"M27A6","8C890","O","19960401",""
"M27A7","8C891","O","19960401","X"
"M27A8","8C892","O","19960401",""
"M27A9","8C893","O","19960401","X"
"M27B1","8C894","O","19960401",""
"M27B2","8C895","O","19960401",""
"M27B3","8C896","O","19960401",""
"M27B4","8C897","O","19960401","X"
"M27B5","8C898","O","19960401",""
"M27B6","8C899","O","19960401",""
"M27B7","8C901","O","19960401",""
"M27B8","8C902","O","19960401",""
"M27B9","8C903","O","19960401","X"
"M27C1","8C904","O","19960401",""
"M27C2","8C905","O","19960401",""
"M27C3","8C906","O","19960401",""
"M27C6","8C907","O","19960401","X"
"M27C7","8C908","O","19960401",""
"M27C8","8C909","O","19960401",""
"M27C9","8C910","O","19960401","F"
"M27D2","8C911","O","19960401",""
"M27D4","8C912","O","19960401",""
"M27D5","8C913","O","19960401",""
"M27D6","8C914","O","19960401",""
"M27D7","8C915","O","19960401",""
"M27D8","8C916","O","19960401",""
"M27D9","8C917","O","19960401",""
"M27E1","8C918","O","19960401",""
"M27E2","8C919","O","19960401",""
"M27E4","8C920","O","19960401",""
"M27E5","8C921","O","19960401",""
"M27E6","8C922","O","19960401",""
"M27E7","8C923","O","19960401",""
"M27E8","8C924","O","19960401",""
"M27E9","8C925","O","19960401",""
"M27F1","8C926","O","19960401",""
"M27F2","8C927","O","19960401",""
"M27F3","8C928","O","19960401",""
"M27F4","8C929","O","19960401",""
"M27F5","8C930","O","19960401","F"
"M27F6","8C931","O","19960401",""
"M27F7","8C932","O","19960401",""
"M27F8","8C933","O","19960401",""
"M27F9","8C934","O","19960401","X"
"M27G1","8C935","O","19960401",""
"M27G2","8C936","O","19960401",""
"M27G3","8C937","O","19960401",""
"M27G4","8C938","O","19960401",""
"M27G5","8C939","O","19960401","X"
"M27G6","8C940","O","19960401",""
"M27G7","8C941","O","19960401",""
"M27G8","8C942","O","19960401","X"
"M27G9","8C943","O","19960401",""
"M27H1","8C944","O","19960401",""
"M27H2","8C945","O","19960401",""
"M27H3","8C946","O","19960401",""
"M27H4","8C947","O","19960401","X"
"M27H5","8C948","O","19960401",""
"M27H6","8C949","O","19960401",""
"M27H7","8C950","O","19960401",""
"M27H8","8C951","O","19960401",""
"M27H9","8C952","O","19960401",""
"M27J1","8C953","O","19960401",""
"M27J2","8C954","O","19960401",""
"M27J3","8C955","O","19960401","X"
"M27J4","8C956","O","19960401",""
"M27J5","8C957","O","19960401","X"
"M27J6","8C958","O","19960401",""
"M27J7","8C959","O","19960401","X"
"M27J8","8C960","O","19960401",""
"M27J9","8C961","O","19960401","X"
"M27K1","8C962","O","19960401",""
"M27K2","8C963","O","19960401","X"
"M27K3","8C964","O","19960401",""
"M27K4","8C965","O","19960401",""
"M27K5","8C966","O","19960401",""
"M27K6","8C967","O","19960401",""
"M27K7","8C968","O","19960401","X"
"M27K8","8EA46","O","19960401",""
"M27L2","8EA48","O","19960401",""
"M27L3","8EA49","O","19960401","X"
"M27L4","8EA50","O","19960401",""
"M27L5","8EA51","O","19960401",""
"M27V1","8AK21","O","19960401","X"
"M28","QEL","O","19960401","F"
"M28A1","8C969","O","19960401",""
"M28A2","8C970","O","19960401",""
"M28A3","8C971","O","19960401","F"
"M28A4","8C972","O","19960401","X"
"M28A5","8C973","O","19960401",""
"M28A6","8C974","O","19960401","X"
"M28A7","8C975","O","19960401","X"
"M28A8","8C976","O","19960401","X"
"M28A9","8C977","O","19960401",""
"M28B1","8C978","O","19960401",""
"M28B2","8C979","O","19960401",""
"M28B3","8C980","O","19960401","F"
"M28B4","8C981","O","19960401","X"
"M28B6","8C982","O","19960401","X"
"M28B7","8C983","O","19960401",""
"M28B8","8C984","O","19960401",""
"M28B9","8C985","O","19960401",""
"M28C1","8C986","O","19960401","X"
"M28C2","8C987","O","19960401","X"
"M28C4","8C988","O","19960401","X"
"M28C5","8C989","O","19960401","X"
"M28C6","8C990","O","19960401",""
"M28C7","8C991","O","19960401",""
"M28C8","8C992","O","19960401",""
"M28C9","8C993","O","19960401",""
"M28D1","8C995","O","19960401",""
"M28D3","8C996","O","19960401",""
"M28D4","8C997","O","19960401",""
"M28D5","8C998","O","19960401","X"
"M28D7","8C999","O","19960401",""
"M28D8","8DA01","O","19960401","X"
"M28D9","8DA02","O","19960401",""
"M28DY","8C999","O","19960401",""
"M28E1","8DA03","O","19960401",""
"M28E2","8DA04","O","19960401","X"
"M28E3","8DA05","O","19960401",""
"M28E4","8DA06","O","19960401",""
"M28E5","8DA07","O","19960401","F"
"M28E6","8DA08","O","19960401",""
"M28E7","8DA09","O","19960401",""
"M28E8","8DA10","O","19960401",""
"M28E9","8DA11","O","19960401",""
"M28F1","8DA12","O","19960401",""
"M28F2","8DA13","O","19960401",""
"M28F3","8DA14","O","19960401","X"
"M28F4","8DA15","O","19960401",""
"M28F5","8DA16","O","19960401",""
"M28F6","8DA17","O","19960401",""
"M28F7","8DA18","O","19960401","X"
"M28F8","8DA19","O","19960401",""
"M28F9","8DA20","O","19960401",""
"M28G3","M28H5","R","19940401","F"
"M28G4","M28H6","R","19940401","F"
"M28G5","8DA23","O","19960401",""
"M28G7","8DA24","O","19960401",""
"M28G9","8DA25","O","19960401",""
"M28H1","8DA26","O","19960401",""
"M28H2","8DA27","O","19960401","X"
"M28H4","8DA29","O","19960401","X"
"M28H5","8DA30","O","19960401",""
"M28H6","8DA31","O","19960401","X"
"M28H7","8DA32","O","19960401",""
"M28H8","8EA52","O","19960401",""
"M28H9","8EA54","O","19960401",""
"M28M6","8DA31","O","19960401","X"
"M28V1","8AK45","O","19960401",""
"M28V2","8AK46","O","19960401",""
"M28V3","8AK47","O","19960401",""
"M28V4","8AK48","O","19960401",""
"M28V5","8AK49","O","19960401",""
"M28V6","8AK50","O","19960401",""
"M28V7","8AK51","O","19960401",""
"M28V8","8AK52","O","19960401","X"
"M28V9","8AK53","O","19960401",""
"M28VA","8AK23","O","19960401",""
"M28VB","8AK24","O","19960401",""
"M28VC","8AK25","O","19960401","X"
"M28VD","8AK26","O","19960401","X"
"M28VE","8AK27","O","19960401","X"
"M28VF","8AK28","O","19960401","X"
"M28VG","8AK29","O","19960401",""
"M28VH","8AK30","O","19960401","X"
"M28VJ","8AK31","O","19960401",""
"M28VK","8AK32","O","19960401",""
"M28VL","8AK33","O","19960401","X"
"M28VM","8AK34","O","19960401","X"
"M28VN","8AK35","O","19960401","X"
"M28VP","8AK36","O","19960401",""
"M28VQ","8AK37","O","19960401","X"
"M28VR","8AK38","O","19960401",""
"M28VS","8AK39","O","19960401","X"
"M28VT","8AK40","O","19960401","X"
"M28VW","8AK41","O","19960401",""
"M28VX","8AK42","O","19960401","X"
"M28VY","8AK43","O","19960401",""
"M28VZ","8AK44","O","19960401",""
"M28W1","8AE21","O","19960401","X"
"M28W2","8AE22","O","19960401",""
"M28W3","8AE30","O","19960401",""
"M28W4","8AE31","O","19960401",""
"M28W5","8AE33","O","19960401",""
"M28W6","8AH84","O","19960401","X"
"M28W7","8AV38","O","19960401","X"
"M28W8","8AY18","O","19960401",""
"M28W9","8AY78","O","19960401","X"
"M28X1","8DD35","O","19960401","X"
"M28X2","8AK54","O","19960401","F"
"M28X3","8DM98","O","19960401","X"
"M28X7","8DP19","O","19960401","X"
"M28X8","8DP20","O","19960401","X"
"M28X9","8DR60","O","19960401",""
"M29","QD9","O","19960401","F"
"M29A1","8DA34","O","19960401",""
"M29A2","8DA35","O","19960401",""
"M29A3","8DA36","O","19960401","X"
"M29A4","8DA37","O","19960401",""
"M29A5","8DA38","O","19960401",""
"M29A6","8DA39","O","19960401",""
"M29A7","8DA40","O","19960401",""
"M29A9","8DA41","O","19960401",""
"M29B1","8DA42","O","19960401",""
"M29B2","8DA43","O","19960401","X"
"M29B3","8DA44","O","19960401",""
"M29B4","8DA45","O","19960401",""
"M29B5","8DA46","O","19960401",""
"M29B6","8DA47","O","19960401",""
"M29B7","8DA48","O","19960401",""
"M29B8","8DA49","O","19960401","X"
"M29B9","8DA50","O","19960401",""
"M29C1","8DA51","O","19960401",""
"M29C2","8DA52","O","19960401",""
"M29C3","8DA53","O","19960401",""
"M29C4","8DA54","O","19960401",""
"M29C5","8DA55","O","19960401","X"
"M29C6","8DA56","O","19960401",""
"M29C7","8DA57","O","19960401","X"
"M29C8","8DA58","O","19960401",""
"M29C9","8DA59","O","19960401","X"
"M29D1","8DA60","O","19960401",""
"M29D3","8DA62","O","19960401",""
"M29D4","8DA63","O","19960401",""
"M29D5","8DA64","O","19960401",""
"M29D6","8DA65","O","19960401",""
"M29D7","8DA66","O","19960401",""
"M29D8","8DA67","O","19960401",""
"M29D9","8DA68","O","19960401","X"
"M29E1","8DA69","O","19960401",""
"M29E2","8DA70","O","19960401",""
"M29E3","8DA71","O","19960401","X"
"M29E4","8DA72","O","19960401","X"
"M29E5","8DA73","O","19960401",""
"M29E6","8DA74","O","19960401","X"
"M29E7","8DA75","O","19960401",""
"M29E8","8DA76","O","19960401",""
"M29F1","8DA77","O","19960401",""
"M29F2","8DA78","O","19960401",""
"M29F3","8DA79","O","19960401",""
"M29F4","8E179","O","19960401",""
"M29F5","8EA53","O","19960401",""
"M29K9","8EA47","O","19960401",""
"M29V1","8AK55","O","19960401","X"
"M29V2","8AK56","O","19960401","X"
"MB205","REH05","O","19920401","F"
"MB9","YAG","O","19970401",""
"MC219","RJG19","O","19930401","F"
"ME312","RLZ12","O","19940401","X"
"ME322","RLZ22","O","19940401","F"
"ME331","RLZ31","O","19940401","X"
"ME351","RLZ51","O","19940401","F"
"ME421","RL221","O","19940401","X"
"ME424","RL224","O","19940401","F"
"ME5","RJK","O","19930401","F"
"ME534","RJK05","O","19930401","F"
"ME561","RJK01","O","19930401","F"
"ME563","RJK06","O","19930401","F"
"ME564","RJK09","O","19930401","F"
"ME565","RJK08","O","19930401","F"
"ME566","RJK10","O","19930401","F"
"ME567","RJK07","O","19930401","F"
"ME568","RJK03","O","19930401","F"
"ME582","RJK21","O","19930401","F"
"ME5DB","RJK31","O","19930401","F"
"ME5DF","RJK18","O","19930401","F"
"ME5GF","RJK16","O","19930401","F"
"ME5KA","RJK19","O","19930401","F"
"MG6","RLY","O","19940401",""
"MG600","RLY00","O","19940401",""
"MG602","RLY02","O","19940401","X"
"MG605","RLY05","O","19940401",""
"MG608","RLY08","O","19940401","X"
"MG609","RLY09","O","19940401","X"
"MG612","RLY12","O","19940401","X"
"MG613","RLY13","O","19940401","X"
"MG614","RLY14","O","19940401",""
"MG615","RLY15","O","19940401",""
"MG617","RLY17","O","19940401","X"
"MG618","RLY18","O","19940401","X"
"MG619","RLY19","O","19940401","X"
"MG622","RLY22","O","19940401","X"
"MG625","RLY25","O","19940401",""
"MG626","RLY26","O","19940401","X"
"MG627","RLY27","O","19940401","F"
"MG628","RLY28","O","19940401","F"
"MG629","RLY29","O","19940401","X"
"MG631","RLY31","O","19940401","X"
"MG633","RLY33","O","19940401",""
"MG635","RLY35","O","19940401",""
"MG636","RLY36","O","19940401",""
"MG639","RLY39","O","19940401",""
"MG640","RLY40","O","19940401",""
"MG641","RLY41","O","19940401","F"
"MG642","RLY42","O","19940401","F"
"MG643","RLY43","O","19940401","X"
"MG644","RLY44","O","19940401","F"
"MG645","RLY45","O","19940401","X"
"MG647","RLY47","O","19940401","F"
"MG648","RLY48","O","19940401","X"
"MG649","RLY49","O","19940401","F"
"MG651","RLY51","O","19940401","F"
"MG653","RLY53","O","19940401","F"
"MG654","RLY54","O","19940401",""
"MG655","RLY55","O","19940401","X"
"MG656","RLY56","O","19940401","F"
"MG657","RLY57","O","19940401","F"
"MG658","RLY58","O","19940401","X"
"MG659","RLY59","O","19940401","F"
"MG660","RLY60","O","19940401","X"
"MG661","RLY61","O","19940401","F"
"MG662","RLY62","O","19940401","X"
"MG663","RLY63","O","19940401","F"
"MG664","RLY64","O","19940401",""
"MG665","RLY65","O","19940401","X"
"MG666","RLY66","O","19940401","F"
"MG667","RLY67","O","19940401","X"
"MG668","RLY68","O","19940401","F"
"MG669","RLY69","O","19940401","F"
"MH3","RNG","O","19940401","F"
"MH310","RNG10","O","19940401","F"
"MH311","RNG11","O","19940401","X"
"MH312","RNG12","O","19940401","F"
"MH313","RNG13","O","19940401","F"
"MH314","RNG14","O","19940401","X"
"MK204","RJJ04","O","19930401","F"
"ML265","RLS65","O","19940401","F"
"ML268","RLS68","O","19940401","F"
"MN201","RL701","O","19940401","F"
"MN4","RNF","O","19940401","F"
"MN402","RNF02","O","19940401","F"
"MP210","RNF10","O","19940401","F"
"MP253","RNF53","O","19940401","F"
"MQ4","RRK","O","19950401",""
"MQ401","RRK01","O","19950401","F"
"MQ402","RRK02","O","19950401",""
"MQ403","RRK03","O","19950401",""
"MQ405","MQ905","R","19940401","F"
"MQ5","RLU","O","19940401","F"
"MQ506","RLU06","O","19940401","X"
"MQ508","RLU08","O","19940401","X"
"MQ6","RQ3","O","19950401",""
"MQ603","RQ309","O","19950401","X"
"MQ609","RQ309","O","19950401","X"
"MQ620","RQ320","O","19950401","X"
"MQ625","RQ325","O","19950401",""
"MQ669","RQ369","O","19950401",""
"MQ7","RLV","O","19940401","F"
"MQ700","RLV00","O","19940401","X"
"MQ703","MQ603","R","19921101","F"
"MQ710","RLV10","O","19940401","F"
"MQ711","RLV11","O","19940401","F"
"MQ712","MQ812","R","19930401","F"
"MQ717","MQ817","R","19921101","F"
"MQ720","MQ620","R","19921101","F"
"MQ721","RLV21","O","19940401","F"
"MQ725","MQ625","R","19921101","F"
"MQ745","RLV45","O","19940401","F"
"MQ751","RLV51","O","19940401","F"
"MQ756","RLV56","O","19940401","X"
"MQ761","RLV61","O","19940401","F"
"MQ762","RLV62","O","19940401","F"
"MQ763","RLV63","O","19940401","F"
"MQ764","RLV64","O","19940401","F"
"MQ766","RLV66","O","19940401","F"
"MQ768","RLV68","O","19940401","F"
"MQ769","MQ669","R","19930401","F"
"MQ770","RLV70","O","19940401","F"
"MQ771","RLV71","O","19940401","F"
"MQ772","RLV72","O","19940401","X"
"MQ774","RLV74","O","19940401","X"
"MQ775","RLV75","O","19940401","F"
"MQ776","RLV76","O","19940401","F"
"MQ777","RLV77","O","19940401","F"
"MQ779","RLV79","O","19940401","F"
"MQ780","RLV80","O","19940401","F"
"MQ781","RLV81","O","19940401","X"
"MQ782","RLV82","O","19940401","F"
"MQ783","RLV83","O","19940401","F"
"MQ784","RLV84","O","19940401","F"
"MQ785","RLX46","O","19940401","X"
"MQ786","RLV86","O","19940401","X"
"MQ787","RLV87","O","19940401","F"
"MQ789","RLV89","O","19940401","X"
"MQ790","RLV90","O","19940401","F"
"MQ791","RLV91","O","19940401","F"
"MQ792","RLV92","O","19940401","X"
"MQ793","RLV93","O","19940401","F"
"MQ794","RLV94","O","19940401","F"
"MQ795","RLV95","O","19940401","F"
"MQ8","RND","O","19940401","F"
"MQ802","RND02","O","19940401","F"
"MQ803","RND03","O","19940401","X"
"MQ811","RND11","O","19940401","X"
"MQ812","RND12","O","19940401","X"
"MQ814","RND14","O","19940401","X"
"MQ816","RND16","O","19940401","F"
"MQ817","RND17","O","19940401","X"
"MQ818","RND18","O","19940401","F"
"MQ819","RND19","O","19940401","X"
"MQ823","RND23","O","19940401","X"
"MQ824","RND24","O","19940401","F"
"MQ827","RND27","O","19940401","X"
"MQ828","RND28","O","19940401","F"
"MQ829","RND29","O","19940401","F"
"MQ839","RND39","O","19940401","X"
"MQ847","RND47","O","19940401","X"
"MQ848","RND48","O","19940401","X"
"MQ849","RND49","O","19940401","F"
"MQ855","RND55","O","19940401","X"
"MQ858","RND58","O","19940401","X"
"MQ860","RND60","O","19940401","X"
"MQ861","RND61","O","19940401","X"
"MQ862","RND62","O","19940401","X"
"MQ863","RND63","O","19940401","X"
"MQ864","RND64","O","19940401","X"
"MQ865","RND65","O","19940401","X"
"MQ866","RND66","O","19940401","X"
"MQ867","RND67","O","19940401","F"
"MQ868","RND68","O","19940401","X"
"MQ871","RND71","O","19940401","X"
"MQ872","RND72","O","19940401","X"
"MQ873","RND73","O","19940401","X"
"MQ897","RND97","O","19940401","F"
"MQ898","RND98","O","19940401","F"
"MQ9","RRJ","O","19950401",""
"MQ905","RRJ05","O","19950401",""
"MT354","RNC54","O","19940401","X"
"MT367","RNC67","O","19940401","F"
"MT377","RNC77","O","19940401","F"
"MT385","RNC85","O","19940401","X"
"MT386","RNC86","O","19940401","X"
"MT3AA","RNCAA","O","19940401","X"
"MT3AC","RNCAC","O","19940401","F"
"MT4","RNA","O","19940401",""
"MT401","RNA01","O","19940401",""
"MT402","RNA02","O","19940401",""
"MT403","RNA03","O","19940401","X"
"MT404","RNA04","O","19940401",""
"MT406","RNA06","O","19940401","X"
"MT4AD","RNAAD","O","19940401",""
"MT4AE","RNAAE","O","19940401",""
"MU140","RQ440","O","19950401","F"
"MU185","RQ485","O","19950401","F"
"MU186","RQ486","O","19950401","X"
"MV223","RL323","O","19940401","F"
"MV270","RL370","O","19940401","X"
"MW4","RJM","O","19930401","F"
"MW400","RJM00","O","19930401","X"
"MW404","RJM04","O","19930401","F"
"MW405","RJM05","O","19930401","X"
"MW406","RJM06","O","19930401","F"
"MW408","RJM47","O","19930401","F"
"MW409","RJM38","O","19930401","F"
"MW410","RJM23","O","19930401","F"
"MW412","RJM07","O","19930401","F"
"MW413","RJM08","O","19930401","F"
"MW414","RJM09","O","19930401","F"
"MW415","RJM10","O","19930401","F"
"MW416","RJM11","O","19930401","F"
"MW417","RJM12","O","19930401","F"
"MW418","RJM13","O","19930401","F"
"MW419","RJM14","O","19930401","F"
"MW420","RJM15","O","19930401","F"
"MW423","RJM18","O","19930401","F"
"MW424","RJM19","O","19930401","F"
"MW425","RJM20","O","19930401","F"
"MW426","RJM21","O","19930401","X"
"MW427","RJM22","O","19930401","F"
"MW428","RJM25","O","19930401","F"
"MW429","RJM27","O","19930401","F"
"MW430","RJM51","O","19930401","F"
"MW435","RJM36","O","19930401","F"
"MW436","RJM37","O","19930401","F"
"MW437","RJM39","O","19930401","F"
"MW438","RJM44","O","19930401","X"
"MW439","RJM50","O","19930401","F"
"N04","N36","R","20061001","X"
"N09","N35","R","20060401","X"
"N10","N35","R","20060401","X"
"N11BB","8DC05","O","19960401",""
"N11BC","8DC06","O","19960401",""
"N11BD","8DC07","O","19960401",""
"N11BE","8DC08","O","19960401",""
"N11BF","8DC09","O","19960401",""
"N12AP","N16AP","R","19940401","F"
"N12AR","N16AR","R","19940401","F"
"N12AS","N16AS","R","19940401","F"
"N12AT","N16AT","R","19940401","F"
"N13","N39","R","20081001","X"
"N13AV","N17AV","R","19940401","F"
"N13AY","N17AY","R","19940401","F"
"N13AZ","N17AZ","R","19940401","F"
"N13BA","N17BV","R","19940401","F"
"N14","N39","R","20081001","X"
"N14CA","N16CT","R","19940401","F"
"N15","N39","R","20081001","X"
"N15AR","N17BR","R","19940401","F"
"N15AS","N17BS","R","19940401","F"
"N15AT","N17BT","R","19940401","F"
"N16","N18","R","19950401","F"
"N16AA","8DC10","O","19960401",""
"N16AB","8DC11","O","19960401",""
"N16AC","8DC12","O","19960401",""
"N16AD","8DC13","O","19960401",""
"N16AE","8DC14","O","19960401",""
"N16AF","8DC15","O","19960401","F"
"N16AG","8DC16","O","19960401",""
"N16AH","8DC17","O","19960401","F"
"N16AJ","8DC18","O","19960401",""
"N16AK","8DC19","O","19960401",""
"N16AL","8DC20","O","19960401",""
"N16AM","8DC21","O","19960401",""
"N16AN","8DC22","O","19960401",""
"N16AP","8DC23","O","19960401",""
"N16AQ","8DC24","O","19960401","X"
"N16AR","8DC25","O","19960401",""
"N16AS","8DC26","O","19960401",""
"N16AT","8DC27","O","19960401",""
"N16AU","8DC28","O","19960401",""
"N16AV","8DC29","O","19960401",""
"N16AW","8DC30","O","19960401",""
"N16AX","8DC31","O","19960401",""
"N16AZ","8DC33","O","19960401","X"
"N16BA","8DC34","O","19960401",""
"N16BB","8DC35","O","19960401",""
"N16BC","8DC36","O","19960401",""
"N16BD","8DC37","O","19960401",""
"N16BE","8DC38","O","19960401",""
"N16BF","8DC39","O","19960401",""
"N16BG","8DC40","O","19960401",""
"N16BH","8DC41","O","19960401",""
"N16BJ","8DC42","O","19960401",""
"N16BK","8DC43","O","19960401",""
"N16BL","8DC44","O","19960401",""
"N16BM","8DC45","O","19960401",""
"N16BN","8DC46","O","19960401","X"
"N16BQ","8DC48","O","19960401",""
"N16BR","8DC49","O","19960401",""
"N16BT","8DC51","O","19960401","X"
"N16BU","8DC52","O","19960401","X"
"N16BX","8DC55","O","19960401",""
"N16BY","8DC56","O","19960401",""
"N16BZ","8DC57","O","19960401",""
"N16CA","8DC58","O","19960401",""
"N16CB","8DC59","O","19960401",""
"N16CC","8DC60","O","19960401",""
"N16CD","8DC61","O","19960401",""
"N16CE","8DC62","O","19960401",""
"N16CF","8DC63","O","19960401",""
"N16CG","8DC64","O","19960401",""
"N16CH","8DC65","O","19960401",""
"N16CJ","8DC66","O","19960401",""
"N16CK","8DC67","O","19960401","X"
"N16CL","8DC68","O","19960401",""
"N16CM","8DC69","O","19960401","X"
"N16CN","8DC70","O","19960401",""
"N16CP","8DC71","O","19960401","F"
"N16CQ","8DC72","O","19960401",""
"N16CR","8DC73","O","19960401",""
"N16CS","8DC74","O","19960401","F"
"N16CT","8DC75","O","19960401","X"
"N16CU","8DC76","O","19960401",""
"N16CV","8DC77","O","19960401",""
"N17","QCV","O","19960401","F"
"N17","N37","R","20070401","X"
"N17AB","8DC79","O","19960401","X"
"N17AC","8DC80","O","19960401",""
"N17AD","8DC81","O","19960401","X"
"N17AE","8DC82","O","19960401","X"
"N17AF","8F161","O","19960401",""
"N17AF","8DC83","O","19960401","X"
"N17AG","8DC84","O","19960401","X"
"N17AH","8DC85","O","19960401",""
"N17AJ","8DC86","O","19960401",""
"N17AM","8DC89","O","19960401",""
"N17AN","8DC90","O","19960401",""
"N17AP","8DC91","O","19960401",""
"N17AR","8DC92","O","19960401","F"
"N17AS","8DC93","O","19960401",""
"N17AT","8DC94","O","19960401","X"
"N17AU","8DC95","O","19960401",""
"N17AV","8DC96","O","19960401",""
"N17AY","8DC98","O","19960401","X"
"N17AZ","8DC99","O","19960401","X"
"N17BA","8DD01","O","19960401",""
"N17BB","8DD02","O","19960401",""
"N17BC","8DD03","O","19960401",""
"N17BD","8DD04","O","19960401",""
"N17BE","8DD05","O","19960401",""
"N17BF","8DD06","O","19960401",""
"N17BG","8DD07","O","19960401","F"
"N17BH","8DD08","O","19960401",""
"N17BJ","8DD09","O","19960401",""
"N17BK","8DD10","O","19960401",""
"N17BL","8DD11","O","19960401",""
"N17BM","8DD12","O","19960401",""
"N17BN","8DD13","O","19960401",""
"N17BP","8DD14","O","19960401","X"
"N17BQ","8DD15","O","19960401",""
"N17BR","8DD16","O","19960401","X"
"N17BS","8DD17","O","19960401",""
"N17BT","8DD18","O","19960401",""
"N17BU","8DD19","O","19960401","X"
"N17BV","8DD20","O","19960401",""
"N17BW","8DD21","O","19960401",""
"N18","QCW","O","19960401","F"
"N18","N38","R","20070201","X"
"N18AA","8D497","O","19960401",""
"N18AB","8D596","O","19960401","X"
"N18AC","8D597","O","19960401",""
"N18AD","8D598","O","19960401",""
"N18AE","8D605","O","19960401",""
"N18AF","8D856","O","19960401","X"
"N18AG","8D909","O","19960401","X"
"N18AH","8D908","O","19960401","X"
"N18AJ","8EA38","O","19960401",""
"N18AK","8CE96","O","19960401",""
"N19","N38","R","20070201","X"
"N21CL","8DD71","O","19960401",""
"N21CM","8DD72","O","19960401",""
"N21CP","8DD73","O","19960401",""
"N21CR","8DD74","O","19960401",""
"N21CS","8DD75","O","19960401","X"
"N21CV","8DD77","O","19960401",""
"N21CW","8DD78","O","19960401",""
"N21CX","8DD79","O","19960401",""
"N21CY","8DD80","O","19960401","X"
"N21CZ","8DD81","O","19960401",""
"N21DA","8DD82","O","19960401",""
"N21DB","8DD83","O","19960401",""
"N21DC","8DD84","O","19960401",""
"N21DD","8DD85","O","19960401","X"
"N21DE","8FW45","O","19960401","X"
"N21DF","8DD87","O","19960401",""
"N21DG","8DD88","O","19960401",""
"N21DH","8DD89","O","19960401",""
"N21DJ","8DD90","O","19960401","X"
"N21DK","8DD91","O","19960401",""
"N21DL","8DD92","O","19960401",""
"N21DN","8DD94","O","19960401",""
"N21DP","8DD95","O","19960401",""
"N21DR","8DD96","O","19960401",""
"N21DS","8DD97","O","19960401",""
"N21DT","8DD98","O","19960401",""
"N21DV","8DD99","O","19960401","X"
"N21EB","8DE06","O","19960401",""
"N21ED","8DE08","O","19960401",""
"N31BJ","8DE39","O","19960401",""
"N31BK","8DE40","O","19960401",""
"N31BL","8DE41","O","19960401",""
"N31CA","8DP09","O","19960401",""
"N31CB","8DP11","O","19960401","X"
"N41DP","N43DP","R","19940401","F"
"N42BB","N43EQ","R","19940401","F"
"N42BC","N43ER","R","19940401","F"
"N42BD","N43ES","R","19940401","F"
"N43","QC7","O","19960401","F"
"N43AA","8DE42","O","19960401","X"
"N43AB","8DE43","O","19960401",""
"N43AD","8DE45","O","19960401",""
"N43AE","8DE46","O","19960401",""
"N43AF","8DE47","O","19960401",""
"N43AG","8DE48","O","19960401",""
"N43AJ","8DE50","O","19960401","X"
"N43AK","8DE51","O","19960401","X"
"N43AL","8DE52","O","19960401",""
"N43AM","8DE53","O","19960401","X"
"N43AN","8DE54","O","19960401",""
"N43AP","8DE55","O","19960401","X"
"N43AS","8DE57","O","19960401","X"
"N43AT","8DE58","O","19960401",""
"N43AU","8DE59","O","19960401",""
"N43AV","8DE60","O","19960401",""
"N43AW","8DE61","O","19960401",""
"N43AY","8DE63","O","19960401","X"
"N43BA","8DE64","O","19960401",""
"N43BB","8DE65","O","19960401",""
"N43BC","8DE66","O","19960401","X"
"N43BD","8DE67","O","19960401",""
"N43BE","8DE68","O","19960401",""
"N43BF","8DE69","O","19960401",""
"N43BH","8DE71","O","19960401","X"
"N43BJ","8DE72","O","19960401",""
"N43BK","8DE73","O","19960401",""
"N43BM","8DE75","O","19960401","X"
"N43BN","8DE76","O","19960401",""
"N43BP","8DE77","O","19960401","X"
"N43BR","8DE78","O","19960401","X"
"N43BS","8DE79","O","19960401","X"
"N43BT","8DE80","O","19960401","X"
"N43BW","8DE82","O","19960401",""
"N43BX","8DE83","O","19960401","X"
"N43BY","8DE84","O","19960401","X"
"N43BZ","8DE85","O","19960401","X"
"N43CB","8DE87","O","19960401","X"
"N43CD","8DE89","O","19960401","X"
"N43CE","8DE90","O","19960401","X"
"N43CG","8DE92","O","19960401",""
"N43CH","8DE93","O","19960401",""
"N43CJ","8DE94","O","19960401",""
"N43CK","8DE95","O","19960401",""
"N43CM","8DE97","O","19960401",""
"N43CN","8DE98","O","19960401",""
"N43CP","8DE99","O","19960401","X"
"N43CS","8DF02","O","19960401",""
"N43CU","8DF04","O","19960401","X"
"N43CW","8DF06","O","19960401",""
"N43CY","8DF08","O","19960401",""
"N43CZ","8DF09","O","19960401",""
"N43DA","8DF10","O","19960401","X"
"N43DB","8DF11","O","19960401",""
"N43DC","8DF12","O","19960401","X"
"N43DD","8DF13","O","19960401",""
"N43DF","8DF15","O","19960401","X"
"N43DG","8DF16","O","19960401",""
"N43DH","8DF17","O","19960401",""
"N43DJ","8DF18","O","19960401",""
"N43DK","8DF19","O","19960401",""
"N43DL","8DF20","O","19960401",""
"N43DM","8DF21","O","19960401",""
"N43DN","8DF22","O","19960401","X"
"N43DP","8DF23","O","19960401",""
"N43DQ","8DF24","O","19960401","X"
"N43DR","8DF25","O","19960401",""
"N43DS","8DF26","O","19960401",""
"N43DT","8DF27","O","19960401","X"
"N43DU","8DF28","O","19960401",""
"N43DW","8DF30","O","19960401",""
"N43DX","8DF31","O","19960401",""
"N43DZ","8DF33","O","19960401","X"
"N43EA","8DF34","O","19960401",""
"N43EC","8DF36","O","19960401",""
"N43ED","8DF37","O","19960401",""
"N43EE","8DF38","O","19960401",""
"N43EF","8DF39","O","19960401",""
"N43EG","8DF40","O","19960401",""
"N43EH","8DF41","O","19960401",""
"N43EJ","8DF42","O","19960401",""
"N43EK","8DF43","O","19960401",""
"N43EL","8DF44","O","19960401",""
"N43EM","8DF45","O","19960401",""
"N43EN","8DF46","O","19960401","X"
"N43EP","8DF47","O","19960401",""
"N43EQ","8DF48","O","19960401",""
"N43ER","8DF49","O","19960401",""
"N43ES","8DF50","O","19960401","X"
"N43ET","8DF51","O","19960401",""
"N43EU","8D381","O","19960401",""
"N51EW","8DG52","O","19960401",""
"N51EY","8DG53","O","19960401",""
"N51EZ","8DG54","O","19960401","X"
"N51FC","8DG55","O","19960401",""
"N51FD","8DG56","O","19960401","X"
"N51FE","8DG57","O","19960401",""
"N97","N95","R","20110401",""
"N98","N95","R","20110401",""
"ND167","RJN67","O","19930401",""
"ND172","RJN72","O","19930401",""
"ND173","RJN73","O","19930401",""
"ND184","RJN84","O","19930401",""
"ND186","RJN86","O","19930401",""
"ND196","RJN96","O","19930401",""
"ND197","RJN97","O","19930401",""
"ND198","RJN98","O","19930401",""
"NLL03","RJ8A1","O","20160401",""
"NLL06","RJ8A2","O","20160401",""
"NLL07","RJ8A3","O","20160401",""
"NLL08","RJ8A4","O","20160401",""
"NLL14","RJ8A5","O","20160401",""
"NLL23","RJ8A6","O","20160401",""
"NLL26","RJ8A7","O","20160401",""
"NLL27","RJ8A8","O","20160401",""
"NLL28","RJ8A9","O","20160401",""
"NLL30","RJ8C1","O","20160401",""
"NLL32","RJ8C2","O","20160401",""
"NLL33","RJ8G6","O","20160401",""
"NLL35","RJ8C3","O","20160401",""
"NLL36","RJ8C4","O","20160401",""
"NLL39","RJ8C5","O","20160401",""
"NLL45","RJ8C6","O","20160401",""
"NLL46","RJ8C7","O","20160401",""
"NLL49","RJ8C8","O","20160401",""
"NLL50","RJ8C9","O","20160401",""
"NLL52","RJ8D1","O","20160401",""
"NLL54","RJ8D2","O","20160401",""
"NLL57","RJ8D3","O","20160401",""
"NLL58","RJ8D4","O","20160401",""
"NLL61","RJ8D5","O","20160401",""
"NLL64","RJ8D7","O","20160401",""
"NLL67","RJ8D6","O","20160401",""
"NLL74","RJ8D8","O","20160401",""
"NLL79","RJ8D9","O","20160401",""
"NLL81","RJ8E1","O","20160401",""
"NLL83","RJ8E2","O","20160401",""
"NLL85","RJ8E3","O","20160401",""
"NLL93","RJ8E4","O","20160401",""
"NLLC6","RJ8E5","O","20160401",""
"NLLC7","RJ8E6","O","20160401",""
"NLLG4","RJ8E8","O","20160401",""
"NLLJ5","RJ8E9","O","20160401",""
"NLLJ6","RJ8G1","O","20160401",""
"NLLJ7","RJ8G2","O","20160401",""
"NLLJ8","RJ8G3","O","20160401",""
"NLLJ9","RJ8G4","O","20160401",""
"NLQ01","NPD07","R","20150722",""
"NT232","NT244","R","20041025",""
"NT306","NTH01","R","20050401",""
"NT307","NTH02","R","20050401",""
"NT311","NTH03","R","20050401",""
"NT323","NTH04","R","20050401",""
"NT326","NTH05","R","20050401",""
"NT328","NTH06","R","20050401",""
"NT329","NTH07","R","20050401",""
"NT330","NTH08","R","20050401",""
"NT331","NTH09","R","20050401",""
"NT3W2","NTHW1","R","20050401",""
"NTE01","NTEW1","R","20050621",""
"NTY01","NTK02","R","20051021","X"
"NTY23","NTN07","R","20060201",""
"NTY27","NTN15","R","20060201",""
"NTY37","NTE02","R","20050516",""
"NTY39","NPE","O","20100401",""
"NTY42","NTN06","R","20060201",""
"NTY51","NTN08","R","20060201",""
"NTY53","NTN09","R","20060201",""
"NTY55","NTN05","R","20060201",""
"NTY64","NTN10","R","20060201",""
"NTY68","NTN11","R","20060201",""
"NTY77","NTN12","R","20060201",""
"NTY98","NVG","O","20071001",""
"NTYA7","NTN13","R","20060201",""
"NTYC9","NTN14","R","20060201",""
"NTYD5","NT457","R","20150901",""
"NTYE0","NTK03","R","20051021","X"
"NTYE2","NTT06","R","20060901","X"
"NTYH6","NNC","O","20150801",""
"NTYW4","NTE01","R","20050516","F"
"NTYW6","NTYE7","R","20050403","X"
"P0001","8CM16","O","19960401",""
"P0002","8DP18","O","19960401",""
"P0003","8DT69","O","19960401",""
"P0004","8DT70","O","19960401","X"
"P0005","8DT79","O","19960401","X"
"P0006","8DT80","O","19960401",""
"P0007","8DV16","O","19960401","X"
"P0008","8DV17","O","19960401","X"
"P0009","8DV18","O","19960401",""
"P0010","8DV19","O","19960401",""
"P0011","8DV20","O","19960401","X"
"P0012","8DV21","O","19960401",""
"P0013","8DV34","O","19960401",""
"P0014","8DV50","O","19960401",""
"P0015","8DV51","O","19960401",""
"P0016","8DV52","O","19960401","X"
"P0017","8DV55","O","19960401",""
"P0018","8DV56","O","19960401",""
"P0019","8DV57","O","19960401","X"
"P02YB","P20YB","R","19940401","F"
"P02YC","P20YC","R","19940401","F"
"P02YD","P20YD","R","19940401","F"
"P02YE","P20YE","R","19940401","F"
"P02YF","P20YF","R","19940401","F"
"P02YG","P20YG","R","19940401","F"
"P02YH","P20YH","R","19940401","F"
"P03CO","P20CO","R","19940401","F"
"P03CQ","P20CQ","R","19940401","F"
"P04ZC","P21ZC","R","19940401","F"
"P04ZD","P21ZD","R","19940401","F"
"P04ZE","P21ZE","R","19940401","F"
"P04ZF","P21ZF","R","19940401","F"
"P04ZG","P21ZG","R","19940401","F"
"P04ZH","P21ZH","R","19940401","F"
"P04ZJ","P21ZJ","R","19940401","F"
"P04ZK","P21ZK","R","19940401","F"
"P05E3","P21E3","R","19940401","F"
"P05E4","P21E4","R","19940401","F"
"P05E5","P21E5","R","19940401","F"
"P05E6","P21E6","R","19940401","F"
"P05E7","P21E7","R","19940401","F"
"P05E8","P21E8","R","19940401","F"
"P06FT","P22FT","R","19940401","F"
"P07G1","P22G1","R","19940401","F"
"P07GZ","P22GZ","R","19940401","F"
"P08HS","P23HS","R","19950401","F"
"P08HU","P23HU","R","19950401","F"
"P08HV","P23HV","R","19950401","F"
"P08HW","P23HW","R","19950401","F"
"P08HX","P23HX","R","19950401","F"
"P09JW","P24JW","R","19940401","F"
"P09JX","P24JX","R","19940401","F"
"P09JY","P24JY","R","19940401","F"
"P10K1","P26K1","R","19940401","F"
"P10K2","P26K2","R","19940401","F"
"P10K3","P26K3","R","19940401","F"
"P10K4","P26K4","R","19940401","F"
"P10KX","P26KX","R","19940401","F"
"P10KY","P26KY","R","19940401","X"
"P10KZ","P26KZ","R","19940401","F"
"P11LL","P26LL","R","19940401","F"
"P11LM","P26LM","R","19940401","F"
"P11LN","P26LN","R","19940401","X"
"P11LO","P26LO","R","19940401","F"
"P11LP","P26LP","R","19940401","F"
"P12MT","P26MT","R","19940401","F"
"P12MU","P26MU","R","19940401","F"
"P12MV","P26MV","R","19940401","F"
"P12MW","P26MW","R","19940401","F"
"P12MX","P26MX","R","19940401","F"
"P12MY","P26MY","R","19940401","F"
"P12MZ","P26MZ","R","19940401","F"
"P13NL","P25NL","R","19940401","F"
"P13NM","P25NM","R","19940401","F"
"P14ZD","P24ZD","R","19940401","F"
"P14ZE","P24ZE","R","19940401","F"
"P15RX","P27RX","R","19940401","F"
"P15RY","P27RY","R","19940401","F"
"P15RZ","P27RZ","R","19940401","F"
"P16S9","8DG87","O","19960401",""
"P16ZA","8DG88","O","19960401","X"
"P16ZB","8CF01","O","19960401",""
"P16ZC","8CF32","O","19960401","X"
"P16ZD","8CF33","O","19960401","X"
"P17TV","P25TV","R","19940401","F"
"P17TW","P25TW","R","19940401","F"
"P18V1","P27V1","R","19940401","F"
"P18V2","P27V2","R","19940401","F"
"P18V3","P27V3","R","19940401","F"
"P18V4","P27V4","R","19940401","F"
"P18V5","P27V5","R","19940401","F"
"P18V6","P27V6","R","19940401","F"
"P19WM","P23WM","R","19950401","F"
"P19WN","8DG89","O","19960401",""
"P19WP","8DG90","O","19960401",""
"P20","QCY","O","19960401","F"
"P20B2","8DH18","O","19960401",""
"P20B3","8DH19","O","19960401",""
"P20B4","8DH20","O","19960401","X"
"P20B5","8DH21","O","19960401",""
"P20B6","8DH22","O","19960401",""
"P20B7","8DH23","O","19960401",""
"P20B8","8DH24","O","19960401","F"
"P20B9","8DH25","O","19960401",""
"P20BA","8DH75","O","19960401",""
"P20BB","8DG92","O","19960401",""
"P20BC","8DG93","O","19960401",""
"P20BD","8DG94","O","19960401","X"
"P20BE","8DG95","O","19960401",""
"P20BF","8DG96","O","19960401",""
"P20BG","8DG97","O","19960401","X"
"P20BI","8DG99","O","19960401",""
"P20BJ","8DH01","O","19960401","X"
"P20BK","8DH02","O","19960401","X"
"P20BL","8DH03","O","19960401",""
"P20BM","8DH04","O","19960401","X"
"P20BN","8DH05","O","19960401",""
"P20BO","8DH06","O","19960401","X"
"P20BP","8DH07","O","19960401",""
"P20BQ","8DH08","O","19960401","X"
"P20BR","8DH09","O","19960401",""
"P20BS","8DH10","O","19960401",""
"P20BT","8DH11","O","19960401",""
"P20BV","8DH13","O","19960401",""
"P20BW","8DH14","O","19960401",""
"P20BX","8DH15","O","19960401","X"
"P20BY","8DH16","O","19960401",""
"P20BZ","8DH17","O","19960401",""
"P20CA","8DH26","O","19960401","X"
"P20CB","8DH27","O","19960401",""
"P20CC","8DH28","O","19960401","F"
"P20CD","8DH29","O","19960401",""
"P20CE","8DH30","O","19960401",""
"P20CF","8DH31","O","19960401","X"
"P20CG","8DH32","O","19960401",""
"P20CH","8DH33","O","19960401","X"
"P20CJ","8DH34","O","19960401",""
"P20CK","8DH35","O","19960401",""
"P20CL","8DH36","O","19960401","X"
"P20CM","8DH37","O","19960401",""
"P20CN","8DH38","O","19960401","X"
"P20CO","8DH39","O","19960401",""
"P20CP","8DH40","O","19960401",""
"P20CQ","8DH41","O","19960401","X"
"P20CR","8DH42","O","19960401",""
"P20YA","8DH43","O","19960401",""
"P20YB","8DH44","O","19960401","X"
"P20YC","8DH45","O","19960401",""
"P20YD","8DH46","O","19960401","X"
"P20YE","8DH47","O","19960401",""
"P20YF","8DH48","O","19960401",""
"P20YG","8DH49","O","19960401",""
"P20YH","8DH50","O","19960401","X"
"P20ZA","8DH51","O","19960401",""
"P20ZB","8DH52","O","19960401",""
"P20ZC","8DH53","O","19960401","X"
"P20ZD","8DH54","O","19960401","X"
"P20ZE","8DH55","O","19960401",""
"P20ZF","8DH56","O","19960401","X"
"P20ZG","8DH57","O","19960401","X"
"P20ZH","8DH58","O","19960401",""
"P20ZJ","8DH59","O","19960401",""
"P20ZK","8DH60","O","19960401","X"
"P20ZL","8DH61","O","19960401","X"
"P20ZM","8DH62","O","19960401",""
"P20ZN","8DH63","O","19960401","X"
"P20ZO","8DH64","O","19960401","X"
"P20ZP","8DH65","O","19960401",""
"P20ZQ","8DH66","O","19960401",""
"P20ZR","8DH67","O","19960401",""
"P20ZS","8DH68","O","19960401",""
"P20ZT","8DH69","O","19960401",""
"P20ZU","8DH70","O","19960401",""
"P20ZV","8DH71","O","19960401",""
"P20ZW","8DH72","O","19960401","X"
"P20ZX","8DH73","O","19960401",""
"P20ZY","8DH74","O","19960401","X"
"P20ZZ","8DH75","O","19960401",""
"P21","QCX","O","19960401","F"
"P21AA","8DH76","O","19960401",""
"P21AB","8DH77","O","19960401",""
"P21AC","8DH78","O","19960401","X"
"P21D2","8DJ03","O","19960401","X"
"P21D3","8DJ04","O","19960401",""
"P21D4","8DJ05","O","19960401",""
"P21D5","8DJ06","O","19960401",""
"P21D6","8DJ07","O","19960401",""
"P21D7","8DJ08","O","19960401",""
"P21D8","8DJ09","O","19960401","X"
"P21D9","8DJ10","O","19960401","X"
"P21DA","8DH79","O","19960401","X"
"P21DB","8DH80","O","19960401","F"
"P21DC","8DH81","O","19960401",""
"P21DD","8DH82","O","19960401",""
"P21DE","8DH83","O","19960401",""
"P21DF","8DH84","O","19960401","F"
"P21DG","8DH85","O","19960401",""
"P21DH","8DH86","O","19960401","X"
"P21DJ","8DH87","O","19960401","X"
"P21DK","8DH88","O","19960401","X"
"P21DL","8DH89","O","19960401",""
"P21DN","8DH91","O","19960401","X"
"P21DP","8DH92","O","19960401",""
"P21DS","8DH94","O","19960401",""
"P21DT","8DH95","O","19960401","X"
"P21DU","8DH96","O","19960401",""
"P21DV","8DH97","O","19960401",""
"P21DW","8DH98","O","19960401","X"
"P21DX","8DH99","O","19960401",""
"P21DY","8DJ01","O","19960401",""
"P21DZ","8DJ02","O","19960401",""
"P21E1","8DJ34","O","19960401",""
"P21E2","8DJ35","O","19960401","X"
"P21E3","8DJ36","O","19960401","X"
"P21E4","8DJ37","O","19960401","X"
"P21E5","8DJ38","O","19960401",""
"P21E6","8DJ39","O","19960401",""
"P21E7","8DJ40","O","19960401",""
"P21E8","8DJ41","O","19960401","X"
"P21E9","8D463","O","19960401",""
"P21EA","8DJ11","O","19960401",""
"P21EB","8DJ12","O","19960401",""
"P21ED","8DJ13","O","19960401",""
"P21EE","8DJ14","O","19960401",""
"P21EF","8DJ15","O","19960401","X"
"P21EG","8DJ16","O","19960401",""
"P21EJ","8DJ17","O","19960401",""
"P21EK","8DJ18","O","19960401",""
"P21EL","8DJ19","O","19960401",""
"P21EM","8DJ20","O","19960401",""
"P21EN","8DJ21","O","19960401","X"
"P21EO","8DJ22","O","19960401","X"
"P21EQ","8DJ24","O","19960401","X"
"P21ER","8DJ25","O","19960401","X"
"P21ES","8DJ26","O","19960401","X"
"P21ET","8DJ27","O","19960401",""
"P21EU","8DJ28","O","19960401",""
"P21EV","8DJ29","O","19960401",""
"P21EW","8DJ30","O","19960401","X"
"P21EX","8DJ31","O","19960401","X"
"P21EY","8DJ32","O","19960401",""
"P21EZ","8DJ33","O","19960401",""
"P21FA","8DH90","O","19960401","X"
"P21FB","8D481","O","19960401",""
"P21ZA","8DJ42","O","19960401","X"
"P21ZB","8DJ43","O","19960401",""
"P21ZC","8DJ44","O","19960401",""
"P21ZD","8DJ45","O","19960401","X"
"P21ZE","8DJ46","O","19960401",""
"P21ZF","8DJ47","O","19960401",""
"P21ZG","8DJ48","O","19960401",""
"P21ZH","8DJ49","O","19960401",""
"P21ZJ","8DJ50","O","19960401",""
"P21ZK","8DJ51","O","19960401",""
"P22","QC1","O","19960401","F"
"P22FA","8DJ52","O","19960401",""
"P22FB","8DJ53","O","19960401","X"
"P22FD","8DJ54","O","19960401","F"
"P22FE","8DJ55","O","19960401",""
"P22FF","8DJ56","O","19960401","X"
"P22FG","8DJ57","O","19960401",""
"P22FH","8DJ58","O","19960401",""
"P22FJ","8DJ59","O","19960401",""
"P22FK","8DJ60","O","19960401",""
"P22FL","8DJ61","O","19960401",""
"P22FM","8DJ62","O","19960401",""
"P22FN","8DJ63","O","19960401",""
"P22FO","8DJ64","O","19960401",""
"P22FP","8DJ65","O","19960401",""
"P22FQ","8DJ66","O","19960401",""
"P22FR","8DJ67","O","19960401",""
"P22FT","8DJ68","O","19960401",""
"P22FU","8DJ69","O","19960401",""
"P22G1","8DJ95","O","19960401","X"
"P22GA","8DJ70","O","19960401",""
"P22GB","8DJ71","O","19960401",""
"P22GC","8DJ72","O","19960401","F"
"P22GD","8DJ73","O","19960401",""
"P22GE","8DJ74","O","19960401","X"
"P22GF","8DJ75","O","19960401",""
"P22GG","8DJ76","O","19960401",""
"P22GH","8DJ77","O","19960401",""
"P22GJ","8DJ78","O","19960401",""
"P22GK","8DJ79","O","19960401",""
"P22GL","8DJ80","O","19960401",""
"P22GM","8DJ81","O","19960401",""
"P22GN","8DJ82","O","19960401",""
"P22GO","8DJ83","O","19960401","X"
"P22GP","8DJ84","O","19960401","X"
"P22GQ","8DJ85","O","19960401",""
"P22GR","8DJ86","O","19960401","X"
"P22GS","8DJ87","O","19960401",""
"P22GT","8DJ88","O","19960401",""
"P22GU","8DJ89","O","19960401",""
"P22GV","8DJ90","O","19960401",""
"P22GW","8DJ91","O","19960401",""
"P22GX","8DJ92","O","19960401",""
"P22GY","8DJ93","O","19960401",""
"P22GZ","8DJ94","O","19960401",""
"P23","QDA","O","19960401","F"
"P23HA","8DJ96","O","19960401",""
"P23HB","8DJ97","O","19960401",""
"P23HC","8DJ98","O","19960401","X"
"P23HD","8DJ99","O","19960401",""
"P23HE","8DK01","O","19960401","X"
"P23HF","8DK02","O","19960401","F"
"P23HG","8DK03","O","19960401",""
"P23HH","8DK04","O","19960401",""
"P23HJ","8DK05","O","19960401","X"
"P23HK","8DK06","O","19960401","X"
"P23HL","8DK07","O","19960401",""
"P23HM","8DK08","O","19960401",""
"P23HN","8DK09","O","19960401",""
"P23HO","8DK10","O","19960401",""
"P23HP","8DK11","O","19960401",""
"P23HQ","8DK12","O","19960401",""
"P23HR","8DK13","O","19960401","X"
"P23HS","8DK14","O","19960401",""
"P23HT","8DK15","O","19960401","X"
"P23HU","8DK16","O","19960401",""
"P23HV","8DK17","O","19960401",""
"P23HW","8DK18","O","19960401","X"
"P23HX","8DK19","O","19960401",""
"P23WA","8DK20","O","19960401",""
"P23WB","8DK21","O","19960401","X"
"P23WC","8DK22","O","19960401",""
"P23WD","8DK23","O","19960401",""
"P23WE","8DK24","O","19960401",""
"P23WF","8DK25","O","19960401",""
"P23WG","8DK26","O","19960401",""
"P23WH","8DK27","O","19960401",""
"P23WJ","8DK28","O","19960401",""
"P23WK","8DK29","O","19960401",""
"P23WL","8DK30","O","19960401",""
"P23WM","8DK31","O","19960401",""
"P23WN","8EA12","O","19960401",""
"P23WP","8EA13","O","19960401",""
"P24","QCT","O","19960401","F"
"P24JA","8DK32","O","19960401","X"
"P24JB","8DK33","O","19960401",""
"P24JC","8DK34","O","19960401",""
"P24JE","8DK35","O","19960401",""
"P24JF","8DK36","O","19960401",""
"P24JG","8DK37","O","19960401",""
"P24JH","8DK38","O","19960401",""
"P24JJ","8DK39","O","19960401",""
"P24JK","8DK40","O","19960401",""
"P24JL","8DK41","O","19960401","X"
"P24JM","8DK42","O","19960401",""
"P24JN","8DK43","O","19960401",""
"P24JO","8DK44","O","19960401","X"
"P24JP","8DK45","O","19960401",""
"P24JQ","8DK46","O","19960401",""
"P24JR","8DK47","O","19960401",""
"P24JS","8DK48","O","19960401",""
"P24JT","8DK49","O","19960401",""
"P24JU","8DK50","O","19960401",""
"P24JV","8DK51","O","19960401",""
"P24JW","8DK52","O","19960401",""
"P24JX","8DK53","O","19960401",""
"P24JY","8DK54","O","19960401",""
"P24P1","8DK77","O","19960401",""
"P24P2","8DK78","O","19960401",""
"P24P3","8DK79","O","19960401",""
"P24P5","8DK80","O","19960401","X"
"P24P6","8DK81","O","19960401",""
"P24P7","8DK82","O","19960401","X"
"P24P8","8DK83","O","19960401","X"
"P24P9","8DK84","O","19960401",""
"P24PB","8DK55","O","19960401",""
"P24PD","8DK56","O","19960401","F"
"P24PF","8DK57","O","19960401",""
"P24PG","8DK58","O","19960401",""
"P24PH","8DK59","O","19960401","X"
"P24PJ","8DK60","O","19960401","X"
"P24PK","8DK61","O","19960401",""
"P24PL","8DK62","O","19960401",""
"P24PM","8DK63","O","19960401",""
"P24PN","8DK64","O","19960401","X"
"P24PO","8DK65","O","19960401","X"
"P24PP","8DK66","O","19960401","X"
"P24PQ","8DK67","O","19960401",""
"P24PR","8DK68","O","19960401",""
"P24PS","8DK69","O","19960401","X"
"P24PT","8DK70","O","19960401",""
"P24PU","8DK71","O","19960401",""
"P24PV","8DK72","O","19960401","X"
"P24PW","8DK73","O","19960401",""
"P24PX","8DK74","O","19960401",""
"P24PY","8DK75","O","19960401",""
"P24PZ","8DK76","O","19960401",""
"P24ZA","8DK85","O","19960401",""
"P24ZB","8DK86","O","19960401","X"
"P24ZC","8DK87","O","19960401",""
"P24ZD","8DK88","O","19960401",""
"P24ZE","8DK89","O","19960401",""
"P25","QC9","O","19960401","F"
"P2501","8DL24","O","19960401",""
"P2502","8DL25","O","19960401",""
"P2503","8DL26","O","19960401",""
"P2504","8DL27","O","19960401",""
"P2505","8DL28","O","19960401",""
"P2506","8D910","O","19960401","X"
"P2507","8EA14","O","19960401",""
"P25NB","8DK90","O","19960401",""
"P25NC","8DK91","O","19960401",""
"P25ND","8DK92","O","19960401",""
"P25NE","8DK93","O","19960401",""
"P25NF","8DK94","O","19960401",""
"P25NG","8DK95","O","19960401",""
"P25NH","8DK96","O","19960401","X"
"P25NJ","8DK97","O","19960401",""
"P25NK","8DK98","O","19960401",""
"P25NL","8DK99","O","19960401",""
"P25NM","8DL01","O","19960401",""
"P25TA","8DL02","O","19960401",""
"P25TB","8DL03","O","19960401",""
"P25TC","8DL04","O","19960401",""
"P25TD","8DL05","O","19960401","X"
"P25TE","8DL06","O","19960401",""
"P25TF","8DL07","O","19960401",""
"P25TG","8DL08","O","19960401",""
"P25TH","8DL09","O","19960401",""
"P25TJ","8DL10","O","19960401",""
"P25TK","8DL11","O","19960401",""
"P25TL","8DL12","O","19960401",""
"P25TM","8DL13","O","19960401",""
"P25TN","8DL14","O","19960401",""
"P25TO","8DL15","O","19960401",""
"P25TP","8DL16","O","19960401",""
"P25TR","8DL18","O","19960401",""
"P25TS","8DL19","O","19960401",""
"P25TT","8DL20","O","19960401","X"
"P25TU","8DL21","O","19960401",""
"P25TV","8DL22","O","19960401",""
"P25TW","8DL23","O","19960401",""
"P26","QC3","O","19960401","F"
"P26AA","8AK57","O","19960401","X"
"P26K1","8DL52","O","19960401",""
"P26K2","8DL53","O","19960401",""
"P26K3","8DL54","O","19960401","X"
"P26K4","8DL55","O","19960401","X"
"P26KA","8DL29","O","19960401","X"
"P26KB","8DL30","O","19960401","X"
"P26KD","8DL31","O","19960401","X"
"P26KE","8DL32","O","19960401",""
"P26KF","8DL33","O","19960401",""
"P26KH","8DL34","O","19960401",""
"P26KJ","8DL35","O","19960401","X"
"P26KK","8DL36","O","19960401",""
"P26KL","8DL37","O","19960401","X"
"P26KM","8DL38","O","19960401","X"
"P26KO","8DL40","O","19960401",""
"P26KP","8DL41","O","19960401",""
"P26KQ","8DL42","O","19960401","X"
"P26KR","8DL43","O","19960401","X"
"P26KS","8DL44","O","19960401",""
"P26KT","8DL45","O","19960401",""
"P26KU","8DL46","O","19960401",""
"P26KW","8DL48","O","19960401","X"
"P26KX","8DL49","O","19960401",""
"P26KZ","8DL51","O","19960401",""
"P26LA","8DL56","O","19960401","X"
"P26LC","8DL58","O","19960401","X"
"P26LD","8DL59","O","19960401",""
"P26LE","8DL60","O","19960401",""
"P26LF","8DL61","O","19960401",""
"P26LG","8DL62","O","19960401","F"
"P26LH","8DL63","O","19960401",""
"P26LJ","8DL64","O","19960401","X"
"P26LK","8DL65","O","19960401",""
"P26LL","8DL66","O","19960401",""
"P26LM","8DL67","O","19960401",""
"P26LO","8DL69","O","19960401","X"
"P26LP","8DL70","O","19960401",""
"P26MA","8DL71","O","19960401",""
"P26MB","8DL72","O","19960401","X"
"P26MC","8DL73","O","19960401",""
"P26MD","8DL74","O","19960401","X"
"P26ME","8DL75","O","19960401",""
"P26MF","8DL76","O","19960401","X"
"P26MG","8DL77","O","19960401","F"
"P26MH","8DL78","O","19960401","X"
"P26MJ","8DL79","O","19960401",""
"P26MK","8DL80","O","19960401",""
"P26ML","8DL81","O","19960401",""
"P26MM","8DL82","O","19960401","X"
"P26MN","8DL83","O","19960401","X"
"P26MO","8DL84","O","19960401",""
"P26MP","8DL85","O","19960401",""
"P26MQ","8DL86","O","19960401",""
"P26MR","8DL87","O","19960401",""
"P26MS","8DL88","O","19960401",""
"P26MT","8DL89","O","19960401",""
"P26MU","8DL90","O","19960401",""
"P26MV","8DL91","O","19960401","X"
"P26MW","8DL92","O","19960401",""
"P26MX","8DL93","O","19960401",""
"P26MY","8DL94","O","19960401",""
"P26MZ","8DL95","O","19960401",""
"P26NA","8DL96","O","19960401","F"
"P26NB","8DL97","O","19960401",""
"P26NC","8DL98","O","19960401",""
"P26ND","8DL99","O","19960401",""
"P26NE","8DM01","O","19960401",""
"P26NF","8EA15","O","19960401","X"
"P27","QC6","O","19960401","F"
"P27R1","8DM15","O","19960401",""
"P27R2","P27V8","R","19950401","F"
"P27R3","P27V8","R","19950401","F"
"P27R4","8DM30","O","19960401",""
"P27R5","8DM31","O","19960401",""
"P27RA","8DM02","O","19960401",""
"P27RB","8DM03","O","19960401",""
"P27RC","8DM04","O","19960401","X"
"P27RD","8DM05","O","19960401","X"
"P27RE","8DM06","O","19960401",""
"P27RF","8DM07","O","19960401",""
"P27RG","8DM08","O","19960401",""
"P27RH","8DM09","O","19960401",""
"P27RJ","8DM10","O","19960401",""
"P27RK","8DM11","O","19960401",""
"P27RL","8DM12","O","19960401",""
"P27RM","8DM13","O","19960401","X"
"P27RN","8DM14","O","19960401",""
"P27RO","8DM15","O","19960401",""
"P27RP","8DM16","O","19960401","X"
"P27RQ","8DM17","O","19960401","F"
"P27RR","8DM18","O","19960401",""
"P27RS","8DM19","O","19960401",""
"P27RT","8DM20","O","19960401",""
"P27RU","8DM21","O","19960401",""
"P27RV","8DM22","O","19960401","X"
"P27RW","8DM23","O","19960401",""
"P27RX","8DM24","O","19960401",""
"P27RY","8DM25","O","19960401",""
"P27RZ","8DM26","O","19960401",""
"P27V1","8DM55","O","19960401",""
"P27V2","8DM56","O","19960401",""
"P27V3","8DM57","O","19960401",""
"P27V4","8DM58","O","19960401","X"
"P27V5","8DM59","O","19960401",""
"P27V6","8DM60","O","19960401",""
"P27V7","8DM61","O","19960401",""
"P27V8","8DM28","O","19960401",""
"P27V9","8CW67","O","19960401",""
"P27VA","8DM32","O","19960401","F"
"P27VB","8DM33","O","19960401",""
"P27VC","8DM34","O","19960401","X"
"P27VD","8DM35","O","19960401",""
"P27VE","8DM36","O","19960401",""
"P27VF","8DM37","O","19960401",""
"P27VG","8DM38","O","19960401",""
"P27VH","8DM39","O","19960401",""
"P27VK","8DM41","O","19960401",""
"P27VL","8DM42","O","19960401",""
"P27VM","8DM43","O","19960401",""
"P27VN","8DM44","O","19960401",""
"P27VP","8DM45","O","19960401",""
"P27VQ","8DM46","O","19960401",""
"P27VR","8DM47","O","19960401",""
"P27VS","8DM48","O","19960401",""
"P27VT","8DM49","O","19960401",""
"P27VU","8DM50","O","19960401",""
"P27VW","8DM51","O","19960401",""
"P27VY","8DM53","O","19960401",""
"P27VZ","8DM54","O","19960401",""
"P28","QC4","O","19960401","F"
"P2814","8DM73","O","19960401",""
"P2815","8DM74","O","19960401","X"
"P2816","8DM75","O","19960401",""
"P2817","8DM76","O","19960401",""
"P2818","8DM77","O","19960401","X"
"P2819","8DM78","O","19960401",""
"P2820","8DM79","O","19960401","X"
"P2823","8DM81","O","19960401",""
"P2824","8DM82","O","19960401",""
"P2825","8DM83","O","19960401",""
"P2826","8DM84","O","19960401",""
"P2827","8DM85","O","19960401","F"
"P2828","8DM86","O","19960401",""
"P2829","8DM87","O","19960401",""
"P2830","8DM88","O","19960401",""
"P2831","8DM89","O","19960401",""
"P28AA","8DM62","O","19960401",""
"P28AB","8DM63","O","19960401",""
"P28AC","8DM64","O","19960401",""
"P28AD","8DM65","O","19960401",""
"P28AE","8DM66","O","19960401",""
"P28AF","8DM67","O","19960401",""
"P28AG","8DM68","O","19960401","F"
"P28AH","8DM69","O","19960401",""
"P28AJ","8DM70","O","19960401",""
"P28AK","8DM71","O","19960401",""
"P28AL","8DM72","O","19960401",""
"P28AN","8DP14","O","19960401",""
"P28AP","8D607","O","19960401",""
"PA234","REW34","O","19920401","X"
"PB156","PB256","R","19930401","X"
"PB157","PB257","R","19930401","X"
"PB2","RML","O","19940401","F"
"PB201","RML01","O","19940401","F"
"PB202","RML02","O","19940401","X"
"PB203","RML03","O","19940401","F"
"PB204","RML04","O","19940401","F"
"PB206","RML06","O","19940401","F"
"PB208","RML08","O","19940401","F"
"PB209","RML09","O","19940401","F"
"PB210","RML10","O","19940401","F"
"PB212","RML12","O","19940401","X"
"PB213","RML35","O","19940401","X"
"PB214","RML14","O","19940401","F"
"PB216","RML16","O","19940401","F"
"PB217","RML17","O","19940401","F"
"PB218","RML18","O","19940401","F"
"PB220","RML20","O","19940401","F"
"PB221","RML21","O","19940401","F"
"PB225","RML25","O","19940401","F"
"PB226","RML26","O","19940401","F"
"PB229","RML32","O","19940401","F"
"PB239","RML34","O","19940401","F"
"PB241","RML41","O","19940401","F"
"PB242","RML30","O","19940401","F"
"PB243","RML33","O","19940401","F"
"PB246","RML36","O","19940401","F"
"PB248","RML31","O","19940401","F"
"PB258","RML58","O","19940401","F"
"PC243","RMG10","O","19940401","F"
"PC245","RMG09","O","19940401","X"
"PC247","RMG01","O","19940401","F"
"PD202","RME02","O","19940401","F"
"PD205","RME05","O","19940401","F"
"PG104","RJU04","O","19930401","X"
"PG105","RJU05","O","19930401","X"
"PG106","RJU06","O","19930401","X"
"PG109","RJU09","O","19930401","X"
"PG116","RJU16","O","19930401","X"
"PG117","RJU17","O","19930401","X"
"PG118","RJU18","O","19930401","X"
"PG119","RJU19","O","19930401","X"
"PG120","RJU20","O","19930401","X"
"PG121","RJU21","O","19930401","X"
"PG122","RJU22","O","19930401","X"
"PG123","RJU23","O","19930401","X"
"PG124","RJU24","O","19930401","X"
"PG125","RJU25","O","19930401","X"
"PG126","RJU26","O","19930401","X"
"PG127","RJU27","O","19930401","X"
"PG128","RJU28","O","19930401","X"
"PG129","RJU29","O","19930401","X"
"PG137","RJU37","O","19930401","X"
"PG139","RJU39","O","19930401","X"
"PH109","RMC09","O","19940401","X"
"PH112","RMC12","O","19940401","X"
"PH113","RMC13","O","19940401","X"
"PH114","RMC14","O","19940401","X"
"PH115","RMC15","O","19940401","X"
"PH116","RMC16","O","19940401","X"
"PH117","RMC17","O","19940401","X"
"PH119","RMC19","O","19940401","X"
"PH120","RMC20","O","19940401","X"
"PH121","RMC21","O","19940401","X"
"PH122","RMC22","O","19940401","X"
"PH123","RMC23","O","19940401","X"
"PH125","RMC25","O","19940401","X"
"PJ103","RMN03","O","19940401","X"
"PJ106","RMN06","O","19940401","X"
"PJ108","RMN08","O","19940401","X"
"PJ109","RMN09","O","19940401","X"
"PJ110","RMN10","O","19940401","X"
"PJ111","RMN11","O","19940401","X"
"PJ112","RMN12","O","19940401","X"
"PJ113","RMN13","O","19940401","X"
"PJ114","RMN14","O","19940401","X"
"PJ115","RMN15","O","19940401","X"
"PJ117","RMN17","O","19940401","X"
"PJ118","RMN18","O","19940401","X"
"PJ119","RMN19","O","19940401","X"
"PJ120","RMN20","O","19940401","X"
"PJ121","RMN21","O","19940401","X"
"PJ122","RMN22","O","19940401","X"
"PJ123","RMN23","O","19940401","X"
"PJ124","RMN24","O","19940401","X"
"PJ125","RMN25","O","19940401","X"
"PJ126","RMN26","O","19940401","X"
"PJ127","RMN27","O","19940401","X"
"PJ128","RMN28","O","19940401","X"
"PK110","RMK10","O","19940401","X"
"PK111","RM521","O","19940401","F"
"PK112","RM529","O","19940401","X"
"PK113","RM530","O","19940401","F"
"PK114","RM522","O","19940401","F"
"PK115","RM525","O","19940401","F"
"PK116","RM531","O","19940401","X"
"PK117","RM523","O","19940401","X"
"PK119","RM524","O","19940401","F"
"PK129","RM555","O","19940401","X"
"PK130","RM559","O","19940401","X"
"PK133","RM526","O","19940401","X"
"PK137","RM528","O","19940401","F"
"PR214","RMH14","O","19940401","F"
"PR244","RMH44","O","19940401","F"
"PR244","RMJ09","O","19940401","X"
"PR5","RQ7","O","19950401","F"
"PR547","RQ7BH","O","19950401","F"
"PT102","RMP02","O","19940401","F"
"PT104","PT204","R","19930401","F"
"PT105","PT205","R","19930401","F"
"PT106","PT206","R","19930401","F"
"PT107","PT207","R","19930401","F"
"PT109","PT209","R","19930401","F"
"PT111","PT211","R","19930401","F"
"PT112","PT212","R","19930401","F"
"PT113","PT213","R","19930401","F"
"PT114","PT214","R","19930401","F"
"PT115","PT215","R","19930401","F"
"PT116","PT216","R","19930401","X"
"PT117","PT217","R","19930401","X"
"PT118","PT218","R","19930401","X"
"PT119","PT219","R","19930401","F"
"PT121","PT221","R","19930401","F"
"PT122","PT222","R","19930401","F"
"PT124","PT224","R","19930401","X"
"PT125","PT225","R","19930401","X"
"PT126","PT226","R","19930401","X"
"PT127","PT227","R","19930401","X"
"PT128","PT228","R","19930401","X"
"PT129","PT229","R","19930401","X"
"PT130","PT230","R","19930401","X"
"PT131","PT231","R","19930401","X"
"PT132","PT232","R","19930401","X"
"PT133","PT233","R","19930401","X"
"PT134","PT234","R","19930401","X"
"PT135","PT235","R","19930401","X"
"PT136","PT236","R","19930401","X"
"PT145","RMP45","O","19940401","F"
"PT2","RMQ","O","19940401","F"
"PT201","RMQ01","O","19940401","X"
"PT202","RMQ02","O","19940401","X"
"PT204","RMQ04","O","19940401","X"
"PT205","RMQ05","O","19940401","X"
"PT206","RMQ06","O","19940401","X"
"PT207","RMQ07","O","19940401","X"
"PT209","RMQ09","O","19940401","X"
"PT211","RMQ11","O","19940401","X"
"PT212","RMQ12","O","19940401","X"
"PT213","RMQ13","O","19940401","X"
"PT214","RMQ14","O","19940401","X"
"PT215","RMQ15","O","19940401","X"
"PT219","RMQ19","O","19940401","X"
"PT221","RMQ21","O","19940401","X"
"PT222","RMQ22","O","19940401","X"
"PT247","RMQ47","O","19940401","X"
"PV100","RJY04","O","19930401","F"
"PV101","RJY01","O","19930401","F"
"PV104","RJY04","O","19930401","F"
"PV105","RJY05","O","19930401","F"
"PV112","RJY12","O","19930401","F"
"PV114","RJY14","O","19930401","F"
"PV116","RJY16","O","19930401","F"
"PV117","RJY17","O","19930401","F"
"PV119","RJY19","O","19930401","F"
"PV120","RJY20","O","19930401","F"
"PV121","RJY21","O","19930401","F"
"PV122","RJY22","O","19930401","F"
"PV123","RJY23","O","19930401","F"
"PV124","RJY24","O","19930401","F"
"PV125","RJY25","O","19930401","F"
"PV126","RJY26","O","19930401","F"
"PV128","RJY28","O","19930401","F"
"PV129","RJY29","O","19930401","F"
"PV130","RJY30","O","19930401","F"
"PV131","RJY31","O","19930401","F"
"PV132","RJY32","O","19930401","F"
"PV133","RJY33","O","19930401","F"
"PV134","RJY34","O","19930401","F"
"PV135","RJY35","O","19930401","F"
"PV136","RJY36","O","19930401","F"
"PV137","RJY37","O","19930401","F"
"Q01","Q35","R","20060701","X"
"Q02","Q35","R","20060701","X"
"Q03","Q35","R","20060701","X"
"Q04","Q36","R","20060701","X"
"Q0401","Q3601","R","20060701","X"
"Q0402","Q3602","R","20060701","X"
"Q05","Q36","R","20060701","X"
"Q06","Q36","R","20060701","X"
"Q07","Q36","R","20060701","X"
"Q08","Q36","R","20060701","X"
"Q09","Q30","R","20060701","X"
"Q10","Q30","R","20060701","X"
"Q11","Q32","R","20060701","X"
"Q12","Q32","R","20060701","X"
"Q13","Q31","R","20060701","X"
"Q14","Q31","R","20060701","X"
"Q15","Q31","R","20060701","X"
"Q16","Q38","R","20060701","X"
"Q17","Q38","R","20060701","X"
"Q18","Q37","R","20060701","X"
"Q19","Q37","R","20060701","X"
"Q20","Q39","R","20060701","X"
"Q2001","Q3901","R","20060701","X"
"Q21","Q39","R","20060701","X"
"Q22","Q39","R","20060701","X"
"Q23","Q32","R","20060701","X"
"Q2301","Q3202","R","20060701","X"
"Q2302","Q3203","R","20060701","X"
"Q24","Q33","R","20060701","X"
"Q2401","Q3301","R","20060701","X"
"Q25","Q33","R","20060701","X"
"Q26","Q34","R","20060701","X"
"Q27","Q34","R","20060701","X"
"Q2701","Q3401","R","20060701","X"
"Q2702","Q3402","R","20060701","X"
"Q28","Q34","R","20060701","X"
"Q2801","Q3403","R","20060701","X"
"Q44","Q75","R","20150401","X"
"Q45","Q74","R","20150401","X"
"Q46","Q73","R","20150401","F"
"Q47","Q73","R","20150401","F"
"Q48","Q75","R","20150401","X"
"Q49","Q74","R","20150401","X"
"Q50","Q72","R","20150401","X"
"Q51","Q72","R","20150401","X"
"Q52","Q72","R","20150401","X"
"Q53","Q77","R","20150401","X"
"Q54","Q77","R","20150401","X"
"Q55","Q76","R","20150401","X"
"Q56","Q79","R","20150401","X"
"Q57","Q79","R","20150401","X"
"Q58","Q78","R","20150401","X"
"Q59","Q78","R","20150401","X"
"Q60","Q76","R","20150401","X"
"Q61","Q71","R","20130320","X"
"Q62","Q71","R","20130320","X"
"Q63","Q71","R","20130320","X"
"Q64","Q82","R","20150401","X"
"Q65","Q80","R","20150401","X"
"Q66","Q80","R","20150401","X"
"Q67","Q81","R","20150401","X"
"Q68","Q81","R","20150401","X"
"Q69","Q82","R","20150401","X"
"Q73","Q83","R","20160401","X"
"Q73","Q84","R","20160401","X"
"Q9P07","8DY29","O","19960401",""
"QA2","Q04","R","20020401","F"
"QA3","Q04","R","20020401","F"
"QA4","QEW","R","20010401","F"
"QA5","Q06","R","20020401","F"
"QA6","Q02","R","20020401","F"
"QA7","Q16","R","20020401","F"
"QA8","Q16","R","20020401","F"
"QA9","QER","R","19990401","F"
"QAA","QEY","R","20010401","F"
"QAC","QEY","R","20010401","F"
"QAC01","8DN26","O","19960401","X"
"QAD","Q08","R","20020401","F"
"QAE","Q18","R","20020401","F"
"QAF","Q18","R","20020401","F"
"QAG","Q08","R","20020401","F"
"QAH","Q07","R","20020401","F"
"QAJ","Q08","R","20020401","F"
"QAK","Q19","R","20020401","F"
"QAL","Q19","R","20020401","F"
"QAM","Q19","R","20020401","F"
"QAN","Q19","R","20020401","F"
"QAP","Q06","R","20020401","F"
"QAQ","QEW","R","20010401","F"
"QAR","Q04","R","20020401","F"
"QAT","Q05","R","20020401","F"
"QAV","Q04","R","20020401","F"
"QAW","Q06","R","20020401","F"
"QAX","Q03","R","20020401","F"
"QAY","Q03","R","20020401","F"
"QC1","Q13","R","20020401","F"
"QC2","Q15","R","20020401","F"
"QC3","Q14","R","20020401","F"
"QC4","Q13","R","20020401","F"
"QC5","Q15","R","20020401","F"
"QC6","Q14","R","20020401","F"
"QC7","Q15","R","20020401","F"
"QC8","Q14","R","20020401","F"
"QC9","Q14","R","20020401","F"
"QCA","QET","R","19990401","F"
"QCA01","8DN15","O","19960401",""
"QCC","Q25","R","20020401","F"
"QCD","QET","R","19990401","F"
"QCD","QER","R","19990401","F"
"QCE","Q16","R","20020401","F"
"QCF","Q01","R","20020401","F"
"QCG","Q23","R","20020401","F"
"QCH","Q24","R","20020401","F"
"QCH01","8DD50","O","19960401","X"
"QCH04","8DE44","O","19960401","X"
"QCH05","8DE62","O","19960401","X"
"QCH06","8DE70","O","19960401","X"
"QCJ","Q24","R","20020401","F"
"QCK","Q23","R","20020401","F"
"QCL","Q25","R","20020401","F"
"QCM","Q24","R","20020401","F"
"QCN","Q24","R","20020401","F"
"QCP","Q24","R","20020401","F"
"QCQ","Q23","R","20020401","F"
"QCR","Q23","R","20020401","F"
"QCS03","8DF35","O","19960401","X"
"QCS04","8DG25","O","19960401","X"
"QCT","Q14","R","20020401","F"
"QCV","Q15","R","20020401","F"
"QCW","Q15","R","20020401","F"
"QCX","Q13","R","20020401","F"
"QCY","Q13","R","20020401","F"
"QD1","Q17","R","20020401","F"
"QD2","QEV","R","20010401","F"
"QD3","Q17","R","20020401","F"
"QD4","QEV","R","20010401","F"
"QD5","Q22","R","20020401","F"
"QD6","Q21","R","20020401","F"
"QD7","Q20","R","20020401","F"
"QD8","Q20","R","20020401","F"
"QD9","Q27","R","20020401","F"
"QDA","Q14","R","20020401","F"
"QDC","Q15","R","20020401","F"
"QDD","Q12","R","20020401","F"
"QDE","Q10","R","20020401","F"
"QDF","Q11","R","20020401","F"
"QDG","Q09","R","20020401","F"
"QDH","Q12","R","20020401","F"
"QDJ","Q09","R","20020401","F"
"QDK","Q13","R","20020401","F"
"QDL","Q11","R","20020401","F"
"QDM","Q09","R","20020401","F"
"QDN","Q09","R","20020401","F"
"QDP","Q10","R","20020401","F"
"QDQ","Q12","R","20020401","F"
"QDR","Q11","R","20020401","F"
"QDT","Q12","R","20020401","F"
"QDV","Q21","R","20020401","F"
"QDW","Q22","R","20020401","F"
"QDX","Q21","R","20020401","F"
"QDY","Q20","R","20020401","F"
"QEA","Q28","R","20020401","F"
"QEC","Q27","R","20020401","F"
"QED","Q28","R","20020401","F"
"QEE","Q27","R","20020401","F"
"QEF","Q26","R","20020401","F"
"QEG","Q27","R","20020401","F"
"QEH","Q26","R","20020401","F"
"QEJ","Q26","R","20020401","F"
"QEK","Q27","R","20020401","F"
"QEL","Q28","R","20020401","F"
"QEM","Q27","R","20020401","F"
"QEN","Q28","R","20020401","F"
"QEP","QEX","R","20010401","F"
"QEQ","QEX","R","20010401","F"
"QER","Q01","R","20020401","F"
"QET","Q01","R","20020401","F"
"QEV","Q17","R","20020401","F"
"QEW","Q05","R","20020401","F"
"QEX","Q02","R","20020401","F"
"QEY","Q07","R","20020401","F"
"QMK","QHM","R","20180401",""
"QPH01","8DN20","O","19960401",""
"QT8","QHM","R","20180401",""
"QVP","QHM","R","20180401",""
"R1E","RRE","R","20180601",""
"R1G","RA9","R","20151001",""
"R1J","RTQ","R","20191001",""
"RA507","RTE13","R","20020401",""
"RA507","5KW13","O","20020401","F"
"RA510","RTQ71","R","20020401",""
"RA513","RTE62","R","20020401",""
"RA514","RTE61","R","20020401",""
"RA836","RJ852","R","19990401",""
"RA837","RJ853","R","19990401",""
"RA840","RJ854","R","19990401","X"
"RA841","RJ855","R","19990401","X"
"RA842","RJ856","R","19990401","X"
"RAC07","RQS07","R","19950401","F"
"RAC15","RQS15","R","19950401","F"
"RAC98","RQS98","R","19950401","F"
"RAL28","RALRA","R","20040401",""
"RATBA","RATEV","R","20040202",""
"RATBC","RATRC","R","20040202",""
"RATBR","RATRM","R","20040202",""
"RATBU","RATRK","R","20040202",""
"RATGR","RATHW","R","20040227","X"
"RATIC","RATDC","R","20040202",""
"RATLS","RATLE","R","20040227","X"
"RATMR","RATMN","R","20040202",""
"RATOH","RATAH","R","20040202",""
"RATSF","RATFC","R","20040202",""
"RATSG","RATGG","R","20040202","X"
"RATSH","RATHH","R","20040202",""
"RATSS","RATHT","R","20040202",""
"RATST","RATTL","R","20040202",""
"RATSW","RATHR","R","20040202",""
"RATTU","RATHN","R","20040202",""
"RATWA","RATMP","R","20040202","X"
"RATWU","RATWD","R","20040202",""
"RB1","RX5","R","20060401","F"
"RB100","RX501","R","20060401","X"
"RB102","RX502","R","20060401","X"
"RB103","RX503","R","20060401","X"
"RB104","RX504","R","20060401","X"
"RB105","RX505","R","20060401","X"
"RB106","RX506","R","20060401","X"
"RB107","RX507","R","20060401","X"
"RB108","RX508","R","20060401","X"
"RB109","RX509","R","20060401","X"
"RB110","RX510","R","20060401","X"
"RB111","RX511","R","20060401","X"
"RB112","RX512","R","20060401","X"
"RB2","RV1","R","19990401","F"
"RB2AM","RV1CA","R","19990401","X"
"RB2K1","RV117","R","19990401","F"
"RB2K2","RV118","R","19990401","F"
"RB2K4","RV119","R","19990401","F"
"RB2K5","RV120","R","19990401","F"
"RB2K7","RV121","R","19990401","F"
"RB2K8","RV122","R","19990401","F"
"RB3","RJ9","R","19930401","F"
"RB301","RJ902","R","19930401","F"
"RB302","RJ903","R","19930401","F"
"RB303","RJ904","R","19930401","F"
"RB304","RJ901","R","19930401","X"
"RB304","RJ914","R","19930401","X"
"RB306","RJ911","R","19930401","F"
"RB307","RJ905","R","19930401","F"
"RB308","RJ906","R","19930401","F"
"RB309","RJ907","R","19930401","F"
"RB310","RJ909","R","19930401","X"
"RB311","RJ909","R","19930401","X"
"RB312","RJ908","R","19930401","F"
"RB313","RJ910","R","19930401","F"
"RB314","RJ912","R","19930401","X"
"RB315","RJ920","R","19930401","F"
"RB317","RJ921","R","19930401","F"
"RB318","RJ922","R","19930401","F"
"RB319","RJ923","R","19930401","F"
"RB320","RJ924","R","19930401","F"
"RB321","RJ925","R","19930401","F"
"RB322","RJ930","R","19930401","F"
"RB323","RJ931","R","19930401","F"
"RB324","RJ932","R","19930401","F"
"RB325","RJ940","R","19930401","F"
"RB326","RJ941","R","19930401","F"
"RB327","RJ942","R","19930401","F"
"RB328","RJ943","R","19930401","F"
"RB329","RJ944","R","19930401","F"
"RB330","RJ945","R","19930401","F"
"RB331","RJ946","R","19930401","X"
"RB332","RJ947","R","19930401","F"
"RB4","RYC","R","20060701",""
"RB401","RYC59","R","20060701",""
"RB402","RYC60","R","20060701",""
"RB403","RYC61","R","20060701",""
"RB411","RYC62","R","20060701",""
"RB412","RYC63","R","20060701",""
"RB413","RYC64","R","20060701",""
"RB414","RYC65","R","20060701",""
"RB415","RYC66","R","20060701",""
"RB416","RYC67","R","20060701",""
"RB417","RYC68","R","20060701",""
"RB418","RYC69","R","20060701",""
"RB421","RYC70","R","20060701",""
"RB422","RYC71","R","20060701",""
"RB423","RYC72","R","20060701",""
"RB424","RYC73","R","20060701",""
"RB425","RYC74","R","20060701",""
"RB426","RYC75","R","20060701",""
"RB427","RYC76","R","20060701",""
"RB431","RYC77","R","20060701",""
"RB432","RYC78","R","20060701",""
"RB433","RYC79","R","20060701",""
"RB434","RYC80","R","20060701",""
"RB435","RYC81","R","20060701",""
"RB436","RYC82","R","20060701",""
"RB437","RYC83","R","20060701",""
"RB438","RYC84","R","20060701",""
"RB441","RYC85","R","20060701",""
"RB442","RYC86","R","20060701",""
"RB443","RYC87","R","20060701",""
"RB444","RYC88","R","20060701",""
"RB445","RYC89","R","20060701",""
"RB447","RYC90","R","20060701",""
"RB448","RYC91","R","20060701",""
"RB449","RYC92","R","20060701",""
"RB450","RYC93","R","20060701",""
"RB451","RYC94","R","20060701",""
"RB4L0","RB401","R","20050401","F"
"RB5","RX5","R","20060401","F"
"RB500","RX519","R","20060401","X"
"RB502","RX522","R","20060401","X"
"RB503","RX523","R","20060401","X"
"RB504","RX524","R","20060401","X"
"RB505","RX515","R","20060401","X"
"RB506","RX516","R","20060401","X"
"RB507","RX517","R","20060401","X"
"RB508","RX518","R","20060401","X"
"RB510","RX520","R","20060401","X"
"RB511","RX521","R","20060401","X"
"RB6","RX7","R","20060701",""
"RB600","RX742","R","20060701",""
"RB601","RX743","R","20060701",""
"RB602","RX744","R","20060701",""
"RB603","RX745","R","20060701",""
"RB604","RX746","R","20060701",""
"RB605","RX747","R","20060701",""
"RB606","RX748","R","20060701","X"
"RB607","RX749","R","20060701",""
"RB608","RX750","R","20060701","X"
"RB609","RX751","R","20060701","X"
"RB610","RX752","R","20060701",""
"RB611","RX753","R","20060701",""
"RB612","RX754","R","20060701","X"
"RB613","RX755","R","20060701",""
"RB614","RX756","R","20060701","X"
"RB615","RX757","R","20060701",""
"RB616","RX758","R","20060701",""
"RB617","RX759","R","20060701","X"
"RB618","RX760","R","20060701",""
"RB619","RX761","R","20060701",""
"RB620","RX762","R","20060701",""
"RB621","RX763","R","20060701","X"
"RB622","RX764","R","20060701",""
"RB623","RX765","R","20060701",""
"RB624","RX766","R","20060701","X"
"RB625","RX767","R","20060701",""
"RB626","RX768","R","20060701",""
"RB627","RX769","R","20060701",""
"RB628","RX770","R","20060701",""
"RB629","RX771","R","20060701",""
"RB630","RX772","R","20060701",""
"RB631","RX773","R","20060701",""
"RB632","RX774","R","20060701",""
"RB633","RX775","R","20060701",""
"RB634","RX776","R","20060701",""
"RB635","RX777","R","20060701",""
"RB636","RX778","R","20060701",""
"RB637","RX779","R","20060701","X"
"RB638","RX780","R","20060701","X"
"RB7","RYA","R","20071001",""
"RB700","RYA65","R","20071001",""
"RB706","RYA66","R","20071001",""
"RB712","RYA67","R","20071001",""
"RB715","RYA68","R","20071001",""
"RB716","RYA69","R","20071001",""
"RB717","RYA70","R","20071001",""
"RB718","RYA71","R","20071001",""
"RB719","RYA72","R","20071001",""
"RB720","RYA73","R","20071001",""
"RB721","RYA74","R","20071001",""
"RB723","RYA75","R","20071001",""
"RB724","RYA76","R","20071001",""
"RB725","RYA77","R","20071001",""
"RB726","RYA78","R","20071001",""
"RB727","RYA79","R","20071001",""
"RB728","RYA80","R","20071001",""
"RB729","RYA81","R","20071001",""
"RB730","RYA82","R","20071001",""
"RB731","RYA83","R","20071001",""
"RB732","RYA84","R","20071001",""
"RB733","RYA85","R","20071001",""
"RB734","RYA86","R","20071001",""
"RB735","RYA87","R","20071001",""
"RB736","RYA88","R","20071001",""
"RB739","RYA89","R","20071001",""
"RB8","RX8","R","20060701",""
"RB801","RX858","R","20060701",""
"RB802","RX859","R","20060701",""
"RB803","RX860","R","20060701",""
"RB806","RX862","R","20060701",""
"RB807","RX863","R","20060701",""
"RB808","RX864","R","20060701",""
"RB809","RX865","R","20060701",""
"RB810","RX866","R","20060701",""
"RB812","RX867","R","20060701",""
"RB814","RX868","R","20060701",""
"RB815","RX869","R","20060701",""
"RB816","RX870","R","20060701",""
"RB8HQ","RX871","R","20060701",""
"RB9","RM7","R","19940401","F"
"RB9EN","RE2EN","R","19930401","F"
"RB9EP","RM7EP","R","19940401","X"
"RB9EQ","RM7EQ","R","19940401","X"
"RB9ER","RM7ER","R","19940401","F"
"RB9ET","RM7ET","R","19940401","F"
"RB9EV","RM7EV","R","19940401","X"
"RB9EW","RM7EW","R","19940401","X"
"RB9NM","RM7NM","R","19940401","F"
"RB9NN","RM7NN","R","19940401","F"
"RB9NP","RM7NP","R","19940401","F"
"RB9NQ","RM7NQ","R","19940401","F"
"RB9NS","RM7NS","R","19940401","F"
"RB9VJ","RM7VJ","R","19940401","F"
"RB9VK","RM7VK","R","19940401","F"
"RB9VL","RM7VL","R","19940401","F"
"RB9VM","RM7VM","R","19940401","F"
"RB9VN","RM7VN","R","19940401","F"
"RB9VP","RM7VP","R","19940401","F"
"RB9VQ","RM7VQ","R","19940401","F"
"RB9VR","RM7VR","R","19940401","F"
"RB9VS","RM7VS","R","19940401","F"
"RBA20","5FW02","O","20020401","F"
"RBCD1","RN6D1","R","19940401","X"
"RBG87","RRE38","R","20010401","X"
"RBH91","RRE53","R","20010401","X"
"RBJC7","RRM31","R","19980401","F"
"RC1","RC9","R","20200401",""
"RC2","RQJ","R","19940401","F"
"RC200","RQJ00","R","19940401","X"
"RC204","RQJ04","R","19940401","F"
"RC210","RQJ10","R","19940401","X"
"RC211","RQJ11","R","19940401","X"
"RC212","RQJ12","R","19940401","X"
"RC220","RQJ20","R","19940401","F"
"RC221","RQJ21","R","19940401","X"
"RC222","RQJ22","R","19940401","X"
"RC224","RQJ24","R","19940401","X"
"RC225","RQJ25","R","19940401","X"
"RC226","RQJ26","R","19940401","X"
"RC230","RQJ30","R","19940401","X"
"RC231","RQJ31","R","19940401","X"
"RC232","RQJ32","R","19940401","F"
"RC233","RQJ33","R","19940401","X"
"RC240","RQJ40","R","19940401","X"
"RC241","RQJ41","R","19940401","X"
"RC242","RQJ42","R","19940401","X"
"RC243","RQJ43","R","19940401","X"
"RC244","RQJ44","R","19940401","X"
"RC245","RQJ45","R","19940401","X"
"RC250","RQJ50","R","19940401","X"
"RC251","RQJ51","R","19940401","X"
"RC252","RQJ52","R","19940401","X"
"RC253","RQJ53","R","19940401","X"
"RC254","RQJ54","R","19940401","X"
"RC261","RQJ61","R","19940401","X"
"RC262","RQJ62","R","19940401","X"
"RC263","RQJ63","R","19940401","X"
"RC272","RQJ72","R","19940401","X"
"RC280","RQJ80","R","19940401","X"
"RC290","RQJ90","R","19940401","F"
"RC3","R1K","R","20141001",""
"RC321","R1K69","R","20150401",""
"RC4","RWH","R","20000401",""
"RC420","RWH20","R","20000401",""
"RC421","RWH21","R","20000401","F"
"RC423","RWH23","R","20000401",""
"RC424","RWH24","R","20000401","F"
"RC425","RWH25","R","20000401","X"
"RC427","RWH27","R","20000401","X"
"RC428","RWH28","R","20000401","F"
"RC450","RWH50","R","20000401",""
"RC473","RWH73","R","20000401","X"
"RC474","RWH74","R","20000401","X"
"RC476","RWH76","R","20000401","X"
"RC478","RWH78","R","20000401","X"
"RC480","RWH80","R","20000401","X"
"RC483","RWH83","R","20000401","X"
"RC484","RWH84","R","20000401","X"
"RC491","RWH91","R","20000401","X"
"RC493","RWH93","R","20000401","X"
"RC496","RWH96","R","20000401","X"
"RC497","RWH97","R","20000401","X"
"RC5","RT3","R","19980401","F"
"RC503","RT301","R","19980401","X"
"RC6","RQK","R","19940401","F"
"RC610","RQK02","R","19940401","X"
"RC620","RQK61","R","19940401","F"
"RC621","RQK52","R","19940401","X"
"RC622","RQK62","R","19940401","F"
"RC623","RQK53","R","19940401","F"
"RC624","RQK54","R","19940401","F"
"RC626","RQK55","R","19940401","X"
"RC688","RQK31","R","19940401","X"
"RC689","RQK32","R","19940401","F"
"RC690","RQK41","R","19940401","F"
"RC691","RQK33","R","19940401","F"
"RC692","RQK42","R","19940401","X"
"RC693","RQK43","R","19940401","F"
"RC694","RQK34","R","19940401","F"
"RC695","RQK35","R","19940401","F"
"RC698","RQK44","R","19940401","F"
"RC699","RQK45","R","19940401","F"
"RC7","RQK","R","19940401","F"
"RC706","RQK51","R","19940401","F"
"RC710","RQK01","R","19940401","X"
"RC720","RQK13","R","19940401","F"
"RC721","RQK11","R","19940401","F"
"RC722","RQK12","R","19940401","F"
"RC723","RQK21","R","19940401","F"
"RC724","RQK22","R","19940401","F"
"RC770","RQK91","R","19940401","F"
"RC784","RQK29","R","19940401","F"
"RC788","RQK23","R","19940401","F"
"RC789","RQK24","R","19940401","F"
"RC790","RQK25","R","19940401","F"
"RC791","RQK14","R","19940401","F"
"RC792","RQK15","R","19940401","F"
"RC793","RQK16","R","19940401","F"
"RC794","RQK17","R","19940401","X"
"RC797","RQK26","R","19940401","F"
"RC799","RQK27","R","19940401","F"
"RC8","RWR","R","20010401",""
"RC873","RWR96","R","20010401",""
"RCA","RTR","R","20020401",""
"RCA45","RTR45","R","20020401",""
"RCC","RCB","R","20120701",""
"RCD35","RCD01","R","20020401",""
"RCD42","RCD02","R","20020401",""
"RCE","5CH","O","20020401","F"
"RCE","TAD","O","20020401",""
"RCE","5CF","O","20020401","F"
"RCE","5CG","O","20020401","F"
"RCE07","5CF07","O","20020401","X"
"RCE08","TAD25","O","20020401",""
"RCE12","TAD23","O","20020401",""
"RCE14","TAD16","O","20020401",""
"RCE16","TAD17","O","20020401",""
"RCE17","TAD14","O","20020401",""
"RCE35","TAD08","O","20020401","X"
"RCE36","TAD09","O","20020401",""
"RCE37","TAD11","O","20020401","X"
"RCE38","TAD12","O","20020401",""
"RCE39","TAD19","O","20020401",""
"RCE41","TAD10","O","20020401",""
"RCE42","TAD12","O","20020401",""
"RCE42","5CG42","O","20020401","F"
"RCE43","TAD10","O","20020401",""
"RCE44","TAD10","O","20020401",""
"RCE45","TAD10","O","20020401",""
"RCE60","TAD20","O","20020401","X"
"RCEEB","5CHEB","O","20020401","F"
"RCEFB","5CGFB","O","20020401","F"
"RCEFB","TAD13","O","20020401","X"
"RCEFC","5CHFC","O","20020401","F"
"RCEFI","5CGFI","O","20020401","F"
"RCEFI","5CFFI","O","20020401","F"
"RCEFM","TAD18","O","20020401",""
"RCEFM","5CGFM","O","20020401","F"
"RCEFQ","5CGFQ","O","20020401","F"
"RCEFT","5CFFT","O","20020401","F"
"RCEFX","5CHFX","O","20020401","F"
"RCEHA","TAD57","O","20020401",""
"RCEHE","TAD22","O","20020401",""
"RCEHF","TAD62","O","20020401",""
"RCEHF","TAD55","O","20020401",""
"RCEHF","TAD56","O","20020401","X"
"RCEJA","5CFJA","O","20020401","F"
"RCEJA","5CGJA","O","20020401","F"
"RCEJB","5CGJB","O","20020401","F"
"RCEJD","5CGJD","O","20020401","F"
"RCEJD","5CHJD","O","20020401","F"
"RCEJD","5CFJD","O","20020401","F"
"RCEJE","5CGJE","O","20020401","F"
"RCEJH","5CGJH","O","20020401","F"
"RCEJH","5CFJH","O","20020401","F"
"RCEJI","5CHJI","O","20020401","F"
"RCEJK","5CFJK","O","20020401","F"
"RCEJL","5CFJL","O","20020401","F"
"RCEJN","5CFJN","O","20020401","F"
"RCEJN","TAD63","O","20020401",""
"RCEJN","5CGJN","O","20020401","F"
"RCENC","TAD66","O","20020401",""
"RCEXG","TAD65","O","20020401",""
"RCFXB","TAD05","O","20020401",""
"RCFXC","TAD03","O","20020401",""
"RCG","RM6","R","19940401","F"
"RCGDN","RM6DN","R","19940401","F"
"RCGDY","RM6DY","R","19940401","X"
"RCGEA","RM6EA","R","19940401","F"
"RCGEB","RM6EB","R","19940401","X"
"RCGEE","RM6EE","R","19940401","X"
"RCGJK","RM6JK","R","19940401","F"
"RCGJL","RM6JL","R","19940401","F"
"RCGJM","RM6JM","R","19940401","X"
"RCH","RVX","R","19990401","F"
"RCH","RVW","R","19990401",""
"RCHAE","RVWAE","R","19990401",""
"RCHAE","RVXAE","R","19990401","F"
"RCHAF","RVXAF","R","19990401","F"
"RCHAG","RVXTR","R","19990401","F"
"RCHKC","RVWKC","R","19990401","X"
"RCHKD","RVWKD","R","19990401","X"
"RCHKE","RVWKE","R","19990401","X"
"RCHKF","RVWKF","R","19990401","X"
"RCHKF","RVXEH","R","19990401","X"
"RCHKG","RVWKG","R","19990401","X"
"RCHKH","RVWKH","R","19990401","X"
"RCHTD","RVWTD","R","19990401","X"
"RCHTE","RVWTE","R","19990401","X"
"RCHTF","RVXTF","R","19990401","X"
"RCHTF","RVWTF","R","19990401","X"
"RCHZ5","RVWZ5","R","19990401","X"
"RCJ","RTR","R","20020401",""
"RCJAH","RTRAH","R","20020401","X"
"RCJAJ","RTRAJ","R","20020401","X"
"RCJAL","RTRAL","R","20020401","X"
"RCJAQ","RTRAQ","R","20020401",""
"RCJAT","RTRAT","R","20020401",""
"RCJYD","RTRYD","R","20020401",""
"RCK","RTD","R","19980401",""
"RCKDR","RTF","O","19980401",""
"RCKDR","RTFDR","R","19980401",""
"RCKDU","RTFDU","R","19980401",""
"RCKEY","RTD02","R","19980401",""
"RCKFC","RTD03","R","19980401",""
"RCKFK","RTD04","R","19980401",""
"RCL","RT6","R","19990401","F"
"RCL38","RT638","R","19990401","F"
"RCL39","RT672","R","19990401","X"
"RCL40","RT640","R","19990401","X"
"RCL50","RT620","R","19990401","F"
"RCL51","RT648","R","19990401","X"
"RCL52","RT652","R","19990401","X"
"RCL53","RT632","R","19990401","X"
"RCL54","RT655","R","19990401","X"
"RCL56","RT656","R","19990401","X"
"RCL57","RT647","R","19990401","X"
"RCL58","RT628","R","19990401","X"
"RCL59","RT629","R","19990401","X"
"RCL63","RT663","R","19990401","X"
"RCL64","RT634","R","19990401","X"
"RCL65","RT635","R","19990401","F"
"RCL66","RT666","R","19990401","X"
"RCL67","RT637","R","19990401","X"
"RCL68","RT639","R","19990401","X"
"RCL69","RT636","R","19990401","X"
"RCL72","RT627","R","19990401","F"
"RCL73","RT673","R","19990401","X"
"RCL74","RT644","R","19990401","X"
"RCL75","RT645","R","19990401","X"
"RCL76","RT676","R","19990401","X"
"RCL77","RT677","R","19990401","F"
"RCL78","RT678","R","19990401","F"
"RCL79","RT679","R","19990401","F"
"RCL80","RT680","R","19990401","F"
"RCL81","RT681","R","19990401","X"
"RCL83","RT683","R","19990401","X"
"RCL87","RT687","R","19990401","F"
"RCL88","RT689","R","19990401","X"
"RCL94","RT694","R","19990401","X"
"RCL95","RT695","R","19990401","X"
"RCL96","RT696","R","19990401","F"
"RCL97","RT697","R","19990401","F"
"RCL98","RT698","R","19990401","X"
"RCL99","RT699","R","19990401","F"
"RCM","RQQ","R","19950401","F"
"RCM01","RQQ01","R","19950401","X"
"RCM02","RQQ02","R","19950401","X"
"RCM03","RQQ03","R","19950401","X"
"RCM04","RQQ04","R","19950401","X"
"RCM05","RQQ05","R","19950401","X"
"RCM06","RQQ06","R","19950401","X"
"RCM07","RQQ07","R","19950401","X"
"RCM08","RQQ08","R","19950401","X"
"RCM09","RQQ09","R","19950401","X"
"RCM31","RQQ31","R","19950401","X"
"RCN","5JE","O","20020401","X"
"RCNAB","5JE02","O","20020401","X"
"RCNAD","5JE01","O","20020401","X"
"RCNAE","5JE04","O","20020401","X"
"RCNAF","5JE03","O","20020401","X"
"RCNAG","5JECR","O","20020401","X"
"RCNAH","5JECS","O","20020401","X"
"RCNAJ","5JECQ","O","20020401","X"
"RCNAK","5JECX","O","20020401","X"
"RCNAL","5JECH","O","20020401","X"
"RCNAM","5JECB","O","20020401","X"
"RCNAN","5JECK","O","20020401","X"
"RCNAP","5JECJ","O","20020401","X"
"RCNAR","5JECV","O","20020401","X"
"RCNAT","5JECT","O","20020401","X"
"RCNBD","5JECC","O","20020401","X"
"RCNBE","5JECP","O","20020401","X"
"RCNBF","5JECA","O","20020401","X"
"RCNBG","5JECL","O","20020401","X"
"RCNBH","5JECM","O","20020401","X"
"RCNBK","5JECY","O","20020401","X"
"RCNBL","5JECN","O","20020401","X"
"RCNBM","5JECW","O","20020401","X"
"RCNBN","5JECD","O","20020401","X"
"RCNBP","5JECG","O","20020401","X"
"RCNBR","5JECU","O","20020401","X"
"RCNBT","5JECF","O","20020401","X"
"RCP","5ET","O","20010401","X"
"RCP","RHA","R","20010401",""
"RCP","RP5","R","20010401",""
"RCPAA","RHAAA","R","20010401",""
"RCPAA","RP5BA","R","20010401",""
"RCPAC","5ETAC","O","20010401","X"
"RCPAC","RP5RE","R","20010401",""
"RCPAF","RHAAF","R","20010401",""
"RCPAH","5ETAH","O","20010401","X"
"RCPAJ","5ETAJ","O","20010401","X"
"RCPAL","5ETAL","O","20010401","X"
"RCQ","RWC","R","19991001","F"
"RCR","RVP","R","19990401","F"
"RCRKA","RVPKA","R","19990401","F"
"RCRLB","RVPLB","R","19990401","F"
"RCRLG","RVPLG","R","19990401","F"
"RCRLJ","RVPLJ","R","19990401","F"
"RCRLT","RVPLT","R","19990401","F"
"RCRNA","RVPNA","R","19990401","F"
"RCRNB","RVPNB","R","19990401","F"
"RCRNG","RVPNG","R","19990401","F"
"RCRNH","RVPNH","R","19990401","F"
"RCRNM","RVPNM","R","19990401","F"
"RCRNW","RVPNW","R","19990401","F"
"RCRNY","RVPNY","R","19990401","F"
"RCRPA","RVPPA","R","19990401","F"
"RCRPB","RVPPB","R","19990401","F"
"RCRPC","RVPPC","R","19990401","F"
"RCRRD","RVPRD","R","19990401","F"
"RCS","RX1","R","20060401",""
"RCSBC","RX1KM","R","20060401","X"
"RCSHP","RX1HP","R","20060401",""
"RCSLB","RX1CC","R","20060401",""
"RCSLE","RX1LE","R","20060401",""
"RCT","5EM","O","20010401","X"
"RCT","5FC","O","20010401","F"
"RCT","5EC","O","20010401","F"
"RCT","5EV","O","20010401","F"
"RCTKA","RCTVA","R","19940401","X"
"RCTMB","5FC05","O","20010401","F"
"RCTMH","5FC07","O","20010401","F"
"RCTMZ","5FC09","O","20010401","F"
"RCTNC","5FC03","O","20010401","F"
"RCTND","5FC04","O","20010401","F"
"RCUJD","RCUEF","R","19991123",""
"RCV","RHQ","R","20010401",""
"RCVEA","RHQCC","R","20010401",""
"RCVFA","RHQHH","R","20010401",""
"RCVFN","RHQNG","R","20010401",""
"RCVWP","RHQWP","R","20010401",""
"RCW","RCV","R","19990401","F"
"RCWFL","RCVWP","R","19990401","F"
"RCY","RTK","R","19980401",""
"RCY03","RTK02","R","19980401",""
"RCZ","RRP","R","20010401","F"
"RCZ","5A9","O","20010401","X"
"RD2","5DH","O","20010401","F"
"RD2","5FX","O","20010401","F"
"RD2","5FL","O","20010401","X"
"RD204","5DH02","O","20010401","F"
"RD205","5DH01","O","20010401","F"
"RD208","5DH04","O","20010401","F"
"RD221","5FX28","O","20010401","F"
"RD229","5FL29","O","20010401","X"
"RD232","5FL32","O","20010401","X"
"RD3","R0D","R","20201001",""
"RD300","R0D01","R","20201001",""
"RD301","R0D12","R","20201001",""
"RD304","R0D01","R","20201001",""
"RD310","R0D0K","R","20201001",""
"RD311","R0D0L","R","20201001",""
"RD312","R0D02","R","20201001",""
"RD313","R0D07","R","20201001",""
"RD321","R0D14","R","20201001",""
"RD322","R0D15","R","20201001",""
"RD323","R0D13","R","20201001",""
"RD324","R0D0I","R","20201001",""
"RD325","R0D12","R","20201001",""
"RD331","R0D0R","R","20201001",""
"RD332","R0D0Z","R","20201001",""
"RD333","R0D10","R","20201001","X"
"RD334","R0D0W","R","20201001",""
"RD336","R0D0V","R","20201001",""
"RD340","R0D0T","R","20201001","X"
"RD341","R0D0Y","R","20201001","X"
"RD342","R0D0S","R","20201001","X"
"RD343","R0D0N","R","20201001","X"
"RD344","R0D0P","R","20201001",""
"RD345","R0D0Q","R","20201001","X"
"RD346","R0D0X","R","20201001","X"
"RD347","R0D0O","R","20201001",""
"RD348","R0D0U","R","20201001","X"
"RD3JH","R0D04","R","20201001",""
"RD4","RVQ","R","19991001","F"
"RD401","RVQ11","R","19991001","F"
"RD403","RVQ03","R","19991001","F"
"RD404","RVQ04","R","19991001","F"
"RD405","RVQ05","R","19991001","F"
"RD406","RVQ06","R","19991001","F"
"RD407","RVQ07","R","19991001","F"
"RD408","RVQ08","R","19991001","F"
"RD410","RVQ10","R","19991001","F"
"RD412","RVQ12","R","19991001","X"
"RD419","RVQ19","R","19991001","X"
"RD421","RVQ21","R","19991001","X"
"RD423","RVQ23","R","19991001","X"
"RD424","RVQ24","R","19991001","X"
"RD429","RVQ29","R","19991001","X"
"RD430","RVQ30","R","19991001","X"
"RD432","RVQ32","R","19991001","X"
"RD438","RVQ38","R","19991001","X"
"RD449","RVQ49","R","19991001","F"
"RD455","RVQ55","R","19991001","X"
"RD456","RVQ56","R","19991001","X"
"RD458","RVQ58","R","19991001","X"
"RD478","RVQ78","R","19991001","X"
"RD479","RVQ79","R","19991001","X"
"RD483","RVQ83","R","19991001","X"
"RD484","RVQ84","R","19991001","X"
"RD485","RVQ85","R","19991001","X"
"RD486","RVQ86","R","19991001","X"
"RD489","RVQ89","R","19991001","F"
"RD491","RVQ91","R","19991001","F"
"RD492","RVQ92","R","19991001","F"
"RD493","RVQ93","R","19991001","F"
"RD494","RVQ94","R","19991001","F"
"RD495","RVQ95","R","19991001","F"
"RD498","RVQ98","R","19991001","X"
"RD4Z1","RVQZ1","R","19991001","X"
"RD5","5DP","O","20010401","F"
"RD5","RWT","R","20010401","X"
"RD510","RWT01","R","20010401","F"
"RD519","8ET18","O","19970401","X"
"RD6","RWX","R","20010401",""
"RD658","RWX58","R","20010401",""
"RD659","RWX59","R","20010401","X"
"RD660","RWX60","R","20010401","X"
"RD665","RWX65","R","20010401","X"
"RD7","RDU","R","20141001",""
"RD9","4CJ51","O","20001001","F"
"RD9","5CQ","O","20001001","X"
"RDA","5K5","O","20020401","X"
"RDA","5LC","O","20020401","X"
"RDA","5LA","O","20020401","X"
"RDA03","5LA05","O","20020401","X"
"RDA07","5LA06","O","20020401","X"
"RDA31","5K501","O","20020401","X"
"RDA32","5K502","O","20020401","X"
"RDA36","5K503","O","20020401","X"
"RDA37","5K504","O","20020401","X"
"RDA52","5LA07","O","20020401","X"
"RDA55","5LC07","O","20020401","X"
"RDA56","5LC08","O","20020401","X"
"RDA59","5LC09","O","20020401","X"
"RDA60","5LC10","O","20020401","X"
"RDA71","5K505","O","20020401","X"
"RDA72","5K506","O","20020401","X"
"RDA74","5K507","O","20020401","X"
"RDA75","5K508","O","20020401","X"
"RDA76","5K509","O","20020401","X"
"RDA78","5K510","O","20020401","X"
"RDA79","5K511","O","20020401","X"
"RDA80","5K512","O","20020401","X"
"RDA81","5K513","O","20020401","X"
"RDA82","5K514","O","20020401","X"
"RDA84","5K515","O","20020401","X"
"RDA85","5K516","O","20020401","X"
"RDA90","5LA08","O","20020401","X"
"RDA91","5LA09","O","20020401","X"
"RDA92","5LA10","O","20020401","X"
"RDA93","5LC11","O","20020401","X"
"RDA96","5LC12","O","20020401","X"
"RDA97","5LA11","O","20020401","X"
"RDA99","5K517","O","20020401","X"
"RDB","RV7","R","19990401","F"
"RDB03","RV70L","R","19990401","F"
"RDB05","RV70M","R","19990401","F"
"RDB06","RV70N","R","19990401","F"
"RDB07","RV70P","R","19990401","F"
"RDB08","RV70Q","R","19990401","F"
"RDB24","RV70A","R","19990401","F"
"RDB26","RV70C","R","19990401","F"
"RDB27","RV70D","R","19990401","F"
"RDB28","RV70E","R","19990401","X"
"RDB29","RV70F","R","19990401","F"
"RDB30","RV70G","R","19990401","F"
"RDB31","RV70H","R","19990401","X"
"RDB33","RV78F","R","19990401","X"
"RDB37","RV70J","R","19990401","F"
"RDB38","RV70K","R","19990401","F"
"RDB40","RV73F","R","19990401","F"
"RDB41","RV71L","R","19990401","X"
"RDB43","RV76C","R","19990401","X"
"RDB48","RV76X","R","19990401","X"
"RDB49","RV78A","R","19990401","X"
"RDB79","RV76A","R","19990401","X"
"RDB80","RV76E","R","19990401","X"
"RDB82","RV73E","R","19990401","X"
"RDB83","RV76Y","R","19990401","X"
"RDB84","RV76G","R","19990401","X"
"RDB85","RV76H","R","19990401","X"
"RDB86","RV73A","R","19990401","X"
"RDB87","RV73C","R","19990401","X"
"RDB88","RV73D","R","19990401","X"
"RDB89","RV76J","R","19990401","X"
"RDB90","RV76K","R","19990401","X"
"RDB91","RV76K","R","19990401","X"
"RDB92","RV76L","R","19990401","X"
"RDB93","RV76M","R","19990401","X"
"RDB94","RV76N","R","19990401","X"
"RDB97","RV79A","R","19990401","X"
"RDB99","RV79C","R","19990401","X"
"RDC","RVL","R","19990401","X"
"RDC01","RVL01","R","19990401","X"
"RDC07","RVL07","R","19990401","X"
"RDD","RAJ","R","20200401",""
"RDF","RAT","R","20010401",""
"RDF","5C6","O","20010401","F"
"RDF","5C8","O","20010401","F"
"RDF","RGC","R","20010401","F"
"RDF","5C7","O","20010401","F"
"RDFK0","RATK0","R","20010401","X"
"RDFK2","RGCK2","R","20010401","X"
"RDFK5","5C7K5","O","20010401","F"
"RDFK6","5C6K6","O","20010401","F"
"RDFK9","5C6K9","O","20010401","F"
"RDFKA","5C6KA","O","20010401","F"
"RDFKB","5C6KB","O","20010401","F"
"RDFKH","RGCKH","R","20010401","X"
"RDFKJ","RGCKJ","R","20010401","X"
"RDFKV","RATKV","R","20010401","X"
"RDFKW","RATKW","R","20010401","X"
"RDG","RQ8","R","19950401","F"
"RDGL0","RQ8L0","R","19950401","X"
"RDGLF","RQ8LF","R","19950401","X"
"RDGLG","RQ8LG","R","19950401","X"
"RDGLH","RQ8LH","R","19950401","X"
"RDGLJ","RQ8LJ","R","19950401","X"
"RDGLK","RQ8LK","R","19950401","X"
"RDGLL","RQ8LL","R","19950401","X"
"RDH","5GM","O","20030401","F"
"RDHJ7","RDHKA","R","19940401","X"
"RDHJ7","RDHKB","R","19940401","X"
"RDHJ7","RDHKC","R","19940401","X"
"RDJ","RRD","R","20010401","F"
"RDJA1","RRDA1","R","20010401","X"
"RDJA2","RRDA2","R","20010401","X"
"RDJA3","RRDA3","R","20010401","X"
"RDJA4","RRDA4","R","20010401","X"
"RDJA5","RRDA5","R","20010401","X"
"RDJA6","RRDA6","R","20010401","X"
"RDJA7","RRDA7","R","20010401","X"
"RDJA8","RRDA8","R","20010401","X"
"RDJA9","RRDA9","R","20010401","X"
"RDJB1","RRDB1","R","20010401","F"
"RDJB3","RRDB3","R","20010401","X"
"RDJB4","RRDB4","R","20010401","F"
"RDJB5","RRDB5","R","20010401","X"
"RDJB7","RRDB7","R","20010401","X"
"RDJB8","RRDB8","R","20010401","F"
"RDJB9","RRDB9","R","20010401","X"
"RDJC1","RRDC1","R","20010401","X"
"RDJC2","RRDC2","R","20010401","X"
"RDJC3","RRDC3","R","20010401","X"
"RDJC5","RRDC5","R","20010401","X"
"RDJC6","RRDC6","R","20010401","X"
"RDJE0","RRDE0","R","20010401","X"
"RDJE1","RRDE1","R","20010401","X"
"RDJE2","RRDE2","R","20010401","X"
"RDJE3","RRDE3","R","20010401","X"
"RDJE5","RRDE5","R","20010401","X"
"RDJE6","RDJC6","R","20000925","F"
"RDJE8","RRDE8","R","20010401","X"
"RDJE9","RRDE9","R","20010401","X"
"RDJEE","RRDEE","R","20010401","X"
"RDJZK","RRDZK","R","20010401","X"
"RDK","RWN","R","20000401","F"
"RDK06","RWND3","R","20000401","X"
"RDKA0","RWN11","R","20000401","X"
"RDKA2","RWN20","R","20000401","X"
"RDKA3","RWNF9","R","20000401","X"
"RDKA4","RWNE7","R","20000401","X"
"RDKA5","RWND6","R","20000401","X"
"RDKA6","RWNF0","R","20000401","X"
"RDKAG","RWNE0","R","20000401","X"
"RDKAJ","RWN15","R","20000401","X"
"RDKAK","RWNF3","R","20000401","X"
"RDKAL","RWNF4","R","20000401","X"
"RDKAN","RWNG0","R","20000401","X"
"RDKAP","RWNG4","R","20000401","X"
"RDKAQ","RWNG7","R","20000401","X"
"RDKAW","RWNE6","R","20000401","X"
"RDKAY","RWN13","R","20000401","X"
"RDKWC","RWN14","R","20000401","X"
"RDKWD","RWN16","R","20000401","X"
"RDKWF","RWNF5","R","20000401","X"
"RDL","RXC","R","20020401",""
"RDL01","RXC02","R","20020401",""
"RDL05","RXC05","R","20020401","X"
"RDM","RXC","R","20020401",""
"RDM","RXD","R","20020401","F"
"RDM01","RXC01","R","20020401",""
"RDM03","RXC03","R","20020401",""
"RDM20","RXDDN","R","20020401","F"
"RDM35","RXDDT","R","20020401","F"
"RDN","RR3","R","19970401","F"
"RDP","RV4","R","19990401","F"
"RDP03","RV403","R","19990401","F"
"RDQ","5A7","O","20010401","X"
"RDR03","5LT01","O","20020401","F"
"RDR12","5LT12","O","20030401","F"
"RDR14","RX201","R","20060401",""
"RDR16","RX202","R","20060401",""
"RDR17","RX203","R","20060401",""
"RDR48","5LT02","O","20020401","F"
"RDR49","RX204","R","20060401","X"
"RDR51","RXDDF","R","20020401","F"
"RDRAD","RX205","R","20060401",""
"RDRAL","RX206","R","20060401",""
"RDRCP","RX207","R","20060401",""
"RDRDS","RX208","R","20060401",""
"RDRDU","RX209","R","20060401",""
"RDRFE","RXDDX","R","20020401","F"
"RDRHP","RX210","R","20060401",""
"RDRKJ","RX211","R","20060401",""
"RDRKL","RX212","R","20060401",""
"RDRMV","RX213","R","20060401",""
"RDRNV","RX214","R","20060401",""
"RDROH","RXDDW","R","20020401","F"
"RDROS","RX215","R","20060401",""
"RDRPC","RXDDY","R","20020401","F"
"RDRSS","RX216","R","20060401",""
"RDRTT","RX217","R","20060401","X"
"RDS","RTL","R","19980401","F"
"RDT","RV5","R","19990401",""
"RDT","RV4","R","19990401","F"
"RDT10","RV410","R","19990401","X"
"RDV","RTK","R","19980401",""
"RDV01","RTK01","R","19980401",""
"RDW","RQZ","R","19950401","F"
"RDW01","RQZ07","R","19950401","X"
"RDW02","RQZ03","R","19950401","F"
"RDW03","RQZ05","R","19950401","F"
"RDW04","RQZ04","R","19950401","F"
"RDW05","RQZ17","R","19950401","X"
"RDW06","RQZ18","R","19950401","X"
"RDW07","RQZ08","R","19950401","X"
"RDW08","RQZ14","R","19950401","X"
"RDW09","RQZ06","R","19950401","X"
"RDW10","RQZ10","R","19950401","X"
"RDW11","RQZ09","R","19950401","X"
"RDW12","RQZ19","R","19950401","X"
"RDW14","RQZ12","R","19950401","X"
"RDW15","RQZ11","R","19950401","X"
"RDW16","RQZ20","R","19950401","X"
"RDW18","RQZ13","R","19950401","X"
"RDX","RVN","R","19990401",""
"RDX03","RVN6L","R","19990401","X"
"RDX05","RVN6D","R","19990401","X"
"RDX15","RVN7E","R","19990401","X"
"RDX18","RVN2C","R","19990401","X"
"RDX24","RVN7A","R","19990401","X"
"RDX29","RVN2K","R","19990401",""
"RDX30","RVN2A","R","19990401",""
"RDX32","RVN2B","R","19990401",""
"RDX35","RVN6C","R","19990401",""
"RDX38","RVN6G","R","19990401","X"
"RDX49","RVN6N","R","19990401","X"
"RDX56","RVN2F","R","19990401","X"
"RDX81","RVN2G","R","19990401","X"
"RDX92","RVN6M","R","19990401","X"
"RDZ","R0D","R","20201001",""
"RDZ00","R0D02","R","20201001",""
"RDZ01","R0D11","R","20201001",""
"RDZ05","R0D03","R","20201001",""
"RDZ10","R0D0H","R","20201001",""
"RDZ11","R0D05","R","20201001",""
"RDZ12","R0D06","R","20201001",""
"RDZ14","R0D09","R","20201001",""
"RDZ15","R0D0B","R","20201001",""
"RDZ16","R0D01","R","20201001",""
"RDZ17","R0D0I","R","20201001",""
"RDZ19","R0D0J","R","20201001",""
"RDZ20","R0D02","R","20201001",""
"RDZ21","R0D0K","R","20201001",""
"RDZ22","R0D0E","R","20201001",""
"RDZ30","R0D0C","R","20201001",""
"RDZ50","R0D08","R","20201001",""
"RDZ52","R0D04","R","20201001",""
"RDZ53","R0D0F","R","20201001",""
"RDZ54","R0D0G","R","20201001",""
"RDZMF","R0D0A","R","20201001",""
"RE1","RRW","R","19960401","F"
"RE1DB","RRWDB","R","19960401","X"
"RE1DF","RRWDF","R","19960401","F"
"RE1DG","RRWDG","R","19960401","F"
"RE1HJ","RRWHJ","R","19960401","F"
"RE1JN","RRWJN","R","19960401","F"
"RE2","RR7","R","19980401",""
"RE2EM","RR7EM","R","19980401",""
"RE2EN","RR7EN","R","19980401",""
"RE3","RTY","R","19980401","F"
"RE302","RTY57","R","19980401","F"
"RE303","RTY65","R","19980401","F"
"RE304","RTY67","R","19980401","F"
"RE305","RTY67","R","19980401","F"
"RE306","RTY63","R","19980401","X"
"RE3BP","RTY65","R","19980401","F"
"RE3BV","RTY61","R","19980401","F"
"RE3HS","RTY67","R","19980401","F"
"RE3JS","RTY55","R","19980401","F"
"RE3JT","RTY60","R","19980401","F"
"RE3KW","RTY66","R","19980401","F"
"RE3KX","RTY68","R","19980401","F"
"RE3KY","RTY52","R","19980401","F"
"RE3SJ","RTY54","R","19980401","F"
"RE3UL","RTY53","R","19980401","F"
"RE3XN","RTY56","R","19980401","F"
"RE3XP","RTY58","R","19980401","F"
"RE4","RVX","R","19990401","F"
"RE4AN","RVXAN","R","19990401","F"
"RE4AQ","RVXAQ","R","19990401","X"
"RE4AR","RVXAR","R","19990401","X"
"RE4AS","RVXAS","R","19990401","F"
"RE4AU","RVXAU","R","19990401","F"
"RE4AV","RVXAV","R","19990401","F"
"RE4AW","RVXAW","R","19990401","X"
"RE4BC","RVXBC","R","19990401","F"
"RE4BE","RVXBE","R","19990401","F"
"RE4BF","RVXBF","R","19990401","X"
"RE4KJ","RVXKJ","R","19990401","X"
"RE4KK","RVXKK","R","19990401","X"
"RE4KL","RVXKL","R","19990401","X"
"RE4KM","RVXKM","R","19990401","X"
"RE4KN","RVXKN","R","19990401","X"
"RE4KP","RVXKP","R","19990401","X"
"RE4RQ","RVXRQ","R","19990401","X"
"RE4TG","RVXTG","R","19990401","X"
"RE4TH","RVXTH","R","19990401","X"
"RE4TJ","RVXTJ","R","19990401","X"
"RE4TK","RVXTK","R","19990401","F"
"RE4TL","RVXTL","R","19990401","X"
"RE4TQ","RVXTQ","R","19990401","X"
"RE4TS","RVXTS","R","19990401","X"
"RE4TT","RVXTT","R","19990401","X"
"RE4TV","RVXTV","R","19990401","X"
"RE4TW","RVXTW","R","19990401","X"
"RE4TX","RVXTX","R","19990401","X"
"RE4TY","RVXTY","R","19990401","X"
"RE4WX","RVXWX","R","19990401","X"
"RE4WY","RVXWY","R","19990401","X"
"RE4XB","RVXXB","R","19990401","X"
"RE4XT","RVXXT","R","19990401","X"
"RE4XW","RVXXW","R","19990401","X"
"RE4XX","RVXXX","R","19990401","X"
"RE4XY","RVXXY","R","19990401","F"
"RE4YE","RVXYE","R","19990401","X"
"RE5","RTX","R","19980401",""
"RE5BW","RTXBW","R","19980401",""
"RE6","RX7","R","20060701",""
"RE600","RX787","R","20060701",""
"RE6A4","RX785","R","20060701",""
"RE6L1","RX794","R","20060701","X"
"RE6L2","RX785","R","20060701",""
"RE6L3","RX798","R","20060701",""
"RE6L4","RX793","R","20060701",""
"RE6L5","RX795","R","20060701",""
"RE6L6","RX784","R","20060701",""
"RE6L8","RX788","R","20060701",""
"RE6L9","RX796","R","20060701",""
"RE6M1","RX781","R","20060701",""
"RE6M2","RX792","R","20060701",""
"RE6M3","RX797","R","20060701","X"
"RE6M4","RX791","R","20060701",""
"RE6M5","RX783","R","20060701","X"
"RE6M6","RX789","R","20060701",""
"RE6M7","RX790","R","20060701",""
"RE6M8","RX782","R","20060701",""
"RE7","RNN","R","20010401",""
"RE7","RNL","R","20010401","F"
"RE7BX","5D5BX","O","20010401","F"
"RE7BX","RNNBX","R","20010401",""
"RE7BX","RNLBX","R","20010401","X"
"RE7BY","RNNBY","R","20010401","X"
"RE7BY","5D6BY","O","20010401","F"
"RE7CA","5D6CA","O","20010401","F"
"RE7CA","RNNCA","R","20010401",""
"RE7CB","RNNCB","R","20010401",""
"RE7CB","5D6CB","O","20010401","F"
"RE7CC","5D6CC","O","20010401","F"
"RE7CC","RNNCC","R","20010401",""
"RE7CG","RNNCG","R","20010401",""
"RE7LA","RNNLA","R","20010401",""
"RE7LA","5D6LA","O","20010401","F"
"RE7UR","5D6UR","O","20010401","F"
"RE7US","RNNUS","R","20010401",""
"RE7US","5D6US","O","20010401","F"
"RE7UT","RNNUT","R","20010401",""
"RE7UT","5D6UT","O","20010401","F"
"RE8","RNP","R","20010401","F"
"RE801","RNP01","R","20010401","F"
"RE802","RNP02","R","20010401","F"
"RE803","RNP03","R","20010401","F"
"RE804","RNP04","R","20010401","F"
"RE805","RNP05","R","20010401","F"
"RE806","RNP06","R","20010401","F"
"RE807","RNP07","R","20010401","F"
"RE808","RNP08","R","20010401","F"
"RE809","RNP09","R","20010401","F"
"RE810","RNP10","R","20010401","F"
"RE811","RNP11","R","20010401","F"
"RE812","RNP12","R","20010401","F"
"RE813","RNP13","R","20010401","F"
"RE814","RNP14","R","20010401","F"
"RE815","RNP15","R","20010401","F"
"RE816","RNP16","R","20010401","F"
"RE817","RNP17","R","20010401","F"
"RE818","RNP18","R","20010401","F"
"RE819","RNP19","R","20010401","F"
"RE820","RNP20","R","20010401","F"
"RE821","RNP21","R","20010401","F"
"RE822","RNP22","R","20010401","F"
"RE823","RNP23","R","20010401","F"
"RE824","RNP24","R","20010401","F"
"RE825","RNP25","R","20010401","F"
"RE826","RNP26","R","20010401","F"
"RE827","RNP27","R","20010401","F"
"RE828","RNP28","R","20010401","F"
"RE829","RNP29","R","20010401","F"
"RE830","RNP30","R","20010401","F"
"RE8DP","RNPDP","R","20010401","F"
"RE9","R0B","R","20190401",""
"RE904","R0B0E","R","20190401",""
"RE905","R0B0Y","R","20190401",""
"RE908","R0B0V","R","20190401",""
"RE916","R0B04","R","20190401",""
"RE920","R0B19","R","20190401",""
"RE921","R0B13","R","20190401",""
"RE922","R0B0U","R","20190401",""
"RE924","R0B0A","R","20190401",""
"RE925","R0B0J","R","20190401",""
"RE937","R0B0T","R","20190401",""
"RE938","R0B0S","R","20190401",""
"RE961","R0B0G","R","20190401",""
"RE986","R0B0H","R","20190401",""
"RE9GC","R0B1A","R","20190401",""
"REA","RWV","R","20010401",""
"REA","5FT","O","20010401","F"
"REA","5FR","O","20010401","F"
"REA","5FV","O","20010401","F"
"REA10","5FV10","O","20010401","F"
"REA10","RH810","R","20010401","X"
"REA11","5FV11","O","20010401","F"
"REA11","RWV13","R","20010401",""
"REA23","RWV24","R","20010401","X"
"REA23","5FV23","O","20010401","F"
"REA30","RH830","R","20010401","X"
"REA30","5FV30","O","20010401","F"
"REA40","RH840","R","20010401","X"
"REA40","5FT40","O","20010401","F"
"REA42","RWV42","R","20010401","X"
"REA43","RH843","R","20010401","X"
"REA43","5FT43","O","20010401","F"
"REA44","RH844","R","20010401","X"
"REA44","5FT44","O","20010401","F"
"REA46","RH846","R","20010401","X"
"REA46","5FT46","O","20010401","F"
"REA47","RWV47","R","20010401",""
"REA50","RH850","R","20010401","X"
"REA50","5FT50","O","20010401","F"
"REA52","RWV52","R","20010401",""
"REA56","5FT56","O","20010401","F"
"REA62","RWV62","R","20010401",""
"REA67","RWV67","R","20010401",""
"REA70","RWV72","R","20010401",""
"REA70","RWV70","R","20010401",""
"REA70","RWV73","R","20010401",""
"REA71","RWV71","R","20010401",""
"REA88","RWV88","R","20010401",""
"REA89","RWV89","R","20010401","X"
"REA90","RH890","R","20010401","X"
"REA90","5FT90","O","20010401","F"
"REA92","RWV92","R","20010401","X"
"REA93","RWV93","R","20010401",""
"REA94","RWV94","R","20010401",""
"REA96","RWV96","R","20010401","X"
"REA98","RWV98","R","20010401",""
"REA99","5FR99","O","20010401","F"
"REB","RVJ","R","19990401",""
"REB20","RVJ20","R","19990401",""
"REB21","RVJ21","R","19990401",""
"REB22","RVJ22","R","19990401",""
"REB23","RVJ23","R","19990401",""
"REB24","RVJ24","R","19990401",""
"REB25","RVJ25","R","19990401",""
"REB26","RVJ26","R","19990401",""
"REB28","RVJ28","R","19990401",""
"REB29","RVJ29","R","19990401",""
"REB30","RVJ30","R","19990401",""
"REB31","RVJ31","R","19990401",""
"REB60","RVJ60","R","19990401",""
"REB61","RVJ61","R","19990401",""
"REB80","RVJ80","R","19990401",""
"REB82","RVJ82","R","19990401",""
"REB83","RVJ83","R","19990401",""
"REC","RD2","R","20000401","F"
"RED","5F1","O","20010401","X"
"RED","5CV","O","20010401","F"
"RED01","5F101","O","20010401","X"
"RED03","5F103","O","20010401","X"
"RED04","5F104","O","20010401","X"
"RED05","5F105","O","20010401","X"
"RED06","5F102","O","20010401","X"
"RED08","5F106","O","20010401","X"
"RED22","5CV03","O","20001001","F"
"RED25","5F108","O","20010401","X"
"RED32","5F109","O","20010401","X"
"RED34","5F110","O","20010401","X"
"RED35","5CV04","O","20001001","F"
"RED55","5F111","O","20010401","X"
"RED56","5F112","O","20010401","X"
"RED57","5F113","O","20010401","X"
"RED58","5F114","O","20010401","X"
"RED59","5F115","O","20010401","X"
"REE","RVJ","R","19990401",""
"REE01","RVJ01","R","19990401",""
"REE02","RVJ02","R","19990401",""
"REE04","RVJ04","R","19990401",""
"REE05","RVJ05","R","19990401",""
"REE14","RVJ14","R","19990401",""
"REE18","RVJ18","R","19990401",""
"REE19","RVJ19","R","19990401",""
"REE20","RVJ40","R","19990401",""
"REE21","RVJ41","R","19990401",""
"REE22","RVJ42","R","19990401",""
"REE23","RVJ43","R","19990401",""
"REE25","RVJ45","R","19990401",""
"REE26","RVJ46","R","19990401",""
"REE28","RVJ47","R","19990401",""
"REE29","RVJ48","R","19990401",""
"REE30","RVJ49","R","19990401",""
"REE31","RVJ50","R","19990401",""
"REE33","RVJ33","R","19990401",""
"REE34","RVJ34","R","19990401",""
"REE35","RVJ35","R","19990401",""
"REE36","RVJ36","R","19990401",""
"REE37","RVJ37","R","19990401",""
"REE38","RVJ38","R","19990401",""
"REE39","RVJ39","R","19990401",""
"REF14","5CJ01","O","20001001","F"
"REG","RL7","R","19940401","F"
"REG01","RL701","R","19940401","F"
"REG30","RL730","R","19940401","F"
"REH","5CN","O","20001001","X"
"REH","4YX78","O","20001001","F"
"REH01","5CN01","O","20001001","X"
"REH02","5CN02","O","20001001","X"
"REH04","5CN03","O","20001001","X"
"REH05","5CN04","O","20001001","X"
"REH07","5CN05","O","20001001","X"
"REH16","5CN06","O","20001001","X"
"REH18","5CN07","O","20001001","X"
"REH19","5CN08","O","20001001","X"
"REH21","5CN09","O","20001001","X"
"REH22","5CN10","O","20001001","X"
"REH25","5CN11","O","20001001","X"
"REH26","5CN12","O","20001001","X"
"REH27","5CN13","O","20001001","X"
"REH28","5CN42","O","20001001","X"
"REH29","5CN43","O","20001001","X"
"REH30","5CN44","O","20001001","X"
"REH31","5CN45","O","20001001","X"
"REH32","5CN14","O","20001001","X"
"REH33","5CN15","O","20001001","X"
"REH50","5CN16","O","20001001","X"
"REH60","5CN17","O","20001001","X"
"REH62","5CN18","O","20001001","X"
"REH64","5CN19","O","20001001","X"
"REH65","5CN20","O","20001001","X"
"REH66","5CN21","O","20001001","X"
"REH67","5CN22","O","20001001","X"
"REH68","5CN23","O","20001001","X"
"REH71","5CN24","O","20001001","X"
"REH72","5CN25","O","20001001","X"
"REH73","5CN46","O","20001001","X"
"REH74","5CN26","O","20001001","X"
"REH75","5CN27","O","20001001","X"
"REH76","5CN28","O","20001001","X"
"REH77","5CN29","O","20001001","X"
"REH78","5CN30","O","20001001","X"
"REH79","5CN31","O","20001001","X"
"REH80","5CN32","O","20001001","X"
"REH81","5CN33","O","20001001","X"
"REH82","5CN34","O","20001001","X"
"REH83","5CN35","O","20001001","X"
"REH84","5CN36","O","20001001","X"
"REH85","5CN37","O","20001001","X"
"REH86","5CN38","O","20001001","X"
"REH87","5CN39","O","20001001","X"
"REH88","5CN40","O","20001001","X"
"REH89","5CN41","O","20001001","X"
"REJ","RNG","R","19940401","F"
"REJ02","RNG02","R","19940401","F"
"REJ05","RNG05","R","19940401","F"
"REJ07","RNG07","R","19940401","X"
"REJ15","RNG15","R","19940401","F"
"REJ39","RNG39","R","19940401","X"
"REJ60","RNG60","R","19940401","F"
"REJ61","RNG61","R","19940401","F"
"REJ62","RNG62","R","19940401","F"
"REJ63","RNG63","R","19940401","X"
"REJ64","RNG64","R","19940401","F"
"REJ65","RNG65","R","19940401","F"
"REJ66","RNG66","R","19940401","F"
"REJ67","RNG67","R","19940401","X"
"REJ68","RNG68","R","19940401","X"
"REJ69","RNG69","R","19940401","F"
"REJ70","RNG70","R","19940401","F"
"REJ71","RNG71","R","19940401","F"
"REJ72","RNG72","R","19940401","F"
"REJ73","RNG73","R","19940401","X"
"REJ74","RNG74","R","19940401","F"
"REJ75","RNG75","R","19940401","F"
"REJ76","RNG76","R","19940401","F"
"REJ77","RNG77","R","19940401","F"
"REJ78","RNG78","R","19940401","F"
"REJ79","RNG79","R","19940401","F"
"REJ80","RNG80","R","19940401","F"
"REJ81","RNG81","R","19940401","F"
"REJ82","RNG82","R","19940401","F"
"REJ83","RNG83","R","19940401","F"
"REJ84","RNG84","R","19940401","F"
"REJ85","RNG85","R","19940401","F"
"REJ86","RNG86","R","19940401","F"
"REJ87","RNG87","R","19940401","F"
"REJ88","RNG88","R","19940401","F"
"REJ89","RNG89","R","19940401","F"
"REJ90","RNG90","R","19940401","F"
"REJ91","RNG91","R","19940401","F"
"REJ92","RNG92","R","19940401","F"
"REJ93","RNG93","R","19940401","F"
"REJ94","RNG94","R","19940401","F"
"REJ95","RNG95","R","19940401","F"
"REK","RTT","R","19980401","F"
"REK04","RTT04","R","19980401","F"
"REK08","RTT08","R","19980401","F"
"REK09","RTT09","R","19980401","F"
"REK37","RTT37","R","19980401","F"
"REK39","RTT39","R","19980401","F"
"REK60","RTT60","R","19980401","F"
"REK61","RTT61","R","19980401","F"
"REK62","RTT62","R","19980401","F"
"REK63","RTT63","R","19980401","F"
"REK73","RTT73","R","19980401","F"
"REK75","RTT75","R","19980401","F"
"REK76","RTT76","R","19980401","F"
"REK77","RTT77","R","19980401","F"
"REK79","RTT79","R","19980401","F"
"REK86","RTT86","R","19980401","F"
"REL","RKB","R","19930401",""
"REL01","RKB01","R","19930401",""
"REQ","RVY","R","19990401","F"
"REQ01","RVY03","R","19990401","X"
"REQ12","RVY01","R","19990401","X"
"RER","5J3","O","20020401","F"
"RER","5J4","O","20020401","X"
"RER","RTV","R","20020401","F"
"RER04","RTV54","R","20020401","F"
"RER08","RTV36","R","20020401","X"
"RER09","RTV32","R","20020401","X"
"RER10","RTV26","R","20020401","F"
"RER11","RTV46","R","20020401","F"
"RER27","RTV40","R","20020401","X"
"RER28","RTV49","R","20020401","X"
"RER30","RTV63","R","20020401","X"
"RER35","RTV56","R","20020401","F"
"RER37","RTV61","R","20020401","X"
"RER39","RTV12","R","20020401","X"
"RER41","RTV16","R","20020401","X"
"RER42","RTV58","R","20020401","X"
"RER94","RTV30","R","20020401","F"
"RER96","RTV10","R","20020401","X"
"RES","5M5","O","20020401","F"
"RES","5G9","O","20020401","F"
"RES","5HC","O","20020401","F"
"RES","5HA","O","20020401","F"
"RES","RW4","R","20020401",""
"RES59","5M506","O","20020401","F"
"RES60","5M539","O","20020401","F"
"RES61","5M519","O","20020401","F"
"RES62","5M528","O","20020401","F"
"RES63","5M526","O","20020401","F"
"RES64","5M525","O","20020401","F"
"REU","RXR","R","20030401",""
"REU01","RXR51","R","20030401","F"
"REU02","RXR52","R","20030401","F"
"REU16","RXR16","R","20030401","F"
"REU32","RXR32","R","20030401","X"
"REU33","RXR33","R","20030401","X"
"REV","RTX","R","19980401",""
"REV01","RTX01","R","19980401",""
"REV02","RTX02","R","19980401",""
"REV04","RTX04","R","19980401","X"
"REW","RTY","R","19980401","F"
"REW01","RTY01","R","19980401","F"
"REW02","RTY02","R","19980401","F"
"REW04","RTY04","R","19980401","X"
"REW05","RTY05","R","19980401","F"
"REW09","RTY09","R","19980401","F"
"REW10","RTY10","R","19980401","F"
"REW11","RTY48","R","19980401","X"
"REW17","RTY22","R","19980401","F"
"REW21","RTY32","R","19980401","F"
"REW23","RTY23","R","19980401","F"
"REW24","RTY21","R","19980401","X"
"REW29","RTY29","R","19980401","F"
"REW32","RTY33","R","19980401","X"
"REX","RT2","R","20020401",""
"REX","5J5","O","20020401","X"
"REX","RW6","R","20020401","F"
"REY","RRF","R","20010401",""
"REY04","RRF53","R","20010401",""
"REZ","RT2","R","20020401",""
"REZ","5F4","O","20020401","F"
"REZ","5JY","O","20020401","F"
"REZ","RW6","R","20020401","F"
"REZ01","RW604","R","20020401","X"
"REZ02","RW605","R","20020401","X"
"RF1","RR6","R","19970401","F"
"RF11K","RR61K","R","19970401","F"
"RF11L","RR61L","R","19970401","F"
"RF1BL","RR6BL","R","19970401","F"
"RF1BM","RR6BM","R","19970401","X"
"RF1EF","RR6EF","R","19970401","F"
"RF1K4","RR6K4","R","19970401","F"
"RF1NN","RR6NN","R","19970401","F"
"RF1NQ","RR6NQ","R","19970401","F"
"RF1NR","RR6NR","R","19970401","F"
"RF1NS","RR6NS","R","19970401","F"
"RF1NT","RR6NT","R","19970401","F"
"RF1NU","RR6NU","R","19970401","F"
"RF1NV","RR6NV","R","19970401","F"
"RF1NW","RR6NW","R","19970401","F"
"RF1NX","RR6NX","R","19970401","F"
"RF1NY","RR6NY","R","19970401","F"
"RF1NZ","RR6NZ","R","19970401","F"
"RF1P1","RR6PA","R","19970401","F"
"RF1P7","RR6PC","R","19970401","F"
"RF1P9","RR6P9","R","19970401","F"
"RF2","RWA","R","19991001",""
"RF201","RWA01","R","19991001",""
"RF202","RWA02","R","19991001",""
"RF203","RWA03","R","19991001","X"
"RF205","RWA05","R","19991001","X"
"RF3","RWA","R","19991001",""
"RF316","RWA16","R","19991001",""
"RF318","RWA18","R","19991001",""
"RF4BA","RF4BK","R","20020401","X"
"RF5","RV1","R","19990401","F"
"RF500","RV123","R","19990401","F"
"RF5AB","RV124","R","19990401","F"
"RF5AC","RV125","R","19990401","F"
"RF5AE","RV126","R","19990401","F"
"RF5AG","RV127","R","19990401","F"
"RF5AI","RV128","R","19990401","F"
"RF5AL","RV129","R","19990401","F"
"RF5AN","RV130","R","19990401","F"
"RF5AO","RV131","R","19990401","F"
"RF5AQ","RV132","R","19990401","F"
"RF5AR","RV133","R","19990401","F"
"RF5AU","RV123","R","19990401","F"
"RF5AV","RV134","R","19990401","F"
"RF6","RJL","R","20010401",""
"RF630","RJL30","R","20010401",""
"RF643","RJL30","R","20010401",""
"RF6FA","RJL23","R","20010401",""
"RF6FC","RJL20","R","20010401",""
"RF6FD","RJL21","R","20010401",""
"RF6FE","RJL22","R","20010401",""
"RF6FK","RJL72","R","20010401",""
"RF6GB","RJL70","R","20010401",""
"RF7","RJL","R","20010401",""
"RF731","RJL31","R","20010401",""
"RF732","RJL32","R","20010401",""
"RF8","RWC","R","19991001","F"
"RF9","RV1","R","19990401","F"
"RF9AA","RV101","R","19990401","F"
"RF9AB","RV1AB","R","19990401","F"
"RF9AC","RV1AC","R","19990401","F"
"RF9AD","RV1AD","R","19990401","F"
"RF9AE","RV1AE","R","19990401","F"
"RF9AF","RV1AF","R","19990401","F"
"RF9AG","RV1AG","R","19990401","F"
"RF9AH","RV1AH","R","19990401","F"
"RF9AI","RV1AI","R","19990401","F"
"RF9AJ","RV1AJ","R","19990401","F"
"RF9AK","RV1AK","R","19990401","X"
"RF9AL","RV1AL","R","19990401","X"
"RF9AM","RV1AM","R","19990401","F"
"RF9AN","RV1AN","R","19990401","F"
"RF9AO","RV1AO","R","19990401","F"
"RF9AP","RV1AP","R","19990401","F"
"RFA","RVK","R","19990401","F"
"RFAM6","RVK39","R","19990401","F"
"RFAM7","RVK42","R","19990401","F"
"RFAM8","RVK45","R","19990401","F"
"RFAM9","RVK41","R","19990401","F"
"RFAN1","RVK35","R","19990401","F"
"RFAN2","RVK44","R","19990401","F"
"RFAN3","RVK48","R","19990401","F"
"RFAN4","RVK34","R","19990401","F"
"RFAN5","RVK33","R","19990401","F"
"RFAN6","RVK36","R","19990401","F"
"RFAN7","RVK37","R","19990401","F"
"RFAN8","RVK46","R","19990401","F"
"RFAN9","RVK47","R","19990401","F"
"RFAP1","RVK43","R","19990401","F"
"RFB","RWE","R","20000401",""
"RFBAK","RWEAK","R","20000401",""
"RFC","RV6","R","19990401","F"
"RFD","RWE","R","20000401",""
"RFDAA","RWEAA","R","20000401",""
"RFE","RW2","R","20010401","F"
"RFE","5EX","O","20010401","F"
"RFE","5ED","O","20010401","F"
"RFE","5ER","O","20010401","F"
"RFEGD","RW201","R","20010401","F"
"RFEGE","RW202","R","20010401","F"
"RFEGF","RW203","R","20010401","F"
"RFEGG","RW204","R","20010401","F"
"RFEGH","5EDGH","O","20010401","F"
"RFEGK","5EDGK","O","20010401","F"
"RFEGL","5ERGL","O","20010401","F"
"RFEGM","5EDGM","O","20010401","F"
"RFEGW","5ERGW","O","20010401","F"
"RFEGX","5ERGX","O","20010401","F"
"RFEHD","5EX03","O","20010401","F"
"RFEHT","RW228","R","20010401","F"
"RFEJA","RW221","R","20010401","F"
"RFEJB","RW205","R","20010401","F"
"RFEJC","RW206","R","20010401","F"
"RFEJD","RW203","R","20010401","F"
"RFEJE","RW208","R","20010401","F"
"RFEJN","RW220","R","20010401","F"
"RFERJ","RW209","R","20010401","F"
"RFERL","RW210","R","20010401","F"
"RFERM","RW211","R","20010401","F"
"RFERN","RW212","R","20010401","F"
"RFFBE","RFFBA","R","20040401",""
"RFG","RWC","R","20020401","F"
"RFG","5H8","O","20020401","X"
"RFG","RHA","R","20020401",""
"RFGMB","5H8PC","O","20020401","F"
"RFGMC","5H8PB","O","20020401","X"
"RFGMD","5H8RN","O","20020401","X"
"RFGMF","5H8MF","O","20020401","X"
"RFGPA","5H8PA","O","20020401","X"
"RFGPJ","5H8PJ","O","20020401","X"
"RFGPK","5H8PK","O","20020401","X"
"RFGPL","5H8PL","O","20020401","X"
"RFGPM","5H8PM","O","20020401","X"
"RFGPN","5H8PN","O","20020401","X"
"RFGPP","5H8PP","O","20020401","X"
"RFGPR","5H8PR","O","20020401","X"
"RFGPT","5H8PT","O","20020401","X"
"RFGPW","5H8PW","O","20020401","X"
"RFGPX","5H8PX","O","20020401","X"
"RFGPY","5H8PY","O","20020401","X"
"RFGPZ","5H8PZ","O","20020401","X"
"RFGRB","5H8RB","O","20020401","X"
"RFGRD","5H8RD","O","20020401","X"
"RFGRE","5H8RE","O","20020401","X"
"RFGRF","5H8RF","O","20020401","X"
"RFGRH","5H8RH","O","20020401","X"
"RFGRJ","5H8RJ","O","20020401","X"
"RFGRK","5H8RK","O","20020401","X"
"RFGRL","5H8RL","O","20020401","X"
"RFGRM","5H8RM","O","20020401","X"
"RFGRN","5H8RN","O","20020401","X"
"RFGRP","5H8RP","O","20020401","X"
"RFGRY","RHARY","R","20010401",""
"RFGRZ","5H8RZ","O","20020401","X"
"RFH","RW2","R","20010401","F"
"RFH06","RFHFG","R","19930402","X"
"RFHFK","RW213","R","20010401","F"
"RFHFL","RW214","R","20010401","F"
"RFHFP","RW215","R","20010401","F"
"RFHFR","RW216","R","20010401","F"
"RFHFW","RW217","R","20010401","F"
"RFHFX","RW222","R","20010401","F"
"RFHGA","RW241","R","20010401","F"
"RFHGB","RW242","R","20010401","F"
"RFHHT","RW228","R","20010401","F"
"RFHNT","RW229","R","20010401","F"
"RFHPC","RW218","R","20010401","F"
"RFJ","RHA","R","20010401",""
"RFJ","5AM","O","20010401","F"
"RFJ","RK5","R","20010401",""
"RFJ","5FA","O","20010401","F"
"RFJ","5AP","O","20010401","F"
"RFJAR","RHAAR","R","20010401",""
"RFJBL","5AMBL","O","20010401","F"
"RFJBL","RK5BL","R","20010401",""
"RFJBL","RHABL","R","20010401",""
"RFJBM","RHABM","R","20010401","X"
"RFJBW","RHABW","R","20010401",""
"RFJBX","5FABX","O","20010401","F"
"RFJBY","RHABY","R","20010401",""
"RFJBZ","RHABZ","R","20010401",""
"RFJCA","RHACA","R","20010401",""
"RFJCB","RHACB","R","20010401","X"
"RFJCC","RHACC","R","20010401",""
"RFJCD","RHACD","R","20010401",""
"RFJCE","RHACE","R","20010401",""
"RFJCF","5FACF","O","20010401","F"
"RFJCG","5APCG","O","20010401","F"
"RFJCH","5APCH","O","20010401","F"
"RFJCI","5FACI","O","20010401","X"
"RFJCJ","5APCJ","O","20010401","X"
"RFJCK","5AMCK","O","20010401","X"
"RFJCL","5FACL","O","20010401","X"
"RFJCN","RHACN","R","20010401",""
"RFJCP","5AMCP","O","20010401","F"
"RFJCR","5AMCR","O","20010401","X"
"RFJCT","5AMCT","O","20010401","X"
"RFJCU","5AMCU","O","20010401","X"
"RFJCW","5AMCW","O","20010401","X"
"RFJCX","5FACX","O","20010401","X"
"RFJCZ","5FACZ","O","20010401","X"
"RFJDB","5AMDB","O","20010401","X"
"RFJDC","5APDC","O","20010401","F"
"RFJDD","5APDD","O","20010401","F"
"RFJDE","5APDE","O","20010401","F"
"RFJDF","5APDF","O","20010401","F"
"RFJDG","5APDG","O","20010401","F"
"RFJDH","5APDH","O","20010401","F"
"RFJDJ","5APDJ","O","20010401","F"
"RFJDL","5APDL","O","20010401","F"
"RFJDM","5APDM","O","20010401","F"
"RFJDN","RHADN","R","20010401",""
"RFJDP","RHADP","R","20010401",""
"RFJDR","5AMDR","O","20010401","F"
"RFJDT","5AMDT","O","20010401","F"
"RFJDW","5APDW","O","20010401","F"
"RFJDX","5APDX","O","20010401","F"
"RFJDY","5APDY","O","20010401","F"
"RFJDZ","5APDZ","O","20010401","F"
"RFJEA","5FAEA","O","20010401","F"
"RFJEB","5AMEB","O","20010401","F"
"RFJEC","5APEC","O","20010401","F"
"RFJED","5FAED","O","20010401","F"
"RFJEE","RHAEE","R","20010401",""
"RFJEE","5FAEE","O","20010401","X"
"RFJEF","5AMEF","O","20010401","F"
"RFJEG","5APEG","O","20010401","F"
"RFJEH","5FAEH","O","20010401","F"
"RFJEI","5FAEI","O","20010401","F"
"RFJEJ","RHAEJ","R","20010401",""
"RFJEK","RHAEK","R","20010401",""
"RFJEL","RHAEL","R","20010401",""
"RFJEN","5AMEN","O","20010401","F"
"RFJEP","5FAEP","O","20010401","F"
"RFJER","RHAER","R","20010401",""
"RFJET","5APET","O","20010401","F"
"RFJEW","5AMEW","O","20010401","F"
"RFJEX","5AMEX","O","20010401","F"
"RFJEY","5APEY","O","20010401","F"
"RFJEZ","RHAEZ","R","20010401","X"
"RFJFA","5FAFA","O","20010401","F"
"RFJFF","5AMFF","O","20010401","F"
"RFJFH","5AMFH","O","20010401","F"
"RFJFJ","RK5FJ","R","20010401","X"
"RFJFJ","RHAFJ","R","20010401",""
"RFJFJ","5AMFJ","O","20010401","F"
"RFJFJ","5FAFJ","O","20010401","F"
"RFJFK","5AMFK","O","20010401","F"
"RFJFM","5FAFM","O","20010401","F"
"RFJFN","5APFN","O","20010401","F"
"RFJFR","RHAFR","R","20010401",""
"RFJGK","RHAGK","R","20010401",""
"RFJGL","5APGL","O","20010401","F"
"RFJGM","5AMGM","O","20010401","F"
"RFJGN","5AMGN","O","20010401","X"
"RFJGP","5APGP","O","20010401","F"
"RFJGR","5APGR","O","20010401","F"
"RFJGT","RHAGT","R","20010401",""
"RFJGW","RHAGW","R","20010401",""
"RFJGY","RHAGY","R","20010401",""
"RFJHE","5AMHE","O","20010401","F"
"RFJHP","RHAHP","R","20010401",""
"RFJHP","5AMHP","O","20010401","F"
"RFJHP","RK5HP","R","20010401",""
"RFJRJ","RHARJ","R","20010401",""
"RFK","RX1","R","20060401",""
"RFK01","RX101","R","20060401",""
"RFK02","RX102","R","20060401",""
"RFK03","RX103","R","20060401",""
"RFK04","RX104","R","20060401",""
"RFK05","RX105","R","20060401",""
"RFK06","RX106","R","20060401",""
"RFK07","RX107","R","20060401",""
"RFK08","RX108","R","20060401",""
"RFK09","RX109","R","20060401",""
"RFK10","RX110","R","20060401",""
"RFK11","RX111","R","20060401",""
"RFK12","RX112","R","20060401",""
"RFK13","RX113","R","20060401",""
"RFK14","RX114","R","20060401",""
"RFK15","RX115","R","20060401",""
"RFK16","RX116","R","20060401",""
"RFK17","RX117","R","20060401",""
"RFK18","RX118","R","20060401",""
"RFK19","RX119","R","20060401",""
"RFK20","RX120","R","20060401",""
"RFK21","RX121","R","20060401",""
"RFK22","RX122","R","20060401",""
"RFK23","RX123","R","20060401",""
"RFK24","RX124","R","20060401",""
"RFK25","RX125","R","20060401","X"
"RFK26","RX126","R","20060401","X"
"RFK27","RX127","R","20060401",""
"RFK28","RX128","R","20060401",""
"RFK29","RX129","R","20060401",""
"RFK30","RX130","R","20060401",""
"RFKNL","RX1NL","R","20060401",""
"RFKRA","RX1RA","R","20060401",""
"RFL","RWE","R","20000401",""
"RFLAE","RWEAE","R","20000401",""
"RFM","RRX","R","19990401","F"
"RFM","RK4","R","19990401","F"
"RFMAS","RRXAS","R","19990401","F"
"RFMAT","RK4AT","R","19960401","X"
"RFMAW","RK4AW","R","19960401","X"
"RFMBB","RK4BB","R","19940401","X"
"RFMBC","RK4BC","R","19960401","F"
"RFMBD","RK4BD","R","19940401","X"
"RFMBF","RK4BF","R","19940401","X"
"RFMBG","RK4BG","R","19940401","X"
"RFMBH","RK4BH","R","19940401","X"
"RFN","RQT","R","19950401","F"
"RFNAC","RQTAC","R","19950401","F"
"RFNCP","RQTCP","R","19950401","F"
"RFNCR","RQTCR","R","19950401","F"
"RFNCT","RQTCT","R","19950401","F"
"RFNCW","RQTCW","R","19950401","F"
"RFNCX","RQTCX","R","19950401","F"
"RFNCY","RQTCY","R","19950401","F"
"RFNCZ","RQTCZ","R","19950401","F"
"RFNDB","RQTDB","R","19950401","F"
"RFNDC","RQTDC","R","19950401","F"
"RFNDE","RQTDE","R","19950401","F"
"RFNDG","RQTDG","R","19950401","F"
"RFNDL","RQTDL","R","19950401","F"
"RFNDM","RQTDM","R","19950401","F"
"RFNDN","RQTDN","R","19950401","F"
"RFNDP","RQTDP","R","19950401","F"
"RFNDT","RQTDT","R","19950401","F"
"RFNDW","RQTDW","R","19950401","F"
"RFNDY","RQTDY","R","19950401","F"
"RFNDZ","RQTDZ","R","19950401","F"
"RFNEA","RQTEA","R","19950401","F"
"RFNEB","RQTEB","R","19950401","F"
"RFNEC","RQTEC","R","19950401","F"
"RFNED","RQTED","R","19950401","F"
"RFNEE","RQTEE","R","19950401","X"
"RFNEF","RQTEF","R","19950401","F"
"RFNEG","RQTEG","R","19950401","F"
"RFNEH","RQTEH","R","19950401","F"
"RFNEJ","RQTEJ","R","19950401","F"
"RFNEK","RQTEK","R","19950401","F"
"RFNEL","RQTEL","R","19950401","F"
"RFNEM","RQTEM","R","19950401","F"
"RFNEN","RQTEN","R","19950401","F"
"RFNEP","RQTEP","R","19950401","F"
"RFNER","RQTER","R","19950401","F"
"RFNET","RQTET","R","19950401","F"
"RFNEW","RQTEW","R","19950401","F"
"RFNEX","RQTEX","R","19950401","F"
"RFNEY","RQTEY","R","19950401","X"
"RFNEZ","RQTEZ","R","19950401","F"
"RFNJB","RQTJB","R","19950401","X"
"RFNJC","RQTJC","R","19950401","X"
"RFNJD","RQTJD","R","19950401","F"
"RFNKC","RQTKC","R","19950401","F"
"RFP","RTG","R","19980401",""
"RFPFA","RTGFA","R","19980401",""
"RFPFG","RTGFG","R","19980401",""
"RFQ","RVP","R","19990401","F"
"RFQDC","RVPDC","R","19990401","F"
"RFQDD","RVPDD","R","19990401","F"
"RFQDE","RVPDE","R","19990401","F"
"RFQDG","RVPDG","R","19990401","F"
"RFQDH","RVPDH","R","19990401","F"
"RFQLA","RVPLA","R","19990401","F"
"RFQLB","RVPLB","R","19990401","F"
"RFQLC","RVPLC","R","19990401","F"
"RFQLD","RVPLD","R","19990401","F"
"RFQLE","RVPLE","R","19990401","F"
"RFQLG","RVPLG","R","19990401","F"
"RFQLH","RVPLH","R","19990401","F"
"RFQLJ","RVPLJ","R","19990401","F"
"RFQLP","RVPLP","R","19990401","F"
"RFQLR","RVPLR","R","19990401","F"
"RFQLT","RVPLT","R","19990401","F"
"RFQLW","RVPLW","R","19990401","F"
"RFQLY","RVPLY","R","19990401","F"
"RFQLZ","RVPLZ","R","19990401","F"
"RFQMA","RVPMA","R","19990401","F"
"RFQMB","RVPMB","R","19990401","F"
"RFQMC","RVPMC","R","19990401","F"
"RFQMD","RVPMD","R","19990401","F"
"RFQMG","RVPMG","R","19990401","F"
"RFQMH","RVPMH","R","19990401","F"
"RFQMJ","RVPMJ","R","19990401","F"
"RFQMK","RVPMK","R","19990401","F"
"RFQML","RVPML","R","19990401","F"
"RFQMN","RVPMN","R","19990401","F"
"RFQMP","RVPMP","R","19990401","F"
"RFQMR","RVPMR","R","19990401","F"
"RFQMT","RVPMT","R","19990401","F"
"RFQMW","RVPMW","R","19990401","F"
"RFQMX","RVPMX","R","19990401","F"
"RFQMY","RVPMY","R","19990401","F"
"RFQWA","RVPWA","R","19990401","F"
"RFQWB","RVPWB","R","19990401","F"
"RFQWC","RVPWC","R","19990401","F"
"RFQWD","RVPWD","R","19990401","F"
"RFQWE","RVPWE","R","19990401","F"
"RFQWF","RVPWF","R","19990401","F"
"RFQWG","RVPWG","R","19990401","F"
"RFQWH","RVPWH","R","19990401","F"
"RFQWK","RVPWK","R","19990401","F"
"RFQWN","RVPWN","R","19990401","F"
"RFT","RV7","R","19990401","F"
"RFT10","RV76R","R","19990401","X"
"RFT12","RV77A","R","19990401","F"
"RFT17","RV77C","R","19990401","F"
"RFT19","RV78G","R","19990401","X"
"RFT20","RV76D","R","19990401","X"
"RFT22","RV79D","R","19990401","X"
"RFT30","RV71A","R","19990401","F"
"RFT31","RV71C","R","19990401","F"
"RFT32","RV71D","R","19990401","F"
"RFT33","RV71E","R","19990401","X"
"RFT34","RV71F","R","19990401","F"
"RFT35","RV71G","R","19990401","F"
"RFT36","RV71H","R","19990401","F"
"RFT37","RV71J","R","19990401","X"
"RFT41","RV70W","R","19990401","F"
"RFT42","RV71K","R","19990401","F"
"RFT43","RV70X","R","19990401","F"
"RFT44","RV70Y","R","19990401","F"
"RFT50","RV78E","R","19990401","X"
"RFT53","RV73X","R","19990401","X"
"RFU","RYC","R","20060701",""
"RFU01","RYC95","R","20060701",""
"RFU02","RYC96","R","20060701",""
"RFU03","RYC97","R","20060701",""
"RFU04","RYC98","R","20060701",""
"RFU05","RYC99","R","20060701",""
"RFU06","RYCA1","R","20060701",""
"RFU07","RYCA2","R","20060701",""
"RFU08","RYCA3","R","20060701",""
"RFU09","RYCA4","R","20060701",""
"RFU10","RYCA5","R","20060701",""
"RFU11","RYCA6","R","20060701",""
"RFU12","RYCA7","R","20060701",""
"RFU13","RYCA8","R","20060701",""
"RFU14","RYCA9","R","20060701",""
"RFU15","RYCC1","R","20060701",""
"RFU16","RYCC2","R","20060701",""
"RFU17","RYCC3","R","20060701",""
"RFU18","RYCC4","R","20060701",""
"RFU19","RYCC5","R","20060701",""
"RFU20","RYCC6","R","20060701",""
"RFU21","RYCC7","R","20060701",""
"RFU22","RYCC8","R","20060701",""
"RFU23","RYC97","R","20060701",""
"RFU24","RYCC9","R","20060701",""
"RFU25","RYCD1","R","20060701",""
"RFU26","RYCD2","R","20060701",""
"RFU27","RYCD3","R","20060701",""
"RFU28","RYCD4","R","20060701",""
"RFV","RV2","R","19990401","F"
"RFV01","RV201","R","19990401","F"
"RFV11","RV211","R","19990401","F"
"RFV12","RV212","R","19990401","F"
"RFV21","RPV03","R","19990401","F"
"RFV22","RPV01","R","19990401","F"
"RFV23","RPV04","R","19990401","F"
"RFV31","RV231","R","19990401","F"
"RFV34","RV234","R","19990401","F"
"RFV35","RV235","R","19990401","F"
"RFV43","RPV05","R","19990401","F"
"RFV44","RPV02","R","19990401","F"
"RFV45","RPV06","R","19990401","F"
"RFV67","RV267","R","19990401","F"
"RFV72","RV272","R","19990401","F"
"RFV75","RV275","R","19990401","F"
"RFW","RQM","R","20150901",""
"RFX","5HX","O","20020401","X"
"RFX","5HY","O","20020401","X"
"RFX","RW7","R","20020401","F"
"RFX03","RW701","R","20020401","F"
"RFY","RV3","R","19990401",""
"RFY","RV2","R","19990401","F"
"RFY01","RV244","R","19990401","F"
"RFY02","RV332","R","19990401",""
"RFY03","RV346","R","19990401",""
"RFY04","RV351","R","19990401",""
"RFY05","RV247","R","19990401","F"
"RFY07","RV330","R","19990401","X"
"RFY09","RV325","R","19990401","X"
"RFY10","RV326","R","19990401","X"
"RFY11","RV241","R","19990401","F"
"RFY12","RV330","R","19990401","X"
"RFY14","RV319","R","19990401","X"
"RFY15","RV245","R","19990401","F"
"RFY16","RV246","R","19990401","F"
"RFY18","RV328","R","19990401",""
"RFY19","RV329","R","19990401","X"
"RFY20","RV248","R","19990401","F"
"RFZ","RV8","R","19990401","F"
"RFZ20","RV820","R","19990401","X"
"RFZM2","RV8M2","R","19990401","X"
"RG1","RWF","R","20000401",""
"RG101","RWF03","R","20000401",""
"RG104","RWF05","R","20000401",""
"RG105","RWF04","R","20000401","X"
"RG2","RYQ","R","20090401","X"
"RG207","RPGAG","R","20020401",""
"RG222","RYQ50","R","20090401","X"
"RG233","RYQ10","R","20090401","X"
"RG244","RPGAN","R","20020401",""
"RG3","RYQ","R","20090401","X"
"RG302","RYQ31","R","20090401","X"
"RG303","RYQ30","R","20090401","X"
"RG304","RYQ32","R","20090401","X"
"RG305","RYQ10","R","20090401","X"
"RG306","RYQ40","R","20090401","X"
"RG4","RAT","R","20010401",""
"RG4","RF4","R","20010401",""
"RG4","5C8","O","20010401","F"
"RG4D0","RATKZ","R","20010401","X"
"RG4D0","RF4KG","R","20010401","X"
"RG4D2","RF4BA","R","20010401","F"
"RG4D3","RF4CH","R","20010401","X"
"RG4D5","RG4D3","R","19940401","F"
"RG5","RP3","R","19940401","F"
"RG505","RP3AQ","R","19940401","F"
"RG508","RP3AR","R","19940401","F"
"RG511","RP3AS","R","19940401","F"
"RG514","RP3AT","R","19940401","F"
"RG517","RP3AU","R","19940401","F"
"RG520","RP3AV","R","19940401","F"
"RG523","RP3AW","R","19940401","F"
"RG526","RP3AX","R","19940401","F"
"RG529","RP3AY","R","19940401","F"
"RG532","RP3AZ","R","19940401","F"
"RG535","RP3BA","R","19940401","X"
"RG538","RP3BF","R","19940401","X"
"RG6","RAT","R","20010401",""
"RG6","5A4","O","20010401","X"
"RG6","5C2","O","20010401","X"
"RG6C1","5C202","O","20010401","X"
"RG6C7","5C201","O","20010401","X"
"RG6C8","5C207","O","20010401","X"
"RG6D3","5C204","O","20010401","X"
"RG6D6","5C205","O","20010401","X"
"RG6E1","5C208","O","20010401","X"
"RG7","RF4","R","20010401",""
"RG700","RF4VH","R","20010401",""
"RG8","RWN","R","20000401","F"
"RG8H0","RWN40","R","20000401","X"
"RG8H2","RWNF8","R","20000401","X"
"RG8H4","RWNC5","R","20000401","X"
"RG8H7","RWND4","R","20000401","X"
"RG8HA","RWNC8","R","20000401","X"
"RG8HC","RWNG6","R","20000401","X"
"RG8HG","RWNC7","R","20000401","X"
"RG8HL","RWNA4","R","20000401","X"
"RG8HU","RWNH1","R","20000401","X"
"RG8HX","RWNC0","R","20000401","X"
"RG8HZ","RWNA3","R","20000401","X"
"RG8WC","RWN65","R","20000401","X"
"RG9","RVL","R","19990401","X"
"RG9C7","RVLC7","R","19990401","X"
"RGA","RWY","R","20010401",""
"RGB","RWY","R","20010401",""
"RGB01","RWY01","R","20010401",""
"RGBJJ","RWYJJ","R","20010401",""
"RGC","R1H","R","20120401",""
"RGE","RR4","R","19970401","F"
"RGE01","RR405","R","19970401","F"
"RGF","RXG","R","20020401",""
"RGF10","RXG10","R","20020401",""
"RGF11","RXG11","R","20020401",""
"RGF12","RXG12","R","20020401",""
"RGF13","RXG13","R","20020401","X"
"RGF14","RXG14","R","20020401","X"
"RGF16","RXG16","R","20020401","X"
"RGF17","RXG17","R","20020401","X"
"RGF18","RXG18","R","20020401",""
"RGF20","RXG20","R","20020401",""
"RGF21","RXG21","R","20020401","X"
"RGF22","RXG22","R","20020401",""
"RGF23","RXG23","R","20020401",""
"RGF24","RXG24","R","20020401","X"
"RGF29","RXG29","R","20020401","X"
"RGF30","RXG30","R","20020401",""
"RGF31","RXG31","R","20020401",""
"RGF32","RXG32","R","20020401",""
"RGF34","RXG34","R","20020401","X"
"RGF35","RXG35","R","20020401",""
"RGFFD","RXGFD","R","20020401","X"
"RGFFG","RXGFG","R","20020401",""
"RGFFJ","RXGFJ","R","20020401","X"
"RGFJD","RXGJD","R","20020401",""
"RGFJG","RXGJG","R","20020401",""
"RGFJR","RXGJR","R","20020401",""
"RGFJX","RXGJX","R","20020401",""
"RGFKB","RGF34","R","19960401","F"
"RGFKI","RXGKI","R","20020401",""
"RGG","RR4","R","19970401","F"
"RGG11","RR403","R","19970401","F"
"RGH","RX8","R","20060701",""
"RGH00","RX831","R","20060701",""
"RGH01","RX832","R","20060701",""
"RGH02","RX833","R","20060701",""
"RGH03","RX834","R","20060701",""
"RGH04","RX835","R","20060701",""
"RGHAA","RX836","R","20060701",""
"RGHAB","RX837","R","20060701",""
"RGHAC","RX838","R","20060701",""
"RGHAD","RX839","R","20060701",""
"RGHAE","RX840","R","20060701",""
"RGHAF","RX841","R","20060701",""
"RGHAG","RX842","R","20060701",""
"RGHAI","RX844","R","20060701",""
"RGHAJ","RX845","R","20060701",""
"RGHAK","RX846","R","20060701",""
"RGHAL","RX847","R","20060701",""
"RGHAM","RX848","R","20060701",""
"RGHAN","RX849","R","20060701",""
"RGHAO","RX850","R","20060701",""
"RGHAP","RX851","R","20060701",""
"RGHAQ","RX852","R","20060701",""
"RGHAR","RX853","R","20060701",""
"RGHAS","RX854","R","20060701",""
"RGHAT","RX855","R","20060701",""
"RGHAW","RX856","R","20060701",""
"RGHBB","RX857","R","20060701",""
"RGJ","RT6","R","19990401","F"
"RGJ09","RT609","R","19990401","X"
"RGJ11","RT611","R","19990401","F"
"RGJ12","RT612","R","19990401","F"
"RGJ17","RT617","R","19990401","F"
"RGJ18","RT618","R","19990401","F"
"RGJ21","RT621","R","19990401","X"
"RGJ23","RT623","R","19990401","X"
"RGJ24","RT624","R","19990401","X"
"RGJ26","RT626","R","19990401","X"
"RGJ55","RT691","R","19990401","F"
"RGJ61","RT661","R","19990401","X"
"RGJ87","RT684","R","19990401","X"
"RGJ88","RT688","R","19990401","X"
"RGJ90","RT690","R","19990401","X"
"RGJ91","RT691","R","19990401","F"
"RGK","RT1","R","20020401",""
"RGK01","RT107","R","20020401","X"
"RGK02","RT106","R","20020401","X"
"RGK04","RT110","R","20020401",""
"RGK47","RT130","R","20020401","X"
"RGK49","RGN49","R","20020401",""
"RGK51","RGN49","R","20020401",""
"RGK66","RT123","R","20020401","X"
"RGK67","RGN49","R","20020401",""
"RGK68","RT133","R","20020401",""
"RGK71","RT171","R","20020401","X"
"RGL","RT6","R","19990401","F"
"RGL01","RT601","R","19990401","X"
"RGL03","RT603","R","19990401","X"
"RGL06","RT605","R","19990401","X"
"RGL06","RT606","R","19990401","X"
"RGL07","RT607","R","19990401","X"
"RGL10","RT610","R","19990401","X"
"RGL11","RT602","R","19990401","X"
"RGL13","RT613","R","19990401","X"
"RGL42","RT642","R","19990401","X"
"RGL43","RT643","R","19990401","X"
"RGL49","RT649","R","19990401","X"
"RGL50","RT650","R","19990401","F"
"RGL51","RT651","R","19990401","F"
"RGL53","RT653","R","19990401","F"
"RGL54","RT654","R","19990401","X"
"RGL57","RT657","R","19990401","F"
"RGL58","RT658","R","19990401","F"
"RGL59","RT659","R","19990401","X"
"RGL60","RT660","R","19990401","F"
"RGL61","RT631","R","19990401","F"
"RGL62","RT662","R","19990401","F"
"RGL63","RT633","R","19990401","X"
"RGQ","RDE","R","20180701",""
"RGS","RT1","R","20020401",""
"RGS15","RT115","R","20020401",""
"RGS27","5JH28","O","20020401","F"
"RGT13","RT113","R","20020401",""
"RGU","RXH","R","20020401","F"
"RGU01","RXH01","R","20020401","F"
"RGU05","RXH05","R","20020401","F"
"RGU06","RXH06","R","20020401","F"
"RGU07","RXH07","R","20020401","F"
"RGU16","RXH16","R","20020401","F"
"RGV","RVV","R","19990401",""
"RGV03","RVV09","R","19990401",""
"RGV04","RVV04","R","19990401","F"
"RGV05","RVV05","R","19990401",""
"RGV06","RVV06","R","19990401",""
"RGW","RVV","R","19990401",""
"RGWKC","RVVKC","R","19990401",""
"RGWMS","RVVMS","R","19990401",""
"RGWNF","RVVNF","R","19990401","X"
"RGX","RXD","R","20020401","F"
"RGX01","RXD01","R","20020401","F"
"RGX01","5LR01","O","20020401","F"
"RGX03","5LT03","O","20020401","F"
"RGX05","RXD05","R","20020401","X"
"RGX06","RXD06","R","20020401","F"
"RGX09","RXD09","R","20020401","F"
"RGX12","RXD12","R","20020401","F"
"RGX13","5LT13","O","20020401","F"
"RGX16","RXD16","R","20020401","F"
"RGX17","RXD17","R","20020401","F"
"RGX20","RXD20","R","20020401","F"
"RGX21","RXD21","R","20020401","F"
"RGX22","RXD22","R","20020401","F"
"RGX32","5LR32","O","20020401","F"
"RGX33","RXD33","R","20020401","F"
"RGX34","RXD34","R","20020401","F"
"RGX37","5LR37","O","20020401","F"
"RGX40","5LR40","O","20020401","F"
"RGX41","5LR41","O","20020401","F"
"RGX50","RXD50","R","20020401","F"
"RGX50","5LT50","O","20020401","F"
"RGX59","RXD59","R","20020401","F"
"RGX60","RXD60","R","20020401","F"
"RGX61","RXD61","R","20020401","F"
"RGX62","RXD62","R","20020401","F"
"RGX81","5LR81","O","20020401","F"
"RGX98","RXD98","R","20020401","F"
"RGX99","RXD99","R","20020401","F"
"RGXBU","5LTEJ","O","20020401","F"
"RGXCN","5LRCN","O","20020401","F"
"RGXCO","5LREK","O","20020401","F"
"RGXCS","5LRCS","O","20020401","F"
"RGXCT","5LRCT","O","20020401","F"
"RGXCU","5LTEL","O","20020401","F"
"RGXCV","5LRCV","O","20020401","F"
"RGXCW","5LTCW","O","20020401","F"
"RGXCX","RXDCX","R","20020401","F"
"RGXCY","RXDCY","R","20020401","F"
"RGXCZ","RXDEA","R","20020401","F"
"RGY","RTM","R","19980401","F"
"RGY04","RTM04","R","19980401","F"
"RGY05","RTM05","R","19980401","F"
"RGY06","RTM06","R","19980401","F"
"RGY14","RTM14","R","19980401","F"
"RGY16","RTM16","R","19980401","F"
"RGY17","RTM17","R","19980401","F"
"RGY20","RTM88","R","19980401","F"
"RGY22","RTM22","R","19980401","F"
"RGY26","RTM26","R","19980401","F"
"RGY27","RTM27","R","19980401","F"
"RGY35","RTM35","R","19980401","F"
"RGY36","RTM36","R","19980401","F"
"RGY40","RTM40","R","19980401","F"
"RGY41","RTM41","R","19980401","F"
"RGY44","RTM44","R","19980401","F"
"RGY45","RTM45","R","19980401","X"
"RGY46","RTM46","R","19980401","F"
"RGY47","RTM47","R","19980401","F"
"RGY77","RTM07","R","19980401","F"
"RGY84","RTM84","R","19980401","F"
"RGY85","RTM85","R","19980401","X"
"RGYBW","RTM51","R","19980401","F"
"RGYBZ","RTM21","R","19980401","F"
"RGYCE","RTM52","R","19980401","F"
"RGYCF","RTM53","R","19980401","F"
"RGYCR","RTM55","R","19980401","F"
"RGYDA","RTM90","R","19980401","F"
"RGYDB","RTM90","R","19980401","F"
"RGYDD","RTMR1","R","19980401","F"
"RGYDE","RTMR2","R","19980401","F"
"RGYDF","RTMR3","R","19980401","F"
"RGYDG","RTMR4","R","19980401","F"
"RGYDH","RTMR5","R","19980401","F"
"RGYDI","RTMR6","R","19980401","F"
"RGYDJ","RTMR7","R","19980401","F"
"RGYDK","RTMR8","R","19980401","F"
"RGYDL","RTMR9","R","19980401","F"
"RGYFA","RTM23","R","19980401","F"
"RGYGA","RTM87","R","19980401","F"
"RGYGE","RTM99","R","19980401","X"
"RGYKR","RTM57","R","19980401","F"
"RGYNR","RTM58","R","19980401","F"
"RGYWC","RTM24","R","19980401","F"
"RGZ","RYQ","R","20090401","X"
"RGZ01","RYQ10","R","20090401","X"
"RGZ02","RYQ11","R","20090401","X"
"RGZ05","RYQ25","R","20090401","X"
"RGZ06","RYQ26","R","20090401","X"
"RGZ07","RYQ20","R","20090401","X"
"RGZ10","RYQ21","R","20090401","X"
"RGZ11","RYQ22","R","20090401","X"
"RGZ12","RYQ50","R","20090401","X"
"RGZ14","RYQ27","R","20090401","X"
"RGZ15","RYQ23","R","20090401","X"
"RGZ16","RYQ24","R","20090401","X"
"RH1","RYE","R","20060701",""
"RH101","RYE22","R","20060701","X"
"RH102","RYE23","R","20060701",""
"RH104","RYE25","R","20060701",""
"RH105","RYE26","R","20060701","X"
"RH106","RYE27","R","20060701","X"
"RH107","RYE28","R","20060701","X"
"RH108","RYE29","R","20060701",""
"RH109","RYE30","R","20060701","X"
"RH112","RYE33","R","20060701","X"
"RH113","RYE34","R","20060701","X"
"RH114","RYE35","R","20060701","X"
"RH116","RYE37","R","20060701",""
"RH117","RYE38","R","20060701",""
"RH118","RYE39","R","20060701",""
"RH119","RYE40","R","20060701","X"
"RH121","RWX21","R","20010401","X"
"RH122","RYE43","R","20060701","X"
"RH123","RWX23","R","20010401","X"
"RH124","RYE45","R","20060701","X"
"RH125","RWX25","R","20010401","X"
"RH127","RYE48","R","20060701","X"
"RH2","RXQ","R","20030401",""
"RH234","RXQ01","R","20030401","X"
"RH250","RXQ50","R","20030401",""
"RH251","RXQ51","R","20030401",""
"RH253","5G404","O","20020401","F"
"RH255","5G402","O","20020401","X"
"RH257","5G501","O","20020401","F"
"RH288","RXQ88","R","20030401",""
"RH3","RTH","R","19980401",""
"RH305","RTH05","R","19980401",""
"RH4","RWX","R","20010401",""
"RH403","5DN01","O","20010401","F"
"RH404","5DK01","O","20010401","F"
"RH405","5DK02","O","20010401","F"
"RH408","5DL01","O","20010401","F"
"RH411","5DK05","O","20010401","F"
"RH411","RWX69","R","20010401","X"
"RH413","5DXA1","O","20010401","F"
"RH416","RWX16","R","20010401","X"
"RH421","RWX70","R","20010401",""
"RH430","5DL08","O","20010401","F"
"RH431","5DXA7","O","20010401","F"
"RH432","5DK15","O","20010401","F"
"RH433","5DN02","O","20010401","F"
"RH434","5DXA8","O","20010401","F"
"RH437","5DL05","O","20010401","F"
"RH437","RWX37","R","20010401",""
"RH438","5DN03","O","20010401","F"
"RH440","5DL02","O","20010401","X"
"RH441","5DL03","O","20010401","F"
"RH442","5DL04","O","20010401","F"
"RH450","RWX50","R","20010401","X"
"RH451","RWX51","R","20010401",""
"RH495","RWX95","R","20010401",""
"RH496","RWX73","R","20010401",""
"RH498","RWX98","R","20010401",""
"RH506","RH588","R","19981013","X"
"RH507","RH589","R","19981013",""
"RH520","RH512","R","20001101","X"
"RH552","RH572","R","19940705",""
"RH555","RH535","R","19931018","X"
"RH555","RH533","R","19931018",""
"RH555","RH534","R","19931018","X"
"RH6","RTE","R","20020401",""
"RH641","RTE03","R","20020401",""
"RH642","RTE31","R","20020401",""
"RH643","RTE32","R","20020401",""
"RH644","RTE21","R","20020401",""
"RH645","RTE26","R","20020401",""
"RH650","RTE04","R","20020401",""
"RH680","RTE01","R","20020401",""
"RH681","RTE23","R","20020401",""
"RH682","RTE22","R","20020401",""
"RH683","RTE25","R","20020401",""
"RH684","RTE14","R","20020401","X"
"RH685","RTE15","R","20020401",""
"RH7","RTQ","R","20020401",""
"RH7","5KY","O","20020401","F"
"RH7","5KX","O","20020401","F"
"RH7","5KW","O","20020401","F"
"RH722","RTQ56","R","20020401",""
"RH724","RTQ51","R","20020401",""
"RH726","RTQ77","R","20020401",""
"RH727","RTQ54","R","20020401",""
"RH730","RTQ55","R","20020401",""
"RH732","RTQ71","R","20020401",""
"RH734","RTQ33","R","20020401",""
"RH735","RTQ31","R","20020401",""
"RH737","RTQ12","R","20020401",""
"RH741","5KY08","O","20020401","F"
"RH742","RTQ85","R","20020401",""
"RH742","5KX01","O","20020401","F"
"RH743","5KX02","O","20020401","F"
"RH743","5KY15","O","20020401","F"
"RH744","RTQ81","R","20020401",""
"RH744","5KY01","O","20020401","F"
"RH745","5KY05","O","20020401","F"
"RH749","5KY06","O","20020401","F"
"RH755","RTQ74","R","20020401",""
"RH756","5KY12","O","20020401","F"
"RH757","5KY13","O","20020401","F"
"RH758","5KY11","O","20020401","F"
"RH762","RTQ76","R","20020401",""
"RH763","RTQ75","R","20020401",""
"RH765","RTQ73","R","20020401",""
"RH766","RTQ57","R","20020401",""
"RH774","5KY09","O","20020401","F"
"RH776","RTQ52","R","20020401",""
"RH777","RTQ32","R","20020401",""
"RH778","RTQ11","R","20020401","X"
"RH779","RTQ02","R","20020401",""
"RH780","RTQ53","R","20020401",""
"RH782","5KY14","O","20020401","F"
"RH9","RRZ","R","19960401","F"
"RH903","RRZ03","R","19960401","F"
"RH905","RRZ05","R","19960401","F"
"RH909","RRZ09","R","19960401","F"
"RH919","RRZ19","R","19960401","F"
"RH949","RRZ49","R","19960401","F"
"RH950","RRZ50","R","19960401","F"
"RH951","RRZ51","R","19960401","F"
"RH952","RRZ52","R","19960401","X"
"RH960","RRZ55","R","19960401","F"
"RH961","RRZ56","R","19960401","F"
"RH962","RRZ57","R","19960401","F"
"RH963","RRZ58","R","19960401","F"
"RH964","RRZ59","R","19960401","F"
"RH966","RRZ73","R","19960401","F"
"RH967","RRZ74","R","19960401","F"
"RH968","RRZ75","R","19960401","F"
"RH969","RRZ76","R","19960401","F"
"RH970","RRZ77","R","19960401","X"
"RH971","RRZ71","R","19960401","F"
"RH972","RRZ72","R","19960401","F"
"RH978","RRZ78","R","19960401","F"
"RH986","RRZ86","R","19960401","X"
"RH987","RRZ87","R","19960401","X"
"RH991","RRZ96","R","19960401","X"
"RH993","RRZ97","R","19960401","X"
"RH995","RRZ95","R","19960401","F"
"RHB","5K7","O","20020401","X"
"RHB","5K8","O","20020401","X"
"RHBQE","5K7QE","O","20020401","X"
"RHC","RRP","R","20010401","F"
"RHC","5C1","O","20010401","X"
"RHD","RDA","R","19990401","F"
"RHE","RTP","R","19980401",""
"RHE02","RTP06","R","19980401","F"
"RHE04","RTP02","R","19980401",""
"RHE17","RTP18","R","19980401",""
"RHE42","RTP19","R","19980401",""
"RHE62","RTP20","R","19980401",""
"RHF","RVM","R","19990401","F"
"RHF01","RVM04","R","19990401","F"
"RHG","RVM","R","19990401","F"
"RHG01","RVM01","R","19990401","F"
"RHG07","RVM03","R","19990401","F"
"RHH","RTP","R","19980401",""
"RHH05","RTP05","R","19980401",""
"RHH06","RTP07","R","19980401",""
"RHH09","RTP01","R","19980401","X"
"RHH10","RTP03","R","19980401","F"
"RHH11","RTP04","R","19980401",""
"RHH35","RTP08","R","19980401",""
"RHH36","RTP09","R","19980401",""
"RHH37","RTP10","R","19980401","X"
"RHH38","RTP11","R","19980401",""
"RHH39","RTP12","R","19980401",""
"RHH40","RTP13","R","19980401",""
"RHH45","RTP14","R","19980401",""
"RHH47","RTP15","R","19980401",""
"RHH48","RTP16","R","19980401",""
"RHH49","RTP17","R","19980401",""
"RHJ","RW8","R","20020401","F"
"RHJ01","5L801","O","20020401","F"
"RHJ02","5L802","O","20020401","F"
"RHJ05","RW878","R","20020401","F"
"RHJ05","RW880","R","20020401","F"
"RHJ05","RW881","R","20020401","F"
"RHJ05","RW8A1","R","20020401","F"
"RHJ05","RW8A2","R","20020401","F"
"RHJ05","RW8A3","R","20020401","F"
"RHJ05","RW8A4","R","20020401","F"
"RHJ05","RW863","R","20020401","F"
"RHJ05","RW864","R","20020401","F"
"RHJ05","RW865","R","20020401","F"
"RHJ05","RW801","R","20020401","F"
"RHJ05","RW805","R","20020401","F"
"RHJ06","RW806","R","20020401","F"
"RHJ08","RW808","R","20020401","X"
"RHJ09","RW809","R","20020401","F"
"RHJ11","5L811","O","20020401","F"
"RHJ15","RW814","R","20020401","F"
"RHJ15","RW815","R","20020401","F"
"RHJ16","RW8A8","R","20020401","F"
"RHJ16","RW873","R","20020401","F"
"RHJ16","RW816","R","20020401","F"
"RHJ17","RW817","R","20020401","F"
"RHJ30","5L830","O","20020401","F"
"RHJ31","5L831","O","20020401","F"
"RHJ32","5L832","O","20020401","F"
"RHJ33","5L833","O","20020401","F"
"RHJ67","RW867","R","20020401","F"
"RHK","5DF","O","20010401","F"
"RHK18","5DF18","O","20010401","X"
"RHL","RR2","R","19970401","F"
"RHN","RN1","R","20000401","F"
"RHN03","RN103","R","20000401","X"
"RHP","RYF","R","20060701",""
"RHP01","RYF01","R","20060701",""
"RHP02","RYF02","R","20060701",""
"RHP03","RYF03","R","20060701",""
"RHP04","RYF04","R","20060701",""
"RHP05","RYF05","R","20060701",""
"RHP06","RYF06","R","20060701",""
"RHP07","RYF07","R","20060701",""
"RHP08","RYF08","R","20060701",""
"RHP09","RYF09","R","20060701",""
"RHP10","RYF10","R","20060701",""
"RHP11","RYF11","R","20060701",""
"RHP13","RYF12","R","20060701",""
"RHP31","RYF13","R","20060701","X"
"RHR","RX5","R","20060401","F"
"RHR01","RX531","R","20060401","X"
"RHR02","RX532","R","20060401","X"
"RHR03","RX533","R","20060401","X"
"RHR04","RX534","R","20060401","X"
"RHR05","RX535","R","20060401","X"
"RHR06","RX526","R","20060401","X"
"RHR07","RX527","R","20060401","X"
"RHR08","RX528","R","20060401","X"
"RHR09","RX529","R","20060401","X"
"RHR10","RX530","R","20060401","X"
"RHR11","RX536","R","20060401","X"
"RHS","RW1","R","20020401",""
"RHS","5L1","O","20020401","X"
"RHS","5A1","O","20020401","F"
"RHS05","5A101","O","20010401","F"
"RHS06","5A103","O","20010401","F"
"RHS07","5A105","O","20010401","F"
"RHS08","5GY02","O","20010401","F"
"RHS09","5A107","O","20010401","F"
"RHS11","5GY03","O","20010401","F"
"RHS22","RW143","R","20010401","X"
"RHS23","RW135","R","20010401","X"
"RHS26","RW136","R","20010401","X"
"RHS29","5A106","O","20010401","F"
"RHS34","RW146","R","20010401",""
"RHS37","5GY01","O","20010401","F"
"RHS38","5L108","O","20020401","X"
"RHS39","5A104","O","20010401","F"
"RHS40","RW145","R","20010401",""
"RHS43","5GY06","O","20010401","F"
"RHS46","RW148","R","20010401",""
"RHS55","5A108","O","20010401","F"
"RHS56","5A102","O","20010401","F"
"RHS62","RW131","R","20010401","X"
"RHS79","RW137","R","20010401","X"
"RHS80","RW142","R","20010401","X"
"RHS83","5GY05","O","20010401","F"
"RHS85","RW147","R","20010401",""
"RHS87","RW140","R","20010401",""
"RHT","RR2","R","19970401","F"
"RHT01","RR201","R","19970401","F"
"RHV","RTH","R","19990601",""
"RHV01","RTH01","R","19990601","X"
"RHV14","RBF01","R","19990601","X"
"RHX","RW1","R","20121102",""
"RHX49","RHX76","R","19990601","X"
"RHX63","RHX31","R","19980701","X"
"RHX69","RHX82","R","19990401","X"
"RHX73","RHX60","R","20000401","X"
"RHX75","RHX60","R","20000401","X"
"RHX77","RHX82","R","19990401","X"
"RHY","RX9","R","20060701",""
"RHY","RYE","R","20060701",""
"RHY01","RYE63","R","20060701","X"
"RHY02","RYE64","R","20060701",""
"RHY03","RYE65","R","20060701",""
"RHY04","RYE66","R","20060701","X"
"RHY05","RX966","R","20060701",""
"RHY06","RX967","R","20060701",""
"RHY07","RX968","R","20060701",""
"RHY08","RYE67","R","20060701",""
"RHY09","RX969","R","20060701",""
"RHY10","RYE68","R","20060701",""
"RHY11","RX970","R","20060701",""
"RHY12","RYE69","R","20060701",""
"RHY13","RX971","R","20060701",""
"RHY14","RX972","R","20060701","X"
"RHY15","RYE70","R","20060701",""
"RHY17","RX973","R","20060701",""
"RHY18","RX974","R","20060701",""
"RHY19","RYE71","R","20060701","X"
"RHY20","RX975","R","20060701","X"
"RHY21","RX976","R","20060701","X"
"RHY22","RYE72","R","20060701","X"
"RHY23","RX977","R","20060701","X"
"RHY24","RX978","R","20060701","X"
"RHY25","RYE73","R","20060701","X"
"RHY26","RYE74","R","20060701","X"
"RHZ","5G2","O","20020401","F"
"RHZ","5G3","O","20020401","F"
"RHZ","5DM","O","20020401","F"
"RHZ51","5G301","O","20020401","F"
"RHZ53","5DM01","O","20010401","F"
"RHZ54","5G302","O","20020401","F"
"RHZ80","5DM02","O","20010401","F"
"RHZ82","5G303","O","20020401","F"
"RHZ86","5DM03","O","20010401","F"
"RHZ87","5G201","O","20020401","F"
"RHZ88","5G202","O","20020401","F"
"RJ3","RV3","R","19990401",""
"RJ305","RV336","R","19990401","X"
"RJ310","RV335","R","19990401",""
"RJ312","RV318","R","19990401",""
"RJ313","RV316","R","19990401",""
"RJ316","RV315","R","19990401",""
"RJ351","RV339","R","19990401",""
"RJ352","RV349","R","19990401","X"
"RJ353","RV342","R","19990401",""
"RJ399","RV321","R","19990401",""
"RJ5","RYJ","R","20071001",""
"RJ501","RYJ01","R","20071001",""
"RJ503","RYJ05","R","20071001",""
"RJ510","RYJ06","R","20071001",""
"RJ511","RYJ07","R","20071001",""
"RJ512","RYJ08","R","20071001",""
"RJ802","5KR02","O","20020401","F"
"RJ804","5KT04","O","20020401","F"
"RJ806","RJ805","R","19930403",""
"RJ810","5KR10","O","20020401","F"
"RJ811","5KR11","O","20020401","X"
"RJ812","5KR12","O","20020401","F"
"RJ813","5KR13","O","20020401","F"
"RJ814","5FM04","O","20010401","F"
"RJ818","5KR18","O","20020401","X"
"RJ824","RJ866","R","20020601",""
"RJ832","5KR32","O","20020401","F"
"RJ833","5KT33","O","20020401","F"
"RJ834","5KR34","O","20020401","X"
"RJ835","5KT35","O","20020401","F"
"RJ883","5KR83","O","20020401","F"
"RJ9","RYF","R","20060701",""
"RJ902","RYF14","R","20060701",""
"RJ903","RYF15","R","20060701",""
"RJ904","RYF16","R","20060701","X"
"RJ905","RYF17","R","20060701",""
"RJ906","RYF18","R","20060701",""
"RJ907","RYF19","R","20060701","X"
"RJ908","RYF20","R","20060701","X"
"RJ910","RYF21","R","20060701",""
"RJ911","RYF22","R","20060701","X"
"RJ913","RYF23","R","20060701",""
"RJ916","RYF25","R","20060701","X"
"RJ917","RYF26","R","20060701",""
"RJ918","RYF27","R","20060701","X"
"RJ919","RYF28","R","20060701",""
"RJ920","RYF29","R","20060701",""
"RJ921","RYF30","R","20060701",""
"RJ922","RYF31","R","20060701",""
"RJ923","RYF32","R","20060701",""
"RJ924","RYF33","R","20060701","X"
"RJ925","RYF34","R","20060701",""
"RJ930","RYF35","R","20060701",""
"RJ931","RYF36","R","20060701",""
"RJ932","RYF37","R","20060701",""
"RJ940","RYF38","R","20060701",""
"RJ941","RYF39","R","20060701",""
"RJ942","RYF40","R","20060701",""
"RJ943","RYF41","R","20060701",""
"RJ944","RYF42","R","20060701",""
"RJ945","RYF43","R","20060701","X"
"RJ947","RYF44","R","20060701",""
"RJ955","RYF46","R","20060701",""
"RJ956","RYF47","R","20060701",""
"RJ957","RYF48","R","20060701",""
"RJ958","RYF49","R","20060701",""
"RJ959","RYF50","R","20060701",""
"RJ960","RYF51","R","20060701",""
"RJ961","RYF52","R","20060701",""
"RJ962","RYF53","R","20060701",""
"RJ963","RYF54","R","20060701",""
"RJ964","RYF55","R","20060701",""
"RJ971","RYF56","R","20060701","X"
"RJ972","RYF57","R","20060701",""
"RJ973","RYF58","R","20060701",""
"RJ974","RYF59","R","20060701","X"
"RJ975","RYF60","R","20060701",""
"RJ976","RYF61","R","20060701",""
"RJ977","RYF62","R","20060701",""
"RJ978","RYF63","R","20060701",""
"RJ978","RYF64","R","20060701",""
"RJ980","RYF65","R","20060701",""
"RJ981","RYF66","R","20060701",""
"RJ983","RYF67","R","20060701","X"
"RJ984","RYF68","R","20060701",""
"RJ986","RYF69","R","20060701",""
"RJ987","RYF70","R","20060701",""
"RJ989","RYF72","R","20060701","X"
"RJA","RRZ","R","19960401","F"
"RJA02","RRZ02","R","19960401","F"
"RJA05","RRZ26","R","19960401","F"
"RJA11","RRZ11","R","19960401","F"
"RJA20","RRZ20","R","19960401","F"
"RJA21","RRZ21","R","19960401","F"
"RJA22","RRZ22","R","19960401","F"
"RJA23","RRZ23","R","19960401","F"
"RJA24","RRZ24","R","19960401","X"
"RJA25","RRZ25","R","19960401","F"
"RJA27","RRZ27","R","19960401","F"
"RJA28","RRZ28","R","19960401","F"
"RJA29","RRZ29","R","19960401","F"
"RJA60","RRZ60","R","19960401","F"
"RJA61","RRZ61","R","19960401","F"
"RJA62","RRZ62","R","19960401","F"
"RJA63","RRZ63","R","19960401","X"
"RJA64","RRZ64","R","19960401","F"
"RJA65","RRZ65","R","19960401","F"
"RJA66","RRZ66","R","19960401","F"
"RJA67","RRZ67","R","19960401","F"
"RJA68","RRZ68","R","19960401","F"
"RJA69","RRZ69","R","19960401","F"
"RJA70","RRZ70","R","19960401","F"
"RJA91","RRZ91","R","19960401","F"
"RJA92","RRZ92","R","19960401","X"
"RJA93","RRZ93","R","19960401","X"
"RJAB2","RRZB2","R","19960401","F"
"RJAB3","RRZB3","R","19960401","X"
"RJAB4","RRZB4","R","19960401","X"
"RJAB5","RRZB5","R","19960401","X"
"RJAB6","RRZB6","R","19960401","X"
"RJAB7","RRZB7","R","19960401","X"
"RJAC3","RRZC3","R","19960401","F"
"RJAC4","RRZC4","R","19960401","X"
"RJAC5","RRZC5","R","19960401","X"
"RJAC6","RRZC6","R","19960401","X"
"RJAC7","RRZC7","R","19960401","X"
"RJAC8","RRZC8","R","19960401","X"
"RJAD5","RRZD5","R","19960401","X"
"RJAF9","RRZF9","R","19960401","F"
"RJB","RWP","R","20000401",""
"RJB","RWQ","R","20000401","F"
"RJB01","RWQK1","R","20000401","F"
"RJB01","RWP31","R","20000401",""
"RJB04","RWP34","R","20000401","X"
"RJB04","RWQK2","R","20000401","X"
"RJB05","RWP35","R","20000401","X"
"RJB05","RWQK3","R","20000401","F"
"RJB68","RWQK4","R","20000401","F"
"RJB69","RWQK5","R","20000401","F"
"RJB70","RWQK6","R","20000401","F"
"RJB71","RWQK7","R","20000401","F"
"RJE04","5ME04","O","20040401","F"
"RJF","RTG","R","20180701",""
"RJG","RRM","R","19950401","F"
"RJG07","RRM07","R","19950401","F"
"RJG08","RRM08","R","19950401","X"
"RJG10","RRM10","R","19950401","X"
"RJG15","RRM15","R","19950401","X"
"RJG16","RRM16","R","19950401","X"
"RJG17","RRM17","R","19950401","X"
"RJG18","RRM18","R","19950401","X"
"RJG19","RRM19","R","19950401","X"
"RJG20","RRM20","R","19950401","X"
"RJG99","RRM99","R","19950401","X"
"RJGE9","RRME9","R","19950401","X"
"RJGF1","RRMF1","R","19950401","X"
"RJGF5","RRMF5","R","19950401","X"
"RJH","RR1","R","20070408","X"
"RJH01","RR105","R","20070408","X"
"RJH03","RR106","R","20070408","X"
"RJH04","RR101","R","20070408","X"
"RJH05","RR109","R","20070408","X"
"RJJ","RRM","R","19950401","F"
"RJJ00","RRM00","R","19950401","X"
"RJJ01","RRM01","R","19950401","X"
"RJJ03","RRM03","R","19950401","F"
"RJJ04","RRM04","R","19950401","F"
"RJJ07","RRM21","R","19950401","F"
"RJJ08","RRM22","R","19950401","X"
"RJJ60","RRM60","R","19950401","F"
"RJJ61","RRM61","R","19950401","F"
"RJJ62","RRM62","R","19950401","X"
"RJJ63","RRM63","R","19950401","F"
"RJJ64","RRM64","R","19950401","X"
"RJJ65","RRM65","R","19950401","X"
"RJJ66","RRM66","R","19950401","F"
"RJJ67","RRM67","R","19950401","X"
"RJJ68","RRM68","R","19950401","X"
"RJJ69","RRM69","R","19950401","X"
"RJJ70","RRM70","R","19950401","X"
"RJJ71","RRM71","R","19950401","X"
"RJJ72","RRM72","R","19950401","F"
"RJJ73","RRM73","R","19950401","F"
"RJJ74","RRM74","R","19950401","X"
"RJJ75","RRM75","R","19950401","F"
"RJJ76","RRM76","R","19950401","F"
"RJJ77","RRM77","R","19950401","F"
"RJJ78","RRM78","R","19950401","X"
"RJJ79","RRM79","R","19950401","F"
"RJJ80","RRM80","R","19950401","F"
"RJJ81","RRM81","R","19950401","F"
"RJJ82","RRM82","R","19950401","X"
"RJK","RTW","R","19980401","F"
"RJK01","RTW01","R","19980401","F"
"RJK03","RTW03","R","19980401","F"
"RJK04","RTW22","R","19980401","F"
"RJK05","RTW35","R","19980401","F"
"RJK06","RTW06","R","19980401","F"
"RJK07","RTW07","R","19980401","F"
"RJK08","RTW08","R","19980401","F"
"RJK09","RTW09","R","19980401","F"
"RJK10","RTW10","R","19980401","F"
"RJK11","RTW11","R","19980401","F"
"RJK12","RTW12","R","19980401","F"
"RJK13","RTW13","R","19980401","F"
"RJK14","RTW14","R","19980401","F"
"RJK15","RTW15","R","19980401","F"
"RJK16","RTW26","R","19980401","F"
"RJK17","RTW17","R","19980401","F"
"RJK18","RTW18","R","19980401","F"
"RJK19","RTW19","R","19980401","F"
"RJK20","RTW20","R","19980401","F"
"RJK21","RTW21","R","19980401","F"
"RJK22","RTW04","R","19980401","F"
"RJK23","RTW32","R","19980401","F"
"RJK24","RTW24","R","19980401","F"
"RJK25","RTW25","R","19980401","F"
"RJK26","RTW16","R","19980401","F"
"RJK27","RTW27","R","19980401","F"
"RJK28","RTW28","R","19980401","F"
"RJK29","RTW29","R","19980401","F"
"RJK30","RTW30","R","19980401","F"
"RJK31","RTW31","R","19980401","F"
"RJK32","RTW23","R","19980401","F"
"RJK33","RTW33","R","19980401","F"
"RJK34","RTW34","R","19980401","F"
"RJK35","RTW08","R","19980401","F"
"RJK36","RTW36","R","19980401","F"
"RJK37","RTW37","R","19980401","F"
"RJK38","RTW38","R","19980401","F"
"RJK39","RTW39","R","19980401","F"
"RJK40","RTW40","R","19980401","F"
"RJK41","RTW41","R","19980401","F"
"RJK42","RTW42","R","19980401","F"
"RJK45","RTW45","R","19980401","F"
"RJK46","RTW46","R","19980401","F"
"RJK47","RTW47","R","19980401","F"
"RJK48","RTW48","R","19980401","F"
"RJK49","RTW49","R","19980401","F"
"RJK50","RTW50","R","19980401","F"
"RJK51","RTW51","R","19980401","F"
"RJM","5M3","O","20020401","X"
"RJM04","5M301","O","20020401","X"
"RJM06","5M302","O","20020401","X"
"RJM07","5M303","O","20020401","X"
"RJM08","5M304","O","20020401","X"
"RJM09","5M305","O","20020401","X"
"RJM10","5M306","O","20020401","X"
"RJM11","5M307","O","20020401","X"
"RJM12","5M308","O","20020401","X"
"RJM13","5M309","O","20020401","X"
"RJM14","5M310","O","20020401","X"
"RJM15","5M311","O","20020401","X"
"RJM18","5M312","O","20020401","X"
"RJM19","5M313","O","20020401","X"
"RJM20","5M314","O","20020401","X"
"RJM22","5M315","O","20020401","X"
"RJM23","5M316","O","20020401","X"
"RJM24","5M317","O","20020401","X"
"RJM25","5M318","O","20020401","X"
"RJM26","5M319","O","20020401","X"
"RJM27","5M320","O","20020401","X"
"RJM28","5M321","O","20020401","X"
"RJM32","5M322","O","20020401","X"
"RJM36","5M323","O","20020401","X"
"RJM37","5M324","O","20020401","X"
"RJM38","5M325","O","20020401","X"
"RJM39","5M326","O","20020401","X"
"RJM45","5M327","O","20020401","X"
"RJM46","5M328","O","20020401","X"
"RJM47","5M329","O","20020401","X"
"RJM48","5M330","O","20020401","X"
"RJM49","5M331","O","20020401","X"
"RJM50","5M332","O","20020401","X"
"RJM51","5M333","O","20020401","X"
"RJM53","5M334","O","20020401","X"
"RJM54","5M335","O","20020401","X"
"RJM55","5M336","O","20020401","X"
"RJM57","5M337","O","20020401","X"
"RJM58","5M338","O","20020401","X"
"RJM59","5M339","O","20020401","X"
"RJM60","5M340","O","20020401","X"
"RJM70","5M341","O","20020401","X"
"RJM71","5M342","O","20020401","X"
"RJM72","5M343","O","20020401","X"
"RJM73","5M344","O","20020401","X"
"RJM74","5M345","O","20020401","X"
"RJM75","5M346","O","20020401","X"
"RJM76","5M347","O","20020401","X"
"RJP","RVT","R","19990401","F"
"RJP06","RVT01","R","19990401","X"
"RJP07","RVT15","R","19990401","F"
"RJP08","RVT11","R","19990401","F"
"RJP10","RVT12","R","19990401","F"
"RJP12","RVT20","R","19990401","X"
"RJP13","RVT13","R","19990401","F"
"RJP14","RVT16","R","19990401","F"
"RJP18","RVT30","R","19990401","X"
"RJP23","RVT17","R","19990401","F"
"RJP24","RVT14","R","19990401","X"
"RJP27","RVT31","R","19990401","X"
"RJP29","RVT19","R","19990401","F"
"RJP99","RVT18","R","19990401","F"
"RJQ","RTV","R","20020401","F"
"RJQ","5J2","O","20020401","X"
"RJQ48","RTV23","R","20020401","F"
"RJQ49","RTV27","R","20020401","X"
"RJQ51","RTV48","R","20020401","X"
"RJS","RWW","R","20010401",""
"RJSCS","RWWCS","R","20010401","F"
"RJSHG","RWWHG","R","20010401",""
"RJSSJ","RWWSJ","R","20010401",""
"RJSSL","RWWSL","R","20010401",""
"RJSTR","RWWTR","R","20010401","F"
"RJT","5H4","O","20020401","F"
"RJT","5H5","O","20020401","F"
"RJT","RXA","R","20020401",""
"RJT","5H3","O","20020401","F"
"RJT31","RXA31","R","20020401","X"
"RJT41","RXA41","R","20020401","X"
"RJT90","RXA90","R","20020401",""
"RJT97","RXA15","R","20020401","X"
"RJT99","RXA99","R","20020401","X"
"RJU","RW5","R","20020801",""
"RJU","RXN","R","20020801",""
"RJU01","RXN01","R","20020801",""
"RJU12","RW5DC","R","20020801",""
"RJU14","RW5DB","R","20020801","F"
"RJV","RVY","R","19990401","F"
"RJV","RVT","R","19990401","F"
"RJV01","RVY02","R","19990401","X"
"RJV06","RVT05","R","19990401","F"
"RJV07","RVT02","R","19990401","F"
"RJV08","RVT06","R","19990401","F"
"RJV09","RVT03","R","19990401","F"
"RJV10","RVT07","R","19990401","F"
"RJV12","RVT04","R","19990401","F"
"RJV13","RVT09","R","19990401","F"
"RJV14","RVT10","R","19990401","F"
"RJV15","RVT08","R","19990401","F"
"RJV16","RVT37","R","19990401","X"
"RJV19","RVT25","R","19990401","F"
"RJV20","RVT23","R","19990401","F"
"RJV21","RVT26","R","19990401","F"
"RJV22","RVT24","R","19990401","F"
"RJV23","RVT27","R","19990401","F"
"RJV26","RVT38","R","19990401","F"
"RJW","RM5","R","19940401","F"
"RJW00","RM520","R","19940401","X"
"RJW09","RM547","R","19940401","X"
"RJW10","RM552","R","19940401","F"
"RJW11","RM564","R","19940401","X"
"RJW12","RM540","R","19940401","F"
"RJW13","RM544","R","19940401","X"
"RJW14","RM561","R","19940401","X"
"RJW15","RM548","R","19940401","X"
"RJW16","RM549","R","19940401","X"
"RJW17","RM551","R","19940401","X"
"RJW18","RM560","R","19940401","X"
"RJW19","RM565","R","19940401","X"
"RJW20","RM546","R","19940401","X"
"RJW21","RM545","R","19940401","F"
"RJW22","RM566","R","19940401","F"
"RJW23","RM550","R","19940401","F"
"RJW24","RM563","R","19940401","X"
"RJW25","RM541","R","19940401","X"
"RJW27","RM567","R","19940401","X"
"RJX","RW4","R","20160701",""
"RJY","RRF","R","20010401",""
"RJY01","RRF01","R","20010401",""
"RJY02","RRF02","R","20010401",""
"RJY04","RRF04","R","20010401",""
"RJY05","RRF05","R","20010401","X"
"RJY06","RRF06","R","20010401","X"
"RJY12","RRF12","R","20010401",""
"RJY14","RRF14","R","20010401",""
"RJY16","RRF16","R","20010401",""
"RJY17","RRF17","R","20010401",""
"RJY19","RRF19","R","20010401",""
"RJY20","RRF20","R","20010401",""
"RJY21","RRF21","R","20010401",""
"RJY22","RRF22","R","20010401",""
"RJY23","RRF23","R","20010401",""
"RJY24","RRF24","R","20010401",""
"RJY25","RRF25","R","20010401",""
"RJY26","RRF26","R","20010401",""
"RJY28","RRF28","R","20010401",""
"RJY29","RRF29","R","20010401",""
"RJY30","RRF30","R","20010401",""
"RJY31","RRF31","R","20010401",""
"RJY32","RRF32","R","20010401",""
"RJY33","RRF33","R","20010401",""
"RJY34","RRF34","R","20010401",""
"RJY35","RRF35","R","20010401",""
"RJY36","RRF36","R","20010401",""
"RJY37","RRF37","R","20010401",""
"RJY45","RRF45","R","20010401",""
"RJY48","RRF48","R","20010401",""
"RJY49","RRF49","R","20010401",""
"RJY50","RRF50","R","20010401",""
"RJY51","RRF51","R","20010401",""
"RJY52","RRF52","R","20010401",""
"RK1","RWD","R","20000401",""
"RK1DA","RWDLV","R","20000401",""
"RK1LA","RWDLA","R","20000401",""
"RK1LB","RWDLB","R","20000401",""
"RK1LC","RWDLC","R","20000401",""
"RK1LD","RWDLD","R","20000401",""
"RK1LG","RWDLG","R","20000401",""
"RK1LH","RWDLH","R","20000401",""
"RK1LJ","RWDLJ","R","20000401",""
"RK1LK","RWDLK","R","20000401",""
"RK1LR","RWDLR","R","20000401",""
"RK1LT","RWDLT","R","20000401",""
"RK2","RT5","R","19990401",""
"RK2AN","RT5AN","R","19990401",""
"RK2AP","RT5AP","R","19990401",""
"RK2AR","RFJAR","R","19990401","F"
"RK2AT","RT5AT","R","19990401",""
"RK2AX","RT5AX","R","19990401",""
"RK2AY","RT5AY","R","19990401","X"
"RK2AZ","RT5AZ","R","19990401",""
"RK2BA","RT5BA","R","19990401","X"
"RK2BF","RT5BF","R","19990401",""
"RK2BH","RT5BH","R","19990401",""
"RK2BJ","RT5BJ","R","19990401","F"
"RK2BK","RT5BK","R","19990401","X"
"RK2BL","RT5BL","R","19990401",""
"RK2BN","RT5BN","R","19990401",""
"RK2CN","RT5CN","R","19990401",""
"RK2CP","RT5CP","R","19990401","F"
"RK2CT","RT5CT","R","19990401","F"
"RK2DC","RT5DC","R","19990401","F"
"RK2FA","RT5FA","R","19990401",""
"RK2FB","RT5FB","R","19990401","F"
"RK2FC","RT5FC","R","19990401",""
"RK2FD","RT5FD","R","19990401",""
"RK2FE","RT5FE","R","19990401",""
"RK2FK","RT5FK","R","19990401",""
"RK2JF","RT5JF","R","19990401","X"
"RK2JG","RT5JG","R","19990401",""
"RK2JH","RT5JH","R","19990401",""
"RK2JK","RT5JK","R","19990401",""
"RK2JM","RT5JM","R","19990401",""
"RK2JN","RT5JN","R","19990401","F"
"RK2JP","RT5JP","R","19990401",""
"RK2JR","RT5JR","R","19990401",""
"RK2JS","RT5JS","R","19990401",""
"RK2JS","RT5KS","R","19990401","F"
"RK2JT","RT5JT","R","19990401",""
"RK2JW","RT5JW","R","19990401","F"
"RK2JX","RT5JX","R","19990401","F"
"RK2JY","RT5JY","R","19990401",""
"RK2JZ","RT5JZ","R","19990401","F"
"RK2KA","RT5KA","R","19990401","F"
"RK2KB","RT5KB","R","19990401",""
"RK2KD","RT5KD","R","19990401","X"
"RK2KE","RT5KE","R","19990401",""
"RK2KF","RT5KF","R","19990401",""
"RK2KG","RT5KG","R","19990401",""
"RK2KH","RT5KH","R","19990401","F"
"RK2KK","RT5KK","R","19990401",""
"RK2KM","RT5KM","R","19990401",""
"RK3","RRX","R","19960401","F"
"RK3AB","RRXAB","R","19960401","F"
"RK3AE","RK4AE","R","19960401","X"
"RK3AF","RK4AF","R","19960401","X"
"RK3AG","RK4AG","R","19960401","X"
"RK4","5D2","O","20010401","F"
"RK4","RP7","R","20010401",""
"RK4AA","RP7AA","R","20010401","X"
"RK4AJ","RP7AJ","R","20010401","X"
"RK4AK","RP7AK","R","20010401","X"
"RK4AS","RP7AS","R","20010401","X"
"RK4BA","RP7BA","R","20010401",""
"RK4BC","RP7BC","R","20010401","X"
"RK4BE","RP7BE","R","20010401","X"
"RK4BJ","RP7BJ","R","20010401","X"
"RK4CC","RP7CC","R","20010401","X"
"RK4CE","RP7CE","R","20010401","X"
"RK4CF","RP7CF","R","20010401","X"
"RK4CG","RP7CG","R","20010401",""
"RK4CH","RP7CH","R","20010401","X"
"RK4CJ","RP7CJ","R","20010401",""
"RK4CK","RP7CK","R","20010401",""
"RK4CL","RP7CL","R","20010401","X"
"RK4CN","RP7CN","R","20010401","X"
"RK4CP","RP7CP","R","20010401",""
"RK4CR","RP7CR","R","20010401","X"
"RK4CX","RP7CX","R","20010401","X"
"RK4DC","RP7DB","R","20010401",""
"RK4EB","RP7EB","R","20010401",""
"RK4EC","RP7EC","R","20010401","X"
"RK4ED","RP7ED","R","20010401",""
"RK4EE","RP7EE","R","20010401","X"
"RK4EJ","RP7EJ","R","20010401","X"
"RK4EK","RP7EK","R","20010401",""
"RK4EM","RP7EM","R","20010401","X"
"RK4EN","RP7EN","R","20010401","X"
"RK4ES","RP7ES","R","20010401",""
"RK4ET","RP7ET","R","20010401",""
"RK4EV","RP7EV","R","20010401",""
"RK4EX","RP7EX","R","20010401","X"
"RK4FK","RP7FK","R","20010401",""
"RK4FN","RP7FN","R","20010401","X"
"RK4FP","RP7FP","R","20010401","X"
"RK4FQ","RP7FQ","R","20010401",""
"RK4FR","RP7FR","R","20010401","X"
"RK6","5EM","O","20010401","X"
"RK6","RHA","R","20010401",""
"RK6","5FC","O","20010401","F"
"RK6LB","RHALB","R","20010401",""
"RK6LC","RHALC","R","20010401",""
"RK6NJ","RHANJ","R","20010401",""
"RK6NK","RHANK","R","20010401","X"
"RK6NM","RHANM","R","20010401",""
"RK6NM","5FC06","O","20010401","F"
"RK6NN","RHANN","R","20010401",""
"RK6NN","5FC01","O","20010401","F"
"RK6NP","RHANP","R","20010401",""
"RK6PA","RHAPA","R","20010401",""
"RK6PB","RHAPB","R","20010401",""
"RK6PD","RHAPD","R","20010401",""
"RK6PF","RHAPF","R","20010401","X"
"RK6PG","RHAPG","R","20010401",""
"RK6PH","RHAPH","R","20010401",""
"RK6PJ","RHAPJ","R","20010401",""
"RK6PK","RHAPK","R","20010401",""
"RK6PN","RHAPN","R","20010401",""
"RK6PX","RHAPX","R","20010401",""
"RK6RA","RHARA","R","20010401",""
"RK6TH","RHATH","R","20010401",""
"RK6TL","RHATL","R","20010401",""
"RK6TM","RHATM","R","20010401","X"
"RK6TY","RHATY","R","20010401",""
"RK6TZ","RHATZ","R","20010401",""
"RK6VD","RHAVD","R","20010401",""
"RK6VE","RHAVE","R","20010401",""
"RK6VG","RHAPK","R","20010401",""
"RK7","TAH","O","20030401",""
"RK7CD","RK7FC","R","19960401","F"
"RK7CE","RCU53","R","20020401",""
"RK7CG","TAHCG","O","20030401",""
"RK7CH","TAHCH","O","20030401",""
"RK7CJ","TAHCJ","O","20030401",""
"RK7CK","TAHCK","O","20030401",""
"RK7CN","RCU51","R","20020401",""
"RK7CP","TAHCP","O","20030401",""
"RK7DB","TAHYV","O","20030401",""
"RK7DR","TAHDR","O","20030401",""
"RK7FC","TAHFC","O","20030401",""
"RK7FY","TAHFY","O","20030401",""
"RK7GR","TAHGR","O","20030401",""
"RK7HH","TAHHH","O","20030401",""
"RK7JF","TAHJF","O","20030401",""
"RK7XC","TAHXC","O","20030401","X"
"RK7XD","TAHXD","O","20030401",""
"RK7XF","TAHXF","O","20030401",""
"RK7XK","TAHXK","O","20030401",""
"RK7XL","TAHXL","O","20030401",""
"RK7XM","TAHXM","O","20030401",""
"RK7XN","TAHXN","O","20030401",""
"RK7XP","TAHXP","O","20030401",""
"RK7XQ","TAHXQ","O","20030401",""
"RK7XR","TAHXR","O","20030401",""
"RK7XV","RCU54","R","20020401",""
"RK8","RTG","R","19980401",""
"RK8FA","RTGFA","R","19980401",""
"RK8FC","RTGFC","R","19980401","X"
"RK8FD","RTGFD","R","19980401",""
"RKA","RYA","R","20060701",""
"RKA01","RYA01","R","20060701",""
"RKA02","RYA02","R","20060701",""
"RKA03","RYA03","R","20060701",""
"RKA04","RYA04","R","20060701",""
"RKA05","RYA05","R","20060701",""
"RKA06","RYA06","R","20060701",""
"RKA07","RYA07","R","20060701",""
"RKA08","RYA08","R","20060701",""
"RKA09","RYA09","R","20060701",""
"RKA10","RYA10","R","20060701",""
"RKA11","RYA11","R","20060701",""
"RKA12","RYA12","R","20060701",""
"RKA13","RYA13","R","20060701",""
"RKA14","RYA14","R","20060701",""
"RKAAL","RYA15","R","20060701","X"
"RKABI","RYA16","R","20060701",""
"RKABR","RYA17","R","20060701",""
"RKACH","RYA18","R","20060701",""
"RKACW","RYA19","R","20060701",""
"RKADU","RYA20","R","20060701",""
"RKAFH","RYA21","R","20060701",""
"RKAHA","RYA22","R","20060701",""
"RKAHE","RYA23","R","20060701",""
"RKAHO","RYA24","R","20060701",""
"RKAMO","RYA25","R","20060701",""
"RKAOL","RYA26","R","20060701",""
"RKAPE","RYA27","R","20060701",""
"RKASO","RYA28","R","20060701",""
"RKAST","RYA29","R","20060701",""
"RKASU","RYA30","R","20060701",""
"RKATE","RYA31","R","20060701",""
"RKAWA","RYA32","R","20060701",""
"RKAWE","RYA33","R","20060701","X"
"RKAWO","RYA34","R","20060701",""
"RKAZ1","RYA35","R","20060701",""
"RKC","RWW","R","20010401",""
"RKC46","RWW46","R","20010401",""
"RKC50","RWW50","R","20010401",""
"RKC81","RWW81","R","20010401","X"
"RKC81","RWWWH","R","20010401",""
"RKD","RYE","R","20060701",""
"RKD73","RYE14","R","20060701",""
"RKD74","RYE05","R","20060701","X"
"RKD75","RYE06","R","20060701",""
"RKD76","RYE07","R","20060701",""
"RKD77","RYE12","R","20060701",""
"RKD78","RYE21","R","20060701","X"
"RKD79","RYE13","R","20060701","X"
"RKD80","RYE11","R","20060701","X"
"RKD83","RYE16","R","20060701","X"
"RKD84","RYE04","R","20060701","X"
"RKD85","RYE08","R","20060701",""
"RKD86","RYE10","R","20060701",""
"RKD87","RYE09","R","20060701",""
"RKD88","RYE15","R","20060701",""
"RKD89","RYE17","R","20060701","X"
"RKD94","RYE01","R","20060701","X"
"RKD95","RYE03","R","20060701",""
"RKD96","RYE19","R","20060701","X"
"RKD97","RYE02","R","20060701",""
"RKD98","RYE18","R","20060701",""
"RKDHQ","RYE20","R","20060701","X"
"RKF","RXW","R","20031001",""
"RKF11","RXWAT","R","20031001",""
"RKG","RT8","R","19990401","F"
"RKGA1","RT8A1","R","19990401","F"
"RKGA2","RT8A2","R","19990401","F"
"RKGA3","RT8A3","R","19990401","F"
"RKGD1","RT9D1","R","19990401","X"
"RKH","RT9","R","19990401","F"
"RKHA4","RT9A4","R","19990401","F"
"RKHCF","RT9CF","R","19990401","F"
"RKJ","RT9","R","19990401","F"
"RKJ","RT8","R","19990401","F"
"RKJ1L","RKJ21","R","19940401","F"
"RKJ1M","RKJ22","R","19940401","F"
"RKJ1N","RKJ23","R","19940401","F"
"RKJ1P","RKJ24","R","19940401","F"
"RKJ1Q","RKJ25","R","19940401","F"
"RKJ1R","RKJ26","R","19940401","F"
"RKJ1S","RKJ27","R","19940401","F"
"RKJ21","RT921","R","19990401","F"
"RKJ22","RT922","R","19990401","F"
"RKJ23","RT923","R","19990401","F"
"RKJ24","RT924","R","19990401","X"
"RKJ25","RT925","R","19990401","F"
"RKJ26","RT826","R","19990401","F"
"RKJ27","RT927","R","19990401","X"
"RKJ28","RT828","R","19990401","F"
"RKJ29","RT829","R","19990401","X"
"RKJ2A","RT92A","R","19990401","F"
"RKJ2L","RKJ28","R","19940401","F"
"RKJ2M","RKJ29","R","19940401","F"
"RKJ33","RT933","R","19990401","F"
"RKJ4H","RT94H","R","19990401","F"
"RKJ4W","RT94W","R","19990401","F"
"RKJ4X","RT94X","R","19990401","F"
"RKJ5E","RT85E","R","19990401","F"
"RKJA5","RT8A5","R","19990401","F"
"RKJA7","RT9A7","R","19990401","F"
"RKJA8","RT8A8","R","19990401","F"
"RKJA9","RT8A9","R","19990401","F"
"RKJAA","RT9AA","R","19990401","F"
"RKJAB","RT9AB","R","19990401","F"
"RKJAC","RT8AC","R","19990401","F"
"RKJAD","RT9AD","R","19990401","F"
"RKJAE","RT8AE","R","19990401","F"
"RKJAF","RT8AF","R","19990401","F"
"RKJCC","RT9CC","R","19990401","F"
"RKJD2","RT9D2","R","19990401","X"
"RKJD3","RT9D3","R","19990401","X"
"RKJD4","RT9D4","R","19990401","F"
"RKJD5","RT9D5","R","19990401","X"
"RKJF3","RT9F3","R","19990401","F"
"RKJF6","RT8F6","R","19990401","X"
"RKJF7","RT9F7","R","19990401","F"
"RKJF8","RT8F8","R","19990401","F"
"RKJF9","RT8F9","R","19990401","F"
"RKJFA","RT8FA","R","19990401","F"
"RKJFN","RT8FN","R","19990401","F"
"RKJFS","RT8FS","R","19990401","F"
"RKJGM","RT9GM","R","19990401","F"
"RKJGR","RT9GR","R","19990401","F"
"RKJGS","RT8GS","R","19990401","F"
"RKJJ1","RT8J1","R","19990401","F"
"RKJJ2","RT8J2","R","19990401","F"
"RKJJ4","RKJA5","R","19930430","F"
"RKJJS","RT8JS","R","19990401","F"
"RKJL1","RT9L1","R","19990401","F"
"RKJL2","RT9L2","R","19990401","F"
"RKJL4","RT9L4","R","19990401","X"
"RKJL5","RT9L5","R","19990401","F"
"RKJL6","RT8L6","R","19990401","F"
"RKJL7","RT8L7","R","19990401","F"
"RKJL9","RT9L9","R","19990401","X"
"RKJLA","RT9LA","R","19990401","F"
"RKJLB","RT9LB","R","19990401","F"
"RKJLC","RT8LC","R","19990401","F"
"RKJLD","RT8LD","R","19990401","F"
"RKJLF","RT9LF","R","19990401","F"
"RKJLG","RT9LG","R","19990401","F"
"RKJLH","RT9LH","R","19990401","X"
"RKJLJ","RT8LJ","R","19990401","F"
"RKJLM","RT8LM","R","19990401","F"
"RKJLN","RT9LN","R","19990401","F"
"RKJLP","RT8LP","R","19990401","F"
"RKJM2","RT9M2","R","19990401","F"
"RKJM3","RT8M3","R","19990401","X"
"RKJM3","RT9M3","R","19990401","F"
"RKJM4","RT9M4","R","19990401","F"
"RKJM5","RT9M5","R","19990401","F"
"RKJM6","RT8M6","R","19990401","F"
"RKJM7","RT9M7","R","19990401","F"
"RKJM8","RT8M8","R","19990401","X"
"RKJMA","RT9MA","R","19990401","F"
"RKJMC","RT9MC","R","19990401","F"
"RKJMF","RT9MF","R","19990401","F"
"RKJMH","RT8MH","R","19990401","X"
"RKJMH","RT9MH","R","19990401","F"
"RKJMJ","RT9MJ","R","19990401","F"
"RKJMK","RT9MK","R","19990401","F"
"RKJMW","RT8MW","R","19990401","F"
"RKJNA","RT8NA","R","19990401","F"
"RKJP4","RT9P4","R","19990401","F"
"RKJP5","RT9P5","R","19990401","X"
"RKJPA","RT9PA","R","19990401","F"
"RKJPD","RT8PD","R","19990401","X"
"RKJPG","RT8PG","R","19990401","F"
"RKJPX","RKJPJ","R","19930414","X"
"RKJRF","RT9RF","R","19990401","X"
"RKJRH","RKJMA","R","19970401","F"
"RKJRL","RT9RL","R","19990401","X"
"RKJRM","RT9RM","R","19990401","F"
"RKJRP","RT9RP","R","19990401","F"
"RKJRQ","RT9RQ","R","19990401","F"
"RKJRR","RT9RR","R","19990401","F"
"RKJRS","RT9RS","R","19990401","F"
"RKJRT","RT9RT","R","19990401","F"
"RKJRU","RT9RU","R","19990401","F"
"RKJRV","RT9RV","R","19990401","F"
"RKJRW","RT9RW","R","19990401","F"
"RKJRX","RT9RX","R","19990401","F"
"RKJRY","RT9RY","R","19990401","F"
"RKJRZ","RT8RZ","R","19990401","F"
"RKJS1","RT8S1","R","19990401","F"
"RKJS2","RT9S2","R","19990401","F"
"RKJS3","RT9S3","R","19990401","F"
"RKJS4","RT8S4","R","19990401","F"
"RKJS5","RT9S5","R","19990401","F"
"RKJS6","RT9S6","R","19990401","F"
"RKJS7","RT8S7","R","19990401","F"
"RKJS8","RT9S8","R","19990401","F"
"RKJS9","RT9S9","R","19990401","F"
"RKJSA","RT9SA","R","19990401","F"
"RKJSB","RT8SB","R","19990401","F"
"RKJSC","RT9SC","R","19990401","F"
"RKJSD","RT9SD","R","19990401","F"
"RKJSE","RT9SE","R","19990401","F"
"RKJSF","RT8SF","R","19990401","F"
"RKJSG","RT9SG","R","19990401","F"
"RKJSH","RT9SH","R","19990401","F"
"RKJSJ","RT9SJ","R","19990401","F"
"RKJSM","RT9SM","R","19990401","F"
"RKJSN","RT9SN","R","19990401","F"
"RKJSP","RT9SP","R","19990401","F"
"RKJSR","RT9SR","R","19990401","F"
"RKJSS","RT9SS","R","19990401","F"
"RKJSS","RT9ST","R","19990401","F"
"RKJSU","RT9SU","R","19990401","F"
"RKJSV","RT9SV","R","19990401","F"
"RKJSW","RT8SW","R","19990401","F"
"RKJSX","RT8SX","R","19990401","F"
"RKJSY","RT9SY","R","19990401","F"
"RKJSZ","RT8SZ","R","19990401","F"
"RKK","6C4","O","20030401","F"
"RKK2N","6C42N","O","20030401","X"
"RKK2P","6C42P","O","20030401","X"
"RKK3P","6C43P","O","20030401","F"
"RKK3Q","6C43Q","O","20030401","F"
"RKK3S","6C43S","O","20030401","F"
"RKK4M","6C44M","O","20030401","F"
"RKK4N","6C44N","O","20030401","F"
"RKK4Q","6C44Q","O","20030401","F"
"RKK5P","6C45P","O","20030401","F"
"RKK5R","6C45R","O","20030401","F"
"RKK6L","6C433","O","20030401","F"
"RKK6N","6C435","O","20030401","F"
"RKK6P","6C436","O","20030401","F"
"RKK6Q","6C437","O","20030401","F"
"RKK6S","6C439","O","20030401","F"
"RKK7M","6C43B","O","20030401","X"
"RKK7P","6C43D","O","20030401","F"
"RKK7Q","6C43E","O","20030401","F"
"RKK7R","6C43F","O","20030401","F"
"RKK8N","6C43K","O","20030401","F"
"RKK8Q","6C42G","O","20030401","F"
"RKK8S","6C42J","O","20030401","F"
"RKK9M","6C42L","O","20030401","F"
"RKK9N","6C42M","O","20030401","F"
"RKKBN","6C4BN","O","20030401","F"
"RKKBP","6C4BP","O","20030401","F"
"RKKBQ","6C4BQ","O","20030401","F"
"RKKBR","6C4BR","O","20030401","F"
"RKKBS","6C4BS","O","20030401","F"
"RKKBT","6C4BT","O","20030401","F"
"RKKBU","6C4BU","O","20030401","F"
"RKKEG","6C4EG","O","20030401","F"
"RKKEH","6C4EH","O","20030401","F"
"RKKEJ","6C4EJ","O","20030401","F"
"RKKGG","6C4GG","O","20030401","F"
"RKKGH","6C4GH","O","20030401","F"
"RKKGJ","6C4GJ","O","20030401","F"
"RKKGK","6C4GK","O","20030401","F"
"RKKKJ","6C4KJ","O","20030401","F"
"RKKKM","6C4KM","O","20030401","X"
"RKKKQ","6C4KQ","O","20030401","X"
"RKKKT","6C4KT","O","20030401","F"
"RKKKV","6C4KV","O","20030401","X"
"RKKQ3","6C4Q3","O","20030401","F"
"RKKQ4","6C4Q4","O","20030401","X"
"RKM","RVF","R","19990401","F"
"RKM1M","RVF1M","R","19990401","F"
"RKM51","RVF51","R","19990401","F"
"RKM55","RVF55","R","19990401","F"
"RKM56","RVF56","R","19990401","F"
"RKM59","RVF59","R","19990401","F"
"RKM5H","RVF5H","R","19990401","X"
"RKM5W","RVF5W","R","19990401","F"
"RKM5X","RVF5X","R","19990401","F"
"RKM5Z","RVF5Z","R","19990401","F"
"RKMAR","RVFAR","R","19990401","F"
"RKMAS","RVFAS","R","19990401","F"
"RKMAT","RVFAT","R","19990401","F"
"RKMBF","RVFBF","R","19990401","F"
"RKMBG","RVFBG","R","19990401","F"
"RKMBH","RVFBH","R","19990401","F"
"RKMBJ","RVFBJ","R","19990401","F"
"RKMDB","RVFDB","R","19990401","X"
"RKMEE","RVFEE","R","19990401","F"
"RKMJH","RVFJH","R","19990401","F"
"RKMK1","RVFK1","R","19990401","F"
"RKMML","RVFML","R","19990401","F"
"RKMQG","RVFQG","R","19990401","F"
"RKN","RVF","R","19990401","F"
"RKN11","RVF11","R","19990401","F"
"RKN12","RVF12","R","19990401","X"
"RKN13","RVF13","R","19990401","F"
"RKN14","RVF14","R","19990401","F"
"RKN15","RVF15","R","19990401","F"
"RKN1F","RVF1F","R","19990401","F"
"RKN1G","RVF1G","R","19990401","F"
"RKN1H","RVF1H","R","19990401","X"
"RKN1J","RKN11","R","19940401","F"
"RKN2J","RKN12","R","19940401","F"
"RKN3J","RKN13","R","19940401","F"
"RKN4H","RVF4H","R","19990401","F"
"RKN4J","RKN14","R","19940401","F"
"RKN4K","RVF4K","R","19990401","F"
"RKN4L","RVF4L","R","19990401","F"
"RKN4M","RVF4M","R","19990401","F"
"RKN4N","RVF4N","R","19990401","F"
"RKN4T","RVF4T","R","19990401","F"
"RKN4W","RVF4W","R","19990401","F"
"RKN4Z","RVF4Z","R","19990401","X"
"RKN52","RVF52","R","19990401","F"
"RKN53","RVF53","R","19990401","X"
"RKN54","RVF54","R","19990401","F"
"RKN57","RVF57","R","19990401","F"
"RKN58","RVF58","R","19990401","F"
"RKN5J","RKN15","R","19940401","F"
"RKN5U","RVF5U","R","19990401","F"
"RKNF2","RVFF2","R","19990401","F"
"RKNF7","RVFF7","R","19990401","F"
"RKNFN","RVFFN","R","19990401","F"
"RKNFP","RVFFP","R","19990401","F"
"RKNFQ","RVFFQ","R","19990401","F"
"RKNFR","RVFFR","R","19990401","F"
"RKNFX","RKNMU","R","19940401","F"
"RKNG5","RVFG5","R","19990401","F"
"RKNHB","RVFHB","R","19990401","X"
"RKNJC","RVFJC","R","19990401","F"
"RKNKY","RVFKY","R","19990401","F"
"RKNKZ","RVFKZ","R","19990401","F"
"RKNL1","RVFL1","R","19990401","F"
"RKNL2","RVFL2","R","19990401","F"
"RKNL3","RVFL3","R","19990401","F"
"RKNL4","RVFL4","R","19990401","F"
"RKNL5","RVFL5","R","19990401","F"
"RKNL6","RVFL6","R","19990401","F"
"RKNL7","RVFL7","R","19990401","F"
"RKNL8","RVFL8","R","19990401","F"
"RKNL9","RVFL9","R","19990401","F"
"RKNLA","RVFLA","R","19990401","F"
"RKNLB","RVFLB","R","19990401","F"
"RKNLC","RVFLC","R","19990401","F"
"RKNLD","RVFLD","R","19990401","F"
"RKNLF","RVFLF","R","19990401","F"
"RKNLG","RVFLG","R","19990401","F"
"RKNLH","RVFLH","R","19990401","F"
"RKNLK","RVFLK","R","19990401","F"
"RKNLL","RVFLL","R","19990401","F"
"RKNLM","RVFLM","R","19990401","F"
"RKNLN","RVFLN","R","19990401","F"
"RKNLP","RVFLP","R","19990401","F"
"RKNLR","RVFLR","R","19990401","F"
"RKNLS","RVFLS","R","19990401","F"
"RKNLT","RVFLT","R","19990401","X"
"RKNLU","RVFLU","R","19990401","F"
"RKNLV","RVFLV","R","19990401","F"
"RKNLW","RVFLW","R","19990401","F"
"RKNLX","RVFLX","R","19990401","F"
"RKNLY","RVFLY","R","19990401","F"
"RKNLZ","RVFLZ","R","19990401","F"
"RKNM1","RVFM1","R","19990401","F"
"RKNM2","RVFM2","R","19990401","F"
"RKNM3","RVFM3","R","19990401","F"
"RKNM4","RVFM4","R","19990401","F"
"RKNM5","RVFM5","R","19990401","F"
"RKNM6","RVFM6","R","19990401","F"
"RKNM7","RVFM7","R","19990401","F"
"RKNM8","RVFM8","R","19990401","F"
"RKNM9","RVFM9","R","19990401","F"
"RKNMA","RVFMA","R","19990401","F"
"RKNMB","RVFMB","R","19990401","F"
"RKNMC","RVFMC","R","19990401","F"
"RKNMD","RVFMD","R","19990401","F"
"RKNMU","RVFMU","R","19990401","F"
"RKNZV","RKN4H","R","19940401","F"
"RKNZW","RKN4N","R","19940401","F"
"RKNZX","RKN4K","R","19940401","F"
"RKNZY","RKN4L","R","19940401","F"
"RKNZZ","RKN4M","R","19940401","F"
"RKP","RVG","R","19990401","F"
"RKP17","RVG17","R","19990401","F"
"RKP3U","RVG3U","R","19990401","F"
"RKP3W","RVG3W","R","19990401","F"
"RKP3Z","RVG3Z","R","19990401","F"
"RKP47","RVG47","R","19990401","F"
"RKP4B","RVG4B","R","19990401","F"
"RKPC1","RVGC1","R","19990401","F"
"RKPCH","RVGCH","R","19990401","F"
"RKPEL","RVHEL","R","19990401","F"
"RKPKF","RVGKF","R","19990401","X"
"RKPMJ","RVGMJ","R","19990401","F"
"RKPPA","RVHPA","R","19990401","F"
"RKQ","RVD","R","19990401","F"
"RKQ3Y","RVD3Y","R","19990401","F"
"RKQ46","RVD46","R","19990401","F"
"RKQ4U","RVD4U","R","19990401","F"
"RKQB7","RVDB7","R","19990401","F"
"RKQB9","RVDB9","R","19990401","F"
"RKQDH","RVDDH","R","19990401","F"
"RKQFA","RVDFA","R","19990401","F"
"RKQFV","RVDFV","R","19990401","F"
"RKQG8","RVDG8","R","19990401","F"
"RKQG9","RVDG9","R","19990401","X"
"RKQGN","RVDGN","R","19990401","F"
"RKQGP","RVDGP","R","19990401","F"
"RKQJW","RVDJW","R","19990401","F"
"RKQJX","RVDJX","R","19990401","F"
"RKQJY","RVDJY","R","19990401","F"
"RKQLZ","RVDLZ","R","19990401","F"
"RKQNA","RVDNA","R","19990401","F"
"RKQNB","RVDNB","R","19990401","F"
"RKQNC","RVDNC","R","19990401","F"
"RKQND","RVDND","R","19990401","F"
"RKQNE","RVDNE","R","19990401","F"
"RKQNF","RVDNF","R","19990401","F"
"RKQNG","RVDNG","R","19990401","X"
"RKQNH","RVDNH","R","19990401","F"
"RKQNJ","RVDNJ","R","19990401","F"
"RKQP9","RVDP9","R","19990401","F"
"RKQPA","RVDPA","R","19990401","F"
"RKQPE","RVDPE","R","19990401","F"
"RKQPX","RVDPX","R","19990401","F"
"RKQPZ","RVDNZ","R","19990401","F"
"RKQRU","RVDRU","R","19990401","F"
"RKR","RVC","R","19990401","F"
"RKRC4","RVCC4","R","19990401","F"
"RKRC5","RVCC5","R","19990401","F"
"RKRC6","RVCC6","R","19990401","F"
"RKRK5","RVCK5","R","19990401","F"
"RKRPC","RVCPC","R","19990401","F"
"RKRRG","RVCRG","R","19990401","F"
"RKS","RVA","R","19990401","F"
"RKSAL","RVAAL","R","19990401","F"
"RKSD9","RVAD9","R","19990401","F"
"RKSE1","RVAE1","R","19990401","F"
"RKSE2","RVAE2","R","19990401","X"
"RKSMD","RVAMD","R","19990401","F"
"RKSME","RVAME","R","19990401","F"
"RKSMF","RVAMF","R","19990401","F"
"RKSMG","RVAMG","R","19990401","F"
"RKSMH","RVAMH","R","19990401","F"
"RKSMJ","RVAMJ","R","19990401","F"
"RKSQK","RVAQK","R","19990401","F"
"RKSQL","RVAQL","R","19990401","X"
"RKSQM","RVAQM","R","19990401","F"
"RKSQN","RVAQN","R","19990401","F"
"RKSQP","RVAQP","R","19990401","F"
"RKSQQ","RVAQQ","R","19990401","F"
"RKSQR","RVAQR","R","19990401","F"
"RKSQS","RVAQS","R","19990401","X"
"RKSQT","RVAQT","R","19990401","F"
"RKSQU","RVAQU","R","19990401","F"
"RKSQV","RVAQV","R","19990401","F"
"RKSQW","RVAQW","R","19990401","F"
"RKSQX","RVAQX","R","19990401","F"
"RKSQY","RVAQY","R","19990401","F"
"RKSQZ","RVAQZ","R","19990401","F"
"RKSR1","RVAR1","R","19990401","F"
"RKSR2","RVAR2","R","19990401","F"
"RKSR3","RVAR3","R","19990401","F"
"RKSR4","RVAR4","R","19990401","F"
"RKT","RVA","R","19990401","F"
"RKTAG","RVAAG","R","19990401","F"
"RKTAH","RVAAH","R","19990401","F"
"RKTLK","RVALK","R","19990401","F"
"RKTLL","RVALL","R","19990401","F"
"RKTLP","RVALP","R","19990401","F"
"RKTLQ","RVALQ","R","19990401","F"
"RKTLU","RVALU","R","19990401","F"
"RKTLV","RVALV","R","19990401","F"
"RKTLW","RVALW","R","19990401","F"
"RKTLY","RVALY","R","19990401","F"
"RKTM1","RVAM1","R","19990401","F"
"RKTM4","RVAM4","R","19990401","F"
"RKTPK","RVAPK","R","19990401","X"
"RKTPL","RVAPL","R","19990401","F"
"RKTPN","RVAPN","R","19990401","F"
"RKTPP","RVAPP","R","19990401","X"
"RKTPQ","RVAPQ","R","19990401","X"
"RKTPR","RVAPR","R","19990401","F"
"RKTPS","RVAPS","R","19990401","F"
"RKTPV","RVAPV","R","19990401","F"
"RKTPW","RVAPW","R","19990401","F"
"RKTRD","RVARD","R","19990401","F"
"RKTRE","RVARE","R","19990401","F"
"RKU","RYN","R","20080401","F"
"RKU4V","RYN4V","R","20080401","F"
"RKUAJ","RYNAJ","R","20080401","F"
"RKUAK","RYNAK","R","20080401","F"
"RKUD6","RYND6","R","20080401","F"
"RKUD8","RYND8","R","20080401","F"
"RKUJ8","RYNJ8","R","20080401","X"
"RKUM5","RYNM5","R","20080401","F"
"RKUM6","RYNM6","R","20080401","F"
"RKUM7","RYNM7","R","20080401","F"
"RKUM8","RYNM8","R","20080401","F"
"RKUMA","RYNMA","R","20080401","F"
"RKUMB","RYNMB","R","20080401","F"
"RKUR5","RYNR5","R","20080401","F"
"RKUR6","RYNR6","R","20080401","F"
"RKUR7","RYNR7","R","20080401","F"
"RKV","RT4","R","19980401",""
"RKW","RV6","R","19990401","F"
"RKX","RXM","R","20020401",""
"RKX","5EA","O","20020401","F"
"RKX","5EG","O","20020401","F"
"RKX","5HN","O","20020401","F"
"RKX19","RKXBJ","R","19940401","F"
"RKXAF","RXM44","R","20020401",""
"RKXAJ","RXM64","R","20020401",""
"RKXAR","RXM45","R","20020401","X"
"RKXAW","RXM46","R","20020401",""
"RKXBA","RXM47","R","20020401",""
"RKXBJ","RXM48","R","20020401",""
"RKXBL","RXM49","R","20020401",""
"RKXBM","RXM50","R","20020401",""
"RKXDA","RXM51","R","20020401",""
"RKXDD","RXM52","R","20020401",""
"RKXDF","RXM53","R","20020401",""
"RKXDL","RXM65","R","20020401",""
"RKY","RV6","R","19990401","F"
"RKZ","RRX","R","19960401","F"
"RKZBM","RRXBM","R","19960401","F"
"RKZDA","RRXDA","R","19960401","F"
"RL2","RTW","R","19980401","F"
"RL202","RTW05","R","19980401","F"
"RL222","RTW22","R","19980401","F"
"RL223","RTW23","R","19980401","F"
"RL224","RTW53","R","19980401","F"
"RL226","RTW26","R","19980401","F"
"RL235","RTW35","R","19980401","F"
"RL271","RTW34","R","19980401","F"
"RL281","RTW54","R","19980401","F"
"RL282","RTW21","R","19980401","F"
"RL2AA","RTW56","R","19980401","F"
"RL2AB","RTW57","R","19980401","F"
"RL2AC","RTW58","R","19980401","F"
"RL2AD","RTW59","R","19980401","F"
"RL2AE","RTW60","R","19980401","F"
"RL2AF","RTW61","R","19980401","F"
"RL2AG","RTW62","R","19980401","F"
"RL2AH","RTW63","R","19980401","F"
"RL2AK","RTW64","R","19980401","F"
"RL2DB","RTW31","R","19980401","F"
"RL2DC","RTW29","R","19980401","F"
"RL2DD","RTW28","R","19980401","F"
"RL2DE","RTW25","R","19980401","F"
"RL2DF","RTW18","R","19980401","F"
"RL2DG","RTW16","R","19980401","F"
"RL2DJ","RTW65","R","19980401","F"
"RL2DK","RTW27","R","19980401","F"
"RL2DM","RTW66","R","19980401","F"
"RL2DN","RTW67","R","19980401","F"
"RL2DP","RTW24","R","19980401","F"
"RL2DR","RTW68","R","19980401","F"
"RL2DS","RTW69","R","19980401","F"
"RL2DT","RTW70","R","19980401","F"
"RL2DX","RTW71","R","19980401","F"
"RL2DZ","RTW72","R","19980401","F"
"RL2EA","RTW73","R","19980401","F"
"RL2GB","RTW42","R","19980401","F"
"RL2GC","RTW23","R","19980401","F"
"RL2GD","RTW74","R","19980401","F"
"RL2GE","RTW75","R","19980401","F"
"RL2GF","RTW76","R","19980401","F"
"RL2GG","RTW77","R","19980401","F"
"RL2GH","RTW78","R","19980401","F"
"RL2GJ","RTW79","R","19980401","F"
"RL2GK","RTW80","R","19980401","F"
"RL2GL","RTW81","R","19980401","F"
"RL2GN","RTW92","R","19980401","F"
"RL2KA","RTW19","R","19980401","F"
"RL2KB","RTW35","R","19980401","F"
"RL2KC","RTW82","R","19980401","F"
"RL2KD","RTW20","R","19980401","F"
"RL2KE","RTW83","R","19980401","F"
"RL2KF","RTW84","R","19980401","F"
"RL2KH","RTW85","R","19980401","F"
"RL2KK","RTW86","R","19980401","F"
"RL2KL","RTW87","R","19980401","F"
"RL2KM","RTW43","R","19980401","F"
"RL2Z1","RTWZ1","R","19980401","F"
"RL3","5D1","O","20010401","F"
"RL301","RNDA1","R","20010401","F"
"RL306","RNDA2","R","20010401","F"
"RL307","5D103","O","20010401","F"
"RL308","5D101","O","20010401","F"
"RL310","RNDA3","R","20010401","F"
"RL313","RNDA4","R","20010401","F"
"RL315","RNDA5","R","20010401","F"
"RL323","5D102","O","20010401","F"
"RL5","RYA","R","20060701",""
"RL501","RYA36","R","20060701",""
"RL502","RYA37","R","20060701",""
"RL503","RYA38","R","20060701",""
"RL504","RYA39","R","20060701",""
"RL505","RYA40","R","20060701",""
"RL506","RYA41","R","20060701",""
"RL507","RYA42","R","20060701",""
"RL508","RYA43","R","20060701",""
"RL509","RYA44","R","20060701",""
"RL510","RYA45","R","20060701",""
"RL511","RYA46","R","20060701",""
"RL512","RYA47","R","20060701",""
"RL513","RYA48","R","20060701",""
"RL514","RYA49","R","20060701",""
"RL5HQ","RYA50","R","20060701",""
"RL6","RYA","R","20060701",""
"RL601","RYA52","R","20060701",""
"RL603","RYA53","R","20060701",""
"RL604","RYA54","R","20060701",""
"RL605","RYA55","R","20060701",""
"RL606","RYA56","R","20060701",""
"RL607","RYA57","R","20060701",""
"RL608","RYA58","R","20060701",""
"RL609","RYA59","R","20060701","X"
"RL610","RYA60","R","20060701",""
"RL611","RYA61","R","20060701",""
"RL612","RYA62","R","20060701",""
"RL7","RR1","R","19960401","X"
"RL701","RR101","R","19960401","X"
"RL702","RR102","R","19960401","X"
"RL730","RR130","R","19960401","X"
"RL8","RR5","R","19970401","F"
"RL804","RR560","R","19970401","F"
"RL805","RR561","R","19970401","F"
"RL814","RR563","R","19970401","F"
"RL815","RR564","R","19970401","F"
"RL871","RR566","R","19970401","X"
"RL872","RR567","R","19970401","F"
"RL874","RR569","R","19970401","F"
"RL875","RR570","R","19970401","X"
"RL876","RR571","R","19970401","X"
"RL877","RR572","R","19970401","F"
"RL878","RR573","R","19970401","X"
"RL881","RR575","R","19970401","X"
"RL882","RR576","R","19970401","X"
"RL883","RR577","R","19970401","X"
"RL884","RR578","R","19970401","X"
"RL885","RR579","R","19970401","F"
"RL886","RR580","R","19970401","F"
"RL887","RR581","R","19970401","F"
"RL890","RR582","R","19970401","F"
"RL891","RR583","R","19970401","F"
"RL892","RR584","R","19970401","X"
"RL893","RR585","R","19970401","F"
"RL9","RR5","R","19970401","F"
"RL902","RR501","R","19970401","F"
"RL903","RR502","R","19970401","F"
"RL904","RR503","R","19970401","F"
"RL905","RR504","R","19970401","F"
"RL909","RR505","R","19970401","F"
"RL922","RR506","R","19970401","X"
"RL923","RR507","R","19970401","F"
"RL924","RR508","R","19970401","X"
"RL925","RR509","R","19970401","X"
"RL926","RR510","R","19970401","X"
"RL927","RR511","R","19970401","F"
"RL928","RR512","R","19970401","X"
"RL929","RR513","R","19970401","X"
"RL930","RR514","R","19970401","X"
"RL931","RR515","R","19970401","X"
"RL932","RR516","R","19970401","X"
"RL933","RR517","R","19970401","X"
"RL934","RR518","R","19970401","F"
"RL935","RR519","R","19970401","X"
"RL936","RR520","R","19970401","F"
"RL937","RR521","R","19970401","F"
"RL938","RR522","R","19970401","X"
"RL939","RR523","R","19970401","X"
"RL940","RR524","R","19970401","X"
"RL950","RR525","R","19970401","X"
"RL951","RR526","R","19970401","X"
"RL952","RR527","R","19970401","X"
"RL953","RR528","R","19970401","X"
"RL954","RR529","R","19970401","X"
"RL955","RR530","R","19970401","X"
"RL956","RR531","R","19970401","X"
"RL957","RR532","R","19970401","X"
"RL958","RR533","R","19970401","X"
"RL959","RR534","R","19970401","X"
"RL961","RR536","R","19970401","X"
"RL962","RR537","R","19970401","X"
"RL963","RR538","R","19970401","X"
"RL964","RR539","R","19970401","X"
"RL966","RR540","R","19970401","X"
"RL967","RR541","R","19970401","X"
"RL985","RR542","R","19970401","X"
"RL986","RR543","R","19970401","X"
"RL987","RR544","R","19970401","F"
"RL988","RR545","R","19970401","F"
"RL989","RR546","R","19970401","X"
"RL991","RR547","R","19970401","X"
"RL992","RR548","R","19970401","X"
"RL993","RR549","R","19970401","X"
"RL994","RR550","R","19970401","X"
"RL995","RR551","R","19970401","X"
"RL996","RR552","R","19970401","F"
"RL997","RR553","R","19970401","X"
"RL998","RR554","R","19970401","X"
"RL999","RR555","R","19970401","X"
"RLA","RTA","R","19980401","F"
"RLADA","RTABA","R","19980401","F"
"RLADC","RTABB","R","19980401","F"
"RLADD","RTABC","R","19980401","X"
"RLB","RTA","R","19980401","F"
"RLBCH","RTADA","R","19980401","F"
"RLC","RTF","R","19980401",""
"RLCC2","RTFC2","R","19980401",""
"RLCFP","RTFFP","R","19980401","X"
"RLCFQ","RTFFQ","R","19980401",""
"RLCFR","RTFFR","R","19980401","X"
"RLCFS","RTFFS","R","19980401",""
"RLCFT","RTFFT","R","19980401","X"
"RLCPM","RTFPM","R","19980401","X"
"RLCPN","RTFPN","R","19980401","X"
"RLCPP","RTFPP","R","19980401","X"
"RLCPQ","RTFPQ","R","19980401","X"
"RLCPR","RTFPR","R","19980401","X"
"RLCPS","RTFPS","R","19980401","X"
"RLCPT","RTFPT","R","19980401","X"
"RLCPU","RTFPU","R","19980401","X"
"RLCPV","RTFPV","R","19980401","X"
"RLCPW","RTFPW","R","19980401","X"
"RLCV7","RTFV7","R","19980401","X"
"RLCWL","RTFWL","R","19980401",""
"RLD","RR9","R","19980401","F"
"RLD","RTC","R","19980401","F"
"RLDCQ","RTCAB","R","19980401","F"
"RLDCS","RTCAC","R","19980401","X"
"RLDCT","RTCAD","R","19980401","X"
"RLDCU","RTCAA","R","19980401","X"
"RLDCX","RTCBB","R","19980401","X"
"RLDCY","RTCBA","R","19980401","X"
"RLDHH","RTCAE","R","19980401","X"
"RLDSK","RTCAI","R","19980401","X"
"RLDSL","RTCAG","R","19980401","F"
"RLDSM","RTCAF","R","19980401","F"
"RLE","RR9","R","19980401","F"
"RLE","RTC","R","19980401","F"
"RLECP","RR9CP","R","19980401","F"
"RLECS","RTCAC","R","19980401","X"
"RLECS","RR9CC","R","19980401","F"
"RLECW","RR9CW","R","19980401","F"
"RLECX","RR9CX","R","19980401","F"
"RLF","RNN","R","20010401",""
"RLFBD","5D5BD","O","20010401","F"
"RLFBD","RNNBD","R","20010401",""
"RLFBE","RNNBE","R","20010401",""
"RLFBE","5D5BE","O","20010401","F"
"RLFBE","RNLBE","R","20010401","X"
"RLFBF","RNNBF","R","20010401",""
"RLFBF","5D5BF","O","20010401","F"
"RLFBG","RNLBG","R","20010401","X"
"RLFBG","5D5BG","O","20010401","F"
"RLFBH","5D4BH","O","20010401","F"
"RLFBH","RNNBH","R","20010401",""
"RLFBJ","RNNBJ","R","20010401",""
"RLFBK","RNNBK","R","20010401",""
"RLFJV","RNNJV","R","20010401",""
"RLFKQ","5D5KQ","O","20010401","F"
"RLFKQ","RNNKQ","R","20010401",""
"RLFKR","RNNKR","R","20010401",""
"RLFKR","5D5KR","O","20010401","F"
"RLFKS","5D5KS","O","20010401","F"
"RLFKT","5D5KT","O","20010401","F"
"RLFQW","5D4QW","O","20010401","F"
"RLFQX","5D4QX","O","20010401","F"
"RLFQY","5D4QY","O","20010401","F"
"RLFUC","5D4UC","O","20010401","F"
"RLFUC","RNNUC","R","20010401","X"
"RLFUC","5D5UC","O","20010401","F"
"RLFUD","5D4UD","O","20010401","F"
"RLFUE","5D5UE","O","20010401","F"
"RLFUF","5D5UF","O","20010401","F"
"RLFUG","5D4UG","O","20010401","F"
"RLFUH","5D4UH","O","20010401","F"
"RLG","RNL","R","20010401","F"
"RLGAY","RNLAY","R","20010401","X"
"RLH","RW9","R","20020401","F"
"RLHBH","RW9BH","R","20020401","F"
"RLHBR","RW9BR","R","20020401","F"
"RLHCA","RW9CA","R","20020401","F"
"RLHEL","RW9EL","R","20020401","F"
"RLHGK","RW9GK","R","20020401","F"
"RLHGP","RW9GP","R","20020401","F"
"RLHGQ","RW9GQ","R","20020401","F"
"RLHGS","RW9GS","R","20020401","F"
"RLHGT","RW9GT","R","20020401","F"
"RLHGU","RW9GU","R","20020401","F"
"RLHGW","RW9GW","R","20020401","F"
"RLHHA","RW9HA","R","20020401","F"
"RLHJF","RW9JF","R","20020401","F"
"RLHLH","RW9LH","R","20020401","F"
"RLHNB","RW9NB","R","20020401","X"
"RLHNH","RW9NH","R","20020401","F"
"RLHSQ","RW9SQ","R","20020401","F"
"RLHSR","RW9SR","R","20020401","F"
"RLHSS","RW9SS","R","20020401","F"
"RLHST","RW9ST","R","20020401","F"
"RLHTU","RW9TU","R","20020401","F"
"RLHWA","RW9WA","R","20020401","F"
"RLHWB","RW9WR","R","20020401","F"
"RLHWS","RW9WS","R","20020401","F"
"RLJ","RRY","R","19960401","F"
"RLJAA","RRYAA","R","19960401","F"
"RLJLQ","RRYLQ","R","19960401","F"
"RLJSX","RRYSX","R","19960401","F"
"RLK","RTF","R","19980401",""
"RLKDH","RTFDH","R","19980401",""
"RLKDJ","RTFDJ","R","19980401",""
"RLKDK","RTFDK","R","19980401","X"
"RLKDL","RTFDL","R","19980401",""
"RLKDM","RTFDM","R","19980401",""
"RLKDV","RTFDV","R","19980401","X"
"RLKDX","RTFDX","R","19980401",""
"RLKED","RTFED","R","19980401",""
"RLL","RRY","R","19960401","F"
"RLLHG","RRYHG","R","19960401","F"
"RLLKA","RRYKA","R","19960401","F"
"RLLKB","RRYKB","R","19960401","F"
"RLLLN","RRYLN","R","19960401","F"
"RLLLR","RRYLR","R","19960401","F"
"RLLLU","RRYLU","R","19960401","F"
"RLLLV","RRYLV","R","19960401","F"
"RLLTA","RRYTA","R","19960401","F"
"RLLTB","RRYTB","R","19960401","F"
"RLLTC","RRYTC","R","19960401","X"
"RLM","RTF","R","19980401",""
"RLMDU","RTFDU","R","19980401",""
"RLMMQ","RTFMQ","R","19980401","X"
"RLMMR","RTFMR","R","19980401","X"
"RLMMS","RTFMS","R","19980401","X"
"RLMMT","RTFMT","R","19980401","X"
"RLMMV","RTFMV","R","19980401","X"
"RLMMW","RTFMW","R","19980401","X"
"RLMMX","RTFMX","R","19980401","X"
"RLMMY","RTFMY","R","19980401","X"
"RLMNA","RTFNA","R","19980401","X"
"RLMNB","RTFNB","R","19980401","X"
"RLMNC","RTFNC","R","19980401","X"
"RLMNE","RTFNE","R","19980401","X"
"RLMNF","RTFNF","R","19980401","X"
"RLMNG","RTFNG","R","19980401","X"
"RLMNH","RTFNH","R","19980401","X"
"RLMNJ","RTFNJ","R","19980401","X"
"RLMNK","RTFNK","R","19980401","X"
"RLMNL","RTFNL","R","19980401","X"
"RLMVA","RTFVA","R","19980401","X"
"RLMVC","RTFVC","R","19980401","X"
"RLMVD","RTFVD","R","19980401","X"
"RLMVE","RTFVE","R","19980401","X"
"RLMVF","RTFVF","R","19980401","X"
"RLMVG","RTFVG","R","19980401","X"
"RLMXS","RTFXS","R","19980401","X"
"RLMYB","RTFYB","R","19980401","X"
"RLN","R0B","R","20190401",""
"RLN01","R0B15","R","20190401",""
"RLN05","R0B0M","R","20190401",""
"RLN06","R0B02","R","20190401",""
"RLN07","R0B0K","R","20190401",""
"RLN08","R0B0D","R","20190401",""
"RLN09","R0B0W","R","20190401",""
"RLN10","R0B16","R","20190401",""
"RLN14","R0B09","R","20190401",""
"RLN15","R0B06","R","20190401",""
"RLN18","R0B03","R","20190401",""
"RLN20","R0B0R","R","20190401",""
"RLN22","R0B05","R","20190401",""
"RLN23","R0B0Z","R","20190401",""
"RLN24","R0B0F","R","20190401",""
"RLN25","R0B0P","R","20190401",""
"RLN26","R0B12","R","20190401",""
"RLN27","R0B0I","R","20190401",""
"RLN28","R0B0O","R","20190401",""
"RLN29","R0B17","R","20190401",""
"RLN31","R0B18","R","20190401",""
"RLN34","R0B0L","R","20190401",""
"RLN43","R0B14","R","20190401",""
"RLN44","R0B0C","R","20190401",""
"RLN45","R0B11","R","20190401",""
"RLNCL","R0B08","R","20190401",""
"RLNDC","R0B0B","R","20190401",""
"RLNDR","R0B07","R","20190401",""
"RLNGM","R0B0X","R","20190401",""
"RLNGT","R0B0Q","R","20190401",""
"RLP","RRW","R","19960401","F"
"RLP3A","RRW3A","R","19960401","X"
"RLPAG","RRWAJ","R","19960401","X"
"RLPCK","RRWCK","R","19960401","F"
"RLPCL","RRWCL","R","19960401","F"
"RLPCN","RRWCN","R","19960401","F"
"RLPDE","RRWDE","R","19960401","F"
"RLPDF","RRWDF","R","19960401","F"
"RLPJV","RRWJV","R","19960401","X"
"RLPJY","RRWJY","R","19960401","X"
"RLPLB","RRWLB","R","19960401","X"
"RLPLC","RRWLC","R","19960401","F"
"RLPLD","RRWLD","R","19960401","X"
"RLPLE","RRWLE","R","19960401","X"
"RLPLF","RRWLF","R","19960401","F"
"RLPLX","RRWLX","R","19960401","F"
"RLPLY","RRWLY","R","19960401","F"
"RLPMA","RRWMA","R","19960401","X"
"RLPMB","RRWMB","R","19960401","X"
"RLPMC","RRWMC","R","19960401","X"
"RLPMD","RRWMD","R","19960401","F"
"RLPME","RRWME","R","19960401","F"
"RLPMF","RRWMF","R","19960401","F"
"RLPMG","RRWMG","R","19960401","F"
"RLPMH","RRWMH","R","19960401","F"
"RLPMJ","RRWMJ","R","19960401","F"
"RLPMK","RRWMK","R","19960401","F"
"RLPML","RRWML","R","19960401","F"
"RLPMS","RRWMS","R","19960401","X"
"RLPSA","RRWSA","R","19960401","X"
"RLPSB","RRWSB","R","19960401","X"
"RLPSC","RRWSC","R","19960401","X"
"RLPSN","RRWSN","R","19960401","X"
"RLPSP","RRWSP","R","19960401","X"
"RLPUV","RRWUV","R","19960401","X"
"RLPUX","RRWUX","R","19960401","X"
"RLPUY","RRWUY","R","19960401","X"
"RLPYG","RRWYG","R","19960401","X"
"RLPYP","RRWYP","R","19960401","X"
"RLR","RWP","R","20000401",""
"RLR01","RWP51","R","20000401","X"
"RLR02","RWP52","R","20000401","X"
"RLR04","RWP54","R","20000401","X"
"RLS","RTT","R","19980401","F"
"RLS02","RTT02","R","19980401","F"
"RLS03","RTT03","R","19980401","F"
"RLS10","RLS30","R","19950401","F"
"RLS19","RTT19","R","19980401","F"
"RLS30","RTT30","R","19980401","F"
"RLS33","RTT33","R","19980401","F"
"RLS38","RTT38","R","19980401","F"
"RLS40","RTT40","R","19980401","F"
"RLS41","RTT41","R","19980401","F"
"RLS42","RTT42","R","19980401","F"
"RLS52","RTT52","R","19980401","F"
"RLS54","RTT54","R","19980401","F"
"RLS55","RTT55","R","19980401","F"
"RLS64","RTT64","R","19980401","F"
"RLS65","RTT65","R","19980401","F"
"RLS66","RTT66","R","19980401","F"
"RLS68","RTT68","R","19980401","F"
"RLS69","RTT69","R","19980401","F"
"RLU","RQ3","R","20170201",""
"RLV","RWL","R","20000401","F"
"RLV01","RWL15","R","20000401","F"
"RLV03","RWL60","R","20000401","F"
"RLV10","RWL24","R","20000401","F"
"RLV11","RWL23","R","20000401","F"
"RLV12","RWL22","R","20000401","F"
"RLV21","RWL21","R","20000401","F"
"RLV45","RWL17","R","20000401","F"
"RLV51","RWL22","R","20000401","F"
"RLV61","RWLM2","R","20000401","F"
"RLV62","RWLE7","R","20000401","F"
"RLV63","RWL56","R","20000401","F"
"RLV64","RWLH3","R","20000401","F"
"RLV66","RWL52","R","20000401","F"
"RLV68","RWL39","R","20000401","F"
"RLV70","RWL70","R","20000401","F"
"RLV71","RWLH9","R","20000401","F"
"RLV75","RWL27","R","20000401","F"
"RLV76","RWLA6","R","20000401","F"
"RLV77","RWL31","R","20000401","F"
"RLV78","RWL16","R","20000401","F"
"RLV79","RWL36","R","20000401","F"
"RLV80","RWL37","R","20000401","F"
"RLV82","RWLD9","R","20000401","F"
"RLV83","RWLG2","R","20000401","F"
"RLV84","RWL45","R","20000401","F"
"RLV87","RWL53","R","20000401","F"
"RLV90","RWL57","R","20000401","F"
"RLV91","RWL59","R","20000401","F"
"RLV93","RWLL5","R","20000401","X"
"RLV94","RWL69","R","20000401","F"
"RLV95","RWLB6","R","20000401","F"
"RLW","RXK","R","20020401",""
"RLW01","RXK02","R","20020401",""
"RLX","RWL","R","20000401","F"
"RLX01","RWL19","R","20000401","F"
"RLX03","RWL41","R","20000401","F"
"RLX04","RWL63","R","20000401","F"
"RLX05","RWLM1","R","20000401","F"
"RLX07","RWL32","R","20000401","F"
"RLX08","RWLB8","R","20000401","F"
"RLX09","RWLE8","R","20000401","F"
"RLX10","RWLE2","R","20000401","F"
"RLX11","RWLE9","R","20000401","F"
"RLX12","RWLH1","R","20000401","F"
"RLX13","RWL66","R","20000401","F"
"RLX14","RWL55","R","20000401","F"
"RLX15","RWL42","R","20000401","F"
"RLX16","RWLA2","R","20000401","F"
"RLX17","RWL64","R","20000401","F"
"RLX19","RWL67","R","20000401","F"
"RLX20","RWL20","R","20000401","F"
"RLX21","RWLA3","R","20000401","F"
"RLX22","RWL43","R","20000401","F"
"RLX23","RWLE4","R","20000401","F"
"RLX24","RWL28","R","20000401","F"
"RLX25","RWL35","R","20000401","F"
"RLX28","RWL30","R","20000401","F"
"RLX29","RWLA5","R","20000401","F"
"RLX30","RWL25","R","20000401","F"
"RLX31","RWL26","R","20000401","F"
"RLX32","RWL48","R","20000401","F"
"RLX33","RWL44","R","20000401","F"
"RLX34","RWL58","R","20000401","F"
"RLX35","RWLK9","R","20000401","F"
"RLX49","RWLK1","R","20000401","F"
"RLY27","5MF27","O","20020401","F"
"RLY28","5EW28","O","20010401","F"
"RLY37","RLY97","R","20051001","X"
"RLY38","RLY97","R","20051001","X"
"RLY41","5HW41","O","20020401","F"
"RLY42","5HW42","O","20020401","F"
"RLY44","5EW44","O","20010401","F"
"RLY47","5HW47","O","20020401","F"
"RLY49","5CT49","O","20010401","F"
"RLY51","5HW51","O","20020401","F"
"RLY53","5HW53","O","20020401","F"
"RLY56","5HR56","O","20020401","F"
"RLY57","RLY50","R","19970401","X"
"RLY59","5HW59","O","20020401","F"
"RLY61","5MF61","O","20020401","F"
"RLY63","5HR63","O","20020401","F"
"RLY66","5HR66","O","20020401","F"
"RLY68","5HW68","O","20020401","F"
"RLY69","5EW69","O","20010401","F"
"RLY72","5ME72","O","20020401","F"
"RLY76","5HW76","O","20020401","F"
"RLZ","RXW","R","20031001",""
"RLZ01","RXWAS","R","20031001",""
"RLZ22","RXWML","R","20031001",""
"RLZ23","RXWMB","R","20031001",""
"RLZ32","RXWMR","R","20031001","F"
"RLZ51","RXWMS","R","20031001","X"
"RM2","R0A","R","20171001",""
"RM4","RW3","R","20120401","F"
"RM5","5CR","O","20010401","F"
"RM5","5CL","O","20010401","F"
"RM5","5AA","O","20010401","F"
"RM5","5CX","O","20010401","F"
"RM514","5AA04","O","20010401","F"
"RM515","5CL04","O","20010401","F"
"RM521","5CR05","O","20010401","F"
"RM522","5CR06","O","20010401","F"
"RM524","5CR09","O","20010401","F"
"RM525","5CR03","O","20010401","F"
"RM528","5CR07","O","20010401","F"
"RM530","5CR08","O","20010401","F"
"RM533","5CL03","O","20010401","F"
"RM534","5CL08","O","20010401","F"
"RM536","5CL02","O","20010401","F"
"RM538","5CL10","O","20010401","F"
"RM540","5CL09","O","20010401","F"
"RM542","5CL05","O","20010401","F"
"RM543","5CL06","O","20010401","F"
"RM545","5AA03","O","20010401","F"
"RM550","5AA02","O","20010401","F"
"RM552","5AA05","O","20010401","F"
"RM566","5AA06","O","20010401","X"
"RM569","5CL07","O","20010401","F"
"RM6","RX4","R","20060401",""
"RM601","RX469","R","20060401","X"
"RM603","RX471","R","20060401",""
"RM604","RX472","R","20060401",""
"RM605","RX473","R","20060401",""
"RM606","RX474","R","20060401",""
"RM607","RX475","R","20060401",""
"RM608","RX476","R","20060401",""
"RM609","RX477","R","20060401",""
"RM610","RX478","R","20060401",""
"RM611","RX450","R","20060401",""
"RM612","RX480","R","20060401",""
"RM613","RX481","R","20060401",""
"RM614","RX482","R","20060401",""
"RM615","RX483","R","20060401",""
"RM616","RX484","R","20060401",""
"RM617","RX485","R","20060401",""
"RM618","RX486","R","20060401",""
"RM619","RX487","R","20060401",""
"RM620","RX488","R","20060401",""
"RM621","RX489","R","20060401",""
"RM622","RX490","R","20060401",""
"RM623","RX491","R","20060401",""
"RM624","RX492","R","20060401",""
"RM625","RX493","R","20060401",""
"RM626","RX494","R","20060401",""
"RM627","RX495","R","20060401",""
"RM628","RX496","R","20060401",""
"RM629","RX497","R","20060401",""
"RM630","RX498","R","20060401",""
"RM631","RX499","R","20060401",""
"RM632","RX4R0","R","20060401",""
"RM633","RX4R1","R","20060401",""
"RM634","RX4R2","R","20060401",""
"RM635","RX4R3","R","20060401",""
"RM636","RX4R4","R","20060401",""
"RM637","RX4R5","R","20060401",""
"RM638","RX4R6","R","20060401",""
"RM639","RX4R7","R","20060401",""
"RM640","RX4R8","R","20060401",""
"RM641","RX4R9","R","20060401",""
"RM642","RX4T0","R","20060401",""
"RM643","RX4T1","R","20060401",""
"RM644","RX4T2","R","20060401",""
"RM645","RX4T3","R","20060401",""
"RM646","RX4T4","R","20060401",""
"RM647","RX4T5","R","20060401",""
"RM648","RX4T6","R","20060401",""
"RM649","RX4T7","R","20060401",""
"RM650","RX4T8","R","20060401",""
"RM651","RX4T9","R","20060401",""
"RM652","RX4V0","R","20060401",""
"RM653","RX4V1","R","20060401",""
"RM654","RX4V2","R","20060401",""
"RM655","RX470","R","20060401",""
"RM656","RX4V6","R","20060401",""
"RM657","RX4V7","R","20060401",""
"RM658","RX4V8","R","20060401",""
"RM6DN","RX467","R","20060401",""
"RM6DQ","RX468","R","20060401",""
"RM6EA","RX4V3","R","20060401",""
"RM6JK","RX4V4","R","20060401",""
"RM6JL","RX4V5","R","20060401",""
"RM7","RR7","R","19980401",""
"RM701","RR701","R","19980401","X"
"RM702","RR702","R","19980401","X"
"RM703","RR703","R","19980401","X"
"RM704","RR704","R","19980401","X"
"RM705","RR705","R","19980401",""
"RM706","RR706","R","19980401","X"
"RM708","RR708","R","19980401","X"
"RM709","RR709","R","19980401","X"
"RM710","RR710","R","19980401",""
"RM711","RR711","R","19980401","X"
"RM712","RR712","R","19980401","X"
"RM7ER","RR7ER","R","19980401",""
"RM7ET","RR7ET","R","19980401",""
"RM7EU","RR7EU","R","19980401","X"
"RM7NM","RR7NM","R","19980401","X"
"RM7NN","RR7NN","R","19980401","X"
"RM7NP","RR7NP","R","19980401","X"
"RM7NQ","RR7NQ","R","19980401","X"
"RM7NS","RR7NS","R","19980401","X"
"RM7NT","RR7NT","R","19980401","X"
"RM7VK","RR7VK","R","19980401","X"
"RM7VL","RR7VL","R","19980401","X"
"RM7VM","RR7VM","R","19980401","X"
"RM7VN","RR7VN","R","19980401","X"
"RM7VP","RR7VP","R","19980401","X"
"RM7VQ","RR7VQ","R","19980401","X"
"RM7VR","RR7VR","R","19980401","X"
"RM7VS","RR7VS","R","19980401","X"
"RM8","RTX","R","19980401",""
"RM8BP","RTXBP","R","19980401",""
"RM8BU","RTXBU","R","19980401",""
"RM9","RWP","R","20000401",""
"RM901","RWP01","R","20000401",""
"RMA","RX7","R","20060701",""
"RMA01","RX701","R","20060701",""
"RMA02","RX702","R","20060701","X"
"RMA03","RX703","R","20060701","X"
"RMA04","RX704","R","20060701","X"
"RMA05","RX705","R","20060701","X"
"RMA06","RX706","R","20060701","X"
"RMA07","RX707","R","20060701",""
"RMA08","RX708","R","20060701",""
"RMA09","RX709","R","20060701",""
"RMA10","RX710","R","20060701",""
"RMA11","RX711","R","20060701",""
"RMA12","RX712","R","20060701","X"
"RMA13","RX713","R","20060701",""
"RMA14","RX714","R","20060701",""
"RMA15","RX715","R","20060701",""
"RMA16","RX716","R","20060701","X"
"RMA17","RX717","R","20060701",""
"RMA18","RX718","R","20060701",""
"RMA19","RX719","R","20060701","X"
"RMA20","RX720","R","20060701",""
"RMA21","RX721","R","20060701",""
"RMA22","RX722","R","20060701","X"
"RMA23","RX723","R","20060701","X"
"RMA24","RX724","R","20060701",""
"RMA25","RX725","R","20060701",""
"RMA26","RX726","R","20060701","X"
"RMA27","RX727","R","20060701",""
"RMA28","RX728","R","20060701",""
"RMA29","RX729","R","20060701","X"
"RMA30","RX730","R","20060701",""
"RMA31","RX731","R","20060701",""
"RMA32","RX732","R","20060701",""
"RMA33","RX733","R","20060701","X"
"RMA34","RX734","R","20060701",""
"RMA35","RX735","R","20060701",""
"RMA36","RX736","R","20060701",""
"RMA37","RX737","R","20060701",""
"RMA38","RX738","R","20060701","X"
"RMA39","RX739","R","20060701","X"
"RMA40","RX740","R","20060701","X"
"RMA41","RX741","R","20060701",""
"RMB","RXR","R","20030401",""
"RMB01","RXR01","R","20030401",""
"RMB02","RXR02","R","20030401",""
"RMB23","RXR23","R","20030401",""
"RMC00","RMC01","R","20050401",""
"RMD","RX7","R","20060701",""
"RME","5G8","O","20020401","F"
"RME","5G7","O","20020401","F"
"RME","RW5","R","20020401",""
"RME","5CC","O","20020401","F"
"RME01","5G704","O","20020401","X"
"RME01","RW5AA","R","20020401",""
"RME01","5G806","O","20020401","X"
"RME02","5G702","O","20020401","F"
"RME05","5G705","O","20020401","F"
"RME05","5G805","O","20020401","X"
"RME06","5G706","O","20020401","F"
"RME10","5CC11","O","20001001","F"
"RME13","5CC02","O","20001001","F"
"RME14","5G714","O","20020401","F"
"RME14","5G832","O","20020401","X"
"RME15","5CC03","O","20001001","F"
"RME16","5CC04","O","20001001","F"
"RME18","5G718","O","20020401","F"
"RME18","5G836","O","20020401","X"
"RME19","5G719","O","20020401","F"
"RME20","5G720","O","20020401","F"
"RME21","5G721","O","20020401","F"
"RME29","5CC05","O","20001001","F"
"RME30","5CC06","O","20001001","F"
"RME31","5CC07","O","20001001","F"
"RME32","5CC08","O","20001001","F"
"RME34","5CC09","O","20001001","F"
"RME35","5CC10","O","20001001","F"
"RME37","5G737","O","20020401","F"
"RME41","5G741","O","20020401","F"
"RME73","5G773","O","20020401","F"
"RME79","5G779","O","20020401","F"
"RME82","5G782","O","20020401","F"
"RMF","RXN","R","20020801",""
"RMF02","RXN02","R","20020801",""
"RMG","RW5","R","20020401",""
"RMG01","RW5EC","R","20020401","X"
"RMG05","RW5EF","R","20020401",""
"RMG06","RW5EA","R","20020401",""
"RMG10","RW5EG","R","20020401","X"
"RMG34","RW5BE","R","20020401","F"
"RMH","RXV","R","20030401",""
"RMH06","RXV06","R","20030401",""
"RMH14","RXV14","R","20030401",""
"RMH15","RXV15","R","20030401","X"
"RMH16","RXV16","R","20030401",""
"RMH17","RXV17","R","20030401",""
"RMH18","RXV18","R","20030401","X"
"RMH19","RXV19","R","20030401","X"
"RMH20","RXV20","R","20030401",""
"RMH21","RXV21","R","20030401","X"
"RMH22","RXV22","R","20030401","X"
"RMH23","RXV23","R","20030401","X"
"RMH44","RXV44","R","20030401",""
"RMJ","5F5","O","20010401","X"
"RMK","5CR","O","20020401","F"
"RMK","RW6","R","20020401","F"
"RML","5HP","O","20020401","X"
"RML","RW5","R","20020401",""
"RML","RXL","R","20020401",""
"RML","5HF","O","20020401","F"
"RML","5HE","O","20020401","F"
"RML01","RXL01","R","20020401",""
"RML03","RW5BB","R","20020401","F"
"RML03","RXL02","R","20020401","X"
"RML04","RXL09","R","20020401",""
"RML06","RXL03","R","20020401","X"
"RML06","RW5BD","R","20020401","F"
"RML08","RW5BC","R","20020401","F"
"RML08","RXL04","R","20020401",""
"RML09","RXL05","R","20020401","X"
"RML10","RW5BJ","R","20020401","F"
"RML14","RXL10","R","20020401",""
"RML16","RXL11","R","20020401",""
"RML17","RXL12","R","20020401",""
"RML18","RXL13","R","20020401",""
"RML20","RXL14","R","20020401","X"
"RML21","RXL15","R","20020401",""
"RML25","RXL16","R","20020401",""
"RML26","RXL06","R","20020401",""
"RML30","RXL17","R","20020401",""
"RML31","RXL18","R","20020401",""
"RML32","RXL19","R","20020401",""
"RML33","RXL20","R","20020401",""
"RML34","RXL21","R","20020401",""
"RML36","RXL22","R","20020401",""
"RML37","RXL23","R","20020401",""
"RML41","RXL24","R","20020401",""
"RML58","RW5BA","R","20020401","F"
"RMM","RTV","R","20020401","F"
"RMM","5HQ","O","20020401","X"
"RMM01","5HQ01","O","20020401","X"
"RMM02","5HQ02","O","20020401","X"
"RMM03","5HQ03","O","20020401","X"
"RMM05","5HQ05","O","20020401","X"
"RMM06","5HQ06","O","20020401","X"
"RMM07","5HQ07","O","20020401","X"
"RMM08","5HQ08","O","20020401","X"
"RMM09","5HQ09","O","20020401","X"
"RMM10","5HQ10","O","20020401","X"
"RMM11","5HQ11","O","20020401","X"
"RMM13","5HQ13","O","20020401","X"
"RMM14","5HQ14","O","20020401","X"
"RMM15","5HQ15","O","20020401","X"
"RMM16","5HQ16","O","20020401","X"
"RMM17","5HQ17","O","20020401","X"
"RMM18","5HQ18","O","20020401","X"
"RMM19","5HQ19","O","20020401","X"
"RMM31","RTV21","R","20020401","X"
"RMM32","RTV22","R","20020401","X"
"RMM50","5HQ50","O","20020401","X"
"RMM51","5HQ51","O","20020401","X"
"RMN","RT2","R","20020401",""
"RMN","5JX","O","20020401","X"
"RMN","RW6","R","20020401","F"
"RMN01","RW606","R","20020401","X"
"RMP02","5LH02","O","20020401","X"
"RMP08","5LH08","O","20020401","X"
"RMP24","5LH24","O","20020401","X"
"RMP45","5LH45","O","20020401","X"
"RMQ","RT2","R","20020401",""
"RMR","RXL","R","20020401",""
"RMS","RWJ","R","20000401",""
"RMT","RWJ","R","20000401",""
"RMU","RV9","R","19991001",""
"RMU17","RV917","R","19991001",""
"RMU24","RV924","R","19991001",""
"RMU27","RV927","R","19991001",""
"RMU28","RV928","R","19991001",""
"RMV","RV9","R","19991001",""
"RMV04","RV904","R","19991001",""
"RMV06","RV906","R","19991001",""
"RMV11","RV911","R","19991001",""
"RMV12","RV912","R","19991001",""
"RMV13","RV913","R","19991001",""
"RMV15","RV915","R","19991001",""
"RMV19","RV919","R","19991001",""
"RMV20","RMV25","R","19940402","F"
"RMV23","RMV29","R","19940401","X"
"RMV25","RV925","R","19991001",""
"RMV30","RV930","R","19991001",""
"RMV32","RV932","R","19991001",""
"RMV33","RV933","R","19991001",""
"RMV34","RV934","R","19991001",""
"RMV36","RV936","R","19991001",""
"RMV37","RV937","R","19991001",""
"RMV38","RV938","R","19991001",""
"RMVFI","RMVFO","R","19940501","X"
"RMW","RXG","R","20020401",""
"RMW","RXF","R","20020401",""
"RMW10","RXF10","R","20020401",""
"RMX","5A2","O","20010401","F"
"RMZ","RYC","R","20060701",""
"RMZ01","RYC02","R","20060701",""
"RMZ02","RYC03","R","20060701",""
"RMZ03","RYC04","R","20060701",""
"RMZ04","RYC05","R","20060701",""
"RMZ05","RYC06","R","20060701",""
"RMZ06","RYC07","R","20060701",""
"RMZ07","RYC08","R","20060701",""
"RMZ08","RYC09","R","20060701",""
"RMZ09","RYC10","R","20060701",""
"RMZ10","RYC11","R","20060701",""
"RMZ11","RYC12","R","20060701",""
"RMZ12","RYC13","R","20060701",""
"RMZ13","RYC14","R","20060701",""
"RMZ14","RYC15","R","20060701",""
"RMZ15","RYC16","R","20060701",""
"RMZ16","RYC17","R","20060701",""
"RMZ17","RYC18","R","20060701",""
"RMZ18","RYC19","R","20060701",""
"RMZ19","RYC20","R","20060701",""
"RMZ20","RYC21","R","20060701",""
"RMZ21","RYC22","R","20060701",""
"RMZ22","RYC23","R","20060701",""
"RMZ23","RYC24","R","20060701",""
"RMZ24","RYC25","R","20060701",""
"RMZ25","RYC26","R","20060701",""
"RMZ26","RYC27","R","20060701",""
"RMZ27","RYC28","R","20060701",""
"RMZ28","RYC29","R","20060701",""
"RMZ29","RYC30","R","20060701",""
"RMZ30","RYC31","R","20060701",""
"RMZ31","RYC32","R","20060701",""
"RMZ32","RYC33","R","20060701",""
"RMZ33","RYC34","R","20060701",""
"RMZ34","RYC35","R","20060701",""
"RMZ35","RYC36","R","20060701",""
"RMZ36","RYC37","R","20060701",""
"RMZ37","RYC38","R","20060701",""
"RMZ38","RYC39","R","20060701",""
"RMZ39","RYC40","R","20060701",""
"RMZ40","RYC41","R","20060701",""
"RMZ41","RYC42","R","20060701",""
"RMZ42","RYC43","R","20060701",""
"RMZ43","RYC44","R","20060701",""
"RMZ44","RYC45","R","20060701",""
"RMZ45","RYC46","R","20060701",""
"RMZ46","RYC47","R","20060701",""
"RMZ47","RYC48","R","20060701",""
"RMZ48","RYC49","R","20060701",""
"RMZ49","RYC50","R","20060701",""
"RMZ50","RYC51","R","20060701",""
"RMZ51","RYC52","R","20060701",""
"RMZ52","RYC53","R","20060701",""
"RMZ53","RYC54","R","20060701",""
"RMZ54","RYC55","R","20060701","X"
"RMZ55","RYC56","R","20060701",""
"RMZ56","RYC57","R","20060701",""
"RMZ57","RYC58","R","20060701",""
"RN1","RN5","R","20120110",""
"RN107","RW108","R","20010401",""
"RN110","RW115","R","20010401","X"
"RN112","RW109","R","20010401","X"
"RN113","RW110","R","20010401","X"
"RN114","RW121","R","20010401",""
"RN121","RW111","R","20010401","X"
"RN122","RW118","R","20010401","X"
"RN123","RW112","R","20010401","X"
"RN124","RW113","R","20010401","X"
"RN125","RW125","R","20010401","X"
"RN140","RW123","R","20010401","X"
"RN144","RW108","R","20010401",""
"RN145","RW124","R","20010401","X"
"RN146","RW126","R","20010401","X"
"RN147","RW116","R","20010401",""
"RN171","RW117","R","20010401",""
"RN172","RW114","R","20010401","X"
"RN2","RVQ","R","19991001","F"
"RN210","RVQ25","R","19991001","X"
"RN212","RVQ27","R","19991001","F"
"RN215","RVQ15","R","19991001","X"
"RN220","RVQ20","R","19991001","F"
"RN221","RVQ44","R","19991001","F"
"RN222","RVQ51","R","19991001","F"
"RN223","RVQ52","R","19991001","F"
"RN233","RVQ33","R","19991001","F"
"RN234","RVQ34","R","19991001","F"
"RN235","RVQ35","R","19991001","X"
"RN237","RVQ37","R","19991001","F"
"RN239","RVQ39","R","19991001","X"
"RN240","RVQ40","R","19991001","X"
"RN241","RVQ41","R","19991001","F"
"RN242","RVQ42","R","19991001","F"
"RN243","RVQ43","R","19991001","F"
"RN246","RVQ46","R","19991001","F"
"RN250","RVQ50","R","19991001","F"
"RN260","RVQ60","R","19991001","F"
"RN265","RVQ65","R","19991001","F"
"RN268","RVQ68","R","19991001","F"
"RN271","RVQ71","R","19991001","F"
"RN283","RVQ70","R","19991001","X"
"RN311","RN325","R","20020401",""
"RN313","AXG02","O","20160701",""
"RN333","AXG01","O","20160701","X"
"RN3C5","AXG03","O","20160701",""
"RN4","5LX","O","20020401","F"
"RN4","5FD","O","20020401","F"
"RN4","5FE","O","20020401","X"
"RN4","RW1","R","20020401",""
"RN405","5LX05","O","20020401","F"
"RN406","5FD06","O","20020401","F"
"RN406","RW170","R","20020401",""
"RN407","5FD07","O","20020401","F"
"RN408","5FD08","O","20020401","F"
"RN409","5LX09","O","20020401","X"
"RN410","5FE10","O","20020401","X"
"RN411","5FE11","O","20020401","X"
"RN412","5FD12","O","20020401","F"
"RN414","5LX14","O","20020401","F"
"RN415","5LX15","O","20020401","X"
"RN419","5FD19","O","20020401","X"
"RN419","5LX19","O","20020401","X"
"RN419","5FE19","O","20020401","X"
"RN422","5LX22","O","20020401","X"
"RN426","5LX26","O","20020401","F"
"RN428","5FE28","O","20020401","X"
"RN429","5FD29","O","20020401","F"
"RN430","5LX30","O","20020401","X"
"RN431","5LX31","O","20020401","X"
"RN432","5FE32","O","20020401","X"
"RN433","5FE33","O","20020401","X"
"RN434","5LX34","O","20020401","X"
"RN435","5LX35","O","20020401","X"
"RN440","5LX40","O","20020401","F"
"RN442","5FD42","O","20020401","F"
"RN443","5LX43","O","20020401","F"
"RN444","5FE44","O","20020401","X"
"RN445","5FE45","O","20020401","X"
"RN447","5FD47","O","20020401","F"
"RN447","5FE47","O","20020401","X"
"RN450","5FE50","O","20020401","X"
"RN451","5FE51","O","20020401","X"
"RN452","5FE52","O","20020401","X"
"RN453","5FE53","O","20020401","X"
"RN454","5FD54","O","20020401","F"
"RN455","5FE55","O","20020401","X"
"RN461","5FD61","O","20020401","F"
"RN461","RW180","R","20020401",""
"RN463","5FD63","O","20020401","X"
"RN464","5LX64","O","20020401","X"
"RN466","5FD66","O","20020401","F"
"RN466","RW179","R","20020401",""
"RN467","5LX67","O","20020401","F"
"RN470","5LX70","O","20020401","X"
"RN471","5LX71","O","20020401","X"
"RN472","5LX72","O","20020401","F"
"RN473","5LX73","O","20020401","X"
"RN474","5LX74","O","20020401","X"
"RN475","5LX75","O","20020401","F"
"RN476","5LX76","O","20020401","X"
"RN479","5FE79","O","20020401","X"
"RN480","5LX80","O","20020401","X"
"RN481","5LX81","O","20020401","X"
"RN482","5LX82","O","20020401","X"
"RN483","5FE83","O","20020401","X"
"RN485","5LX85","O","20020401","X"
"RN486","5LX86","O","20020401","X"
"RN487","5LX87","O","20020401","F"
"RN4A1","5FEA1","O","20020401","X"
"RN4A4","5FEA4","O","20020401","X"
"RN4A5","5LXA5","O","20020401","X"
"RN4A6","5LXA6","O","20020401","X"
"RN4A7","5LXA7","O","20020401","X"
"RN4A9","5LXA9","O","20020401","X"
"RN4B2","5LXB2","O","20020401","X"
"RN4B8","5LXB8","O","20020401","X"
"RN4B9","5LXB9","O","20020401","F"
"RN4C1","5LXC1","O","20020401","X"
"RN4D9","5LXD9","O","20020401","X"
"RN4E1","5LXE1","O","20020401","X"
"RN4E3","5FDE3","O","20020401","F"
"RN4E5","5FDE5","O","20020401","X"
"RN4E6","5LXE6","O","20020401","X"
"RN4F3","5LXF3","O","20020401","F"
"RN4F4","5LXF4","O","20020401","X"
"RN4G2","5LXG2","O","20020401","X"
"RN4G3","5LXG3","O","20020401","X"
"RN4G4","5LXG4","O","20020401","X"
"RN4G5","5LXG5","O","20020401","X"
"RN4G6","5LXG6","O","20020401","X"
"RN4G7","5LXG7","O","20020401","X"
"RN4G8","5LXG8","O","20020401","X"
"RN4G9","5LXG9","O","20020401","X"
"RN4H1","5LXH1","O","20020401","F"
"RN4H4","5FEH4","O","20020401","X"
"RN4H5","5LXH5","O","20020401","X"
"RN4H6","5LXH6","O","20020401","X"
"RN4H7","5LXH7","O","20020401","X"
"RN4H8","5FEH8","O","20020401","X"
"RN6","5FP","O","20010401","F"
"RN6","5CD","O","20010401","F"
"RN610","5CD10","O","20010401","F"
"RN611","5FP11","O","20010401","F"
"RN612","5FP12","O","20010401","F"
"RN613","5FP13","O","20010401","X"
"RN614","5FP14","O","20010401","X"
"RN621","5CD01","O","20001001","F"
"RN626","5CD15","O","20001001","F"
"RN638","5CD04","O","20001001","F"
"RN650","5CD09","O","20001001","F"
"RN654","5CD13","O","20001001","F"
"RN671","5CD16","O","20001001","F"
"RN6BG","5FP42","O","20010401","F"
"RN6BL","5CD02","O","20001001","F"
"RN6D2","5CD14","O","20001001","F"
"RN6PT","5FP08","O","20010401","F"
"RN6WH","5FP07","O","20010401","F"
"RN6YH","5CD18","O","20001001","F"
"RN703","RN707","R","20000911",""
"RN704","RN707","R","20000911",""
"RN8","RTM","R","19980401","F"
"RN805","RTM02","R","19980401","F"
"RN808","RTM08","R","19980401","F"
"RN809","RTM09","R","19980401","F"
"RN813","RTM93","R","19980401","F"
"RN820","RTM20","R","19980401","F"
"RN833","RTM33","R","19980401","F"
"RN836","RTM65","R","19980401","F"
"RN842","RTM42","R","19980401","F"
"RN843","RTM43","R","19980401","F"
"RN844","RTM89","R","19980401","F"
"RN845","RTM60","R","19980401","F"
"RN847","RTM62","R","19980401","F"
"RN849","RTM49","R","19980401","F"
"RN850","RTM50","R","19980401","X"
"RN8BW","RTM75","R","19980401","F"
"RN8BY","RTM56","R","19980401","X"
"RN8CN","RTM95","R","19980401","X"
"RN8CP","RTM66","R","19980401","F"
"RN8CR","RTM76","R","19980401","F"
"RN8CS","RTM19","R","19980401","F"
"RN8CT","RTM91","R","19980401","F"
"RN8CW","RTM92","R","19980401","X"
"RN8CX","RTM94","R","19980401","F"
"RN9","RV5","R","19990401",""
"RNB","5MD","O","20020401","X"
"RNB03","5MD12","O","20020401","X"
"RNB13","5MD23","O","20020401","X"
"RNB61","5MD06","O","20020401","X"
"RNB70","5MD07","O","20020401","X"
"RNB75","5MD34","O","20020401","X"
"RNB76","5MD10","O","20020401","X"
"RNB79","5MD13","O","20020401","X"
"RNB80","5MD14","O","20020401","X"
"RNB81","5MD39","O","20020401","X"
"RNB82","5MD08","O","20020401","X"
"RNB89","5MD38","O","20020401","X"
"RNB91","5MD37","O","20020401","X"
"RNB92","5MD17","O","20020401","F"
"RNB94","5MD18","O","20020401","X"
"RNC","5HV","O","20020401","F"
"RNC","5HT","O","20020401","F"
"RNC49","5HV15","O","20020401","F"
"RNC51","5HV13","O","20020401","F"
"RNC52","5HV05","O","20020401","F"
"RNC53","5HV12","O","20020401","F"
"RNC61","5HV06","O","20020401","F"
"RNC62","5HV14","O","20020401","F"
"RNC63","5HV04","O","20020401","F"
"RNC65","5HV11","O","20020401","F"
"RNC67","5HV08","O","20020401","F"
"RNC76","5HV17","O","20020401","F"
"RNC77","5HV02","O","20020401","F"
"RNC95","5HV09","O","20020401","F"
"RNC96","5HV07","O","20020401","F"
"RNCAC","5HV01","O","20020401","X"
"RND","RXT","R","20030401",""
"RND02","RXT62","R","20030401",""
"RND07","RXT70","R","20030401",""
"RND08","RXT14","R","20030401",""
"RND16","RXT85","R","20030401",""
"RND18","RXT64","R","20030401",""
"RND24","RXT82","R","20030401",""
"RND28","RXT94","R","20030401",""
"RND29","RXT43","R","20030401",""
"RND41","RXT61","R","20030401",""
"RND42","RXT77","R","20030401",""
"RND43","RXT84","R","20030401",""
"RND44","RXT68","R","20030401",""
"RND49","RXT01","R","20030401",""
"RND50","RXT83","R","20030401",""
"RND53","RXT30","R","20030401",""
"RND67","RXT12","R","20030401",""
"RND69","RXT24","R","20030401",""
"RND70","RXT42","R","20030401",""
"RND75","RXT38","R","20030401",""
"RND76","RXT69","R","20030401",""
"RND78","RXT16","R","20030401",""
"RND79","RXT67","R","20030401",""
"RND82","RXT41","R","20030401",""
"RND91","RXT87","R","20030401",""
"RND97","RXT71","R","20030401",""
"RND98","RXT88","R","20030401",""
"RND99","RQ330","R","19990401",""
"RNDA1","RXT76","R","20030401",""
"RNDA2","RXT27","R","20030401",""
"RNDA3","RXT15","R","20030401",""
"RNDA4","RXT92","R","20030401",""
"RNDA5","RXT45","R","20030401",""
"RNE","RXK","R","20020401",""
"RNE","5MG","O","20020401","F"
"RNE","5MJ","O","20020401","F"
"RNE","5MH","O","20020401","F"
"RNE01","RXK01","R","20020401",""
"RNE10","RXK10","R","20020401",""
"RNE60","RXK60","R","20020401",""
"RNE63","RXK63","R","20020401",""
"RNE80","RXK80","R","20020401",""
"RNE87","RXK87","R","20020401",""
"RNE88","RXK88","R","20020401",""
"RNE89","RXK89","R","20020401",""
"RNE90","RXK90","R","20020401",""
"RNE91","RXK91","R","20020401","X"
"RNE92","RXK92","R","20020401",""
"RNF","RXT","R","20030401",""
"RNF02","RXT44","R","20030401",""
"RNF07","RXT28","R","20030401",""
"RNF10","RXT46","R","20030401",""
"RNF15","RXT75","R","20030401",""
"RNF17","RXT36","R","20030401",""
"RNF53","RXT72","R","20030401",""
"RNG","RRE","R","20010401",""
"RNG02","RRE02","R","20010401","X"
"RNG03","RRE03","R","20010401","X"
"RNG05","RRE05","R","20010401","F"
"RNG09","RRE09","R","20010401",""
"RNG10","RRE52","R","20010401","F"
"RNG12","RRE12","R","20010401","F"
"RNG13","RRE13","R","20010401",""
"RNG15","RRE15","R","20010401",""
"RNG20","RRE20","R","20010401","X"
"RNG22","RRE22","R","20010401","F"
"RNG25","RRE25","R","20010401","X"
"RNG26","RRE26","R","20010401","X"
"RNG27","RRE27","R","20010401","X"
"RNG28","RRE28","R","20010401",""
"RNG29","RRE29","R","20010401","X"
"RNG35","RRE35","R","20010401",""
"RNG42","RRE42","R","20010401","X"
"RNG45","RRE45","R","20010401","X"
"RNG50","RRE50","R","20010401",""
"RNG52","RRE52","R","20010401","F"
"RNG55","RRE55","R","20010401","F"
"RNG56","RRE56","R","20010401","X"
"RNG57","RRE57","R","20010401","X"
"RNG58","RRE58","R","20010401",""
"RNG59","RRE59","R","20010401","X"
"RNG60","RRE60","R","20010401","F"
"RNG61","RRE61","R","20010401","F"
"RNG62","RRE62","R","20010401","F"
"RNG64","RRE64","R","20010401","F"
"RNG65","RRE65","R","20010401","X"
"RNG66","RRE66","R","20010401","F"
"RNG69","RRE69","R","20010401",""
"RNG70","RRE70","R","20010401","X"
"RNG71","RRE71","R","20010401","F"
"RNG72","RRE72","R","20010401","F"
"RNG74","RRE74","R","20010401","F"
"RNG75","RRE75","R","20010401","F"
"RNG76","RRE76","R","20010401",""
"RNG77","RRE77","R","20010401","F"
"RNG78","RRE78","R","20010401","F"
"RNG79","RRE79","R","20010401","X"
"RNG80","RRE80","R","20010401",""
"RNG81","RRE81","R","20010401","X"
"RNG82","RRE82","R","20010401","F"
"RNG83","RRE83","R","20010401","X"
"RNG84","RRE84","R","20010401","X"
"RNG85","RRE85","R","20010401","X"
"RNG86","RRE86","R","20010401",""
"RNG87","RRE87","R","20010401",""
"RNG88","RRE88","R","20010401","X"
"RNG89","RRE89","R","20010401",""
"RNG90","RRE90","R","20010401","X"
"RNG91","RRE91","R","20010401",""
"RNG92","RRE92","R","20010401","X"
"RNG93","RRE93","R","20010401",""
"RNG94","RRE94","R","20010401",""
"RNG95","RRE95","R","20010401","X"
"RNH","R1H","R","20120401",""
"RNJ","R1H","R","20120401",""
"RNL","RNN","R","20191001",""
"RNM","5D8","O","20010401","X"
"RNM","5D7","O","20010401","X"
"RNM","RNP","R","20010401","F"
"RNM02","RNPEW","R","20010401","F"
"RNMEX","RNPEX","R","20010401","F"
"RNMEY","RNPEY","R","20010401","F"
"RNMFC","RNPFC","R","20010401","F"
"RNMFD","RNPFD","R","20010401","F"
"RNMFF","RNPFF","R","20010401","F"
"RNMFG","RNPFG","R","20010401","F"
"RNMFL","RNPFL","R","20010401","F"
"RNMFM","RNPFM","R","20010401","F"
"RNMNU","RNPNU","R","20010401","F"
"RNMNV","RNPNV","R","20010401","F"
"RNMNW","RNPNW","R","20010401","F"
"RNMNX","RNPNX","R","20010401","F"
"RNMNY","RNPNY","R","20010401","F"
"RNMPA","RNPPA","R","20010401","F"
"RNMPB","RNPPB","R","20010401","F"
"RNMPC","RNPPC","R","20010401","F"
"RNMPD","RNPPD","R","20010401","F"
"RNMPE","RNPPE","R","20010401","F"
"RNMPF","RNPPF","R","20010401","F"
"RNMPH","RNPPH","R","20010401","F"
"RNMPJ","RNPPJ","R","20010401","F"
"RNMVT","RNPVT","R","20010401","F"
"RNMVU","RNPVU","R","20010401","F"
"RNMVV","RNPVV","R","20010401","F"
"RNMVW","RNPVW","R","20010401","F"
"RNMVX","RNPVX","R","20010401","F"
"RNMVY","RNPVY","R","20010401","F"
"RNMWA","RNPWA","R","20010401","F"
"RNMWB","RNPWB","R","20010401","F"
"RNMWC","RNPWC","R","20010401","F"
"RNMWE","RNPWE","R","20010401","F"
"RNMWF","RNPWF","R","20010401","F"
"RNMWG","RNPWG","R","20010401","F"
"RNMWH","RNPWH","R","20010401","F"
"RNMWJ","RNPWJ","R","20010401","F"
"RNMWK","RNPWK","R","20010401","F"
"RNMYC","RNPYC","R","20010401","F"
"RNP","RX4","R","20060401",""
"RNP01","RX401","R","20060401",""
"RNP02","RX402","R","20060401",""
"RNP03","RX403","R","20060401",""
"RNP04","RX404","R","20060401",""
"RNP05","RX405","R","20060401",""
"RNP06","RX406","R","20060401",""
"RNP07","RX407","R","20060401",""
"RNP08","RX408","R","20060401",""
"RNP09","RX409","R","20060401",""
"RNP10","RX410","R","20060401",""
"RNP11","RX411","R","20060401",""
"RNP12","RX412","R","20060401",""
"RNP13","RX413","R","20060401",""
"RNP14","RX414","R","20060401",""
"RNP15","RX415","R","20060401",""
"RNP16","RX416","R","20060401",""
"RNP17","RX417","R","20060401",""
"RNP18","RX418","R","20060401",""
"RNP19","RX419","R","20060401",""
"RNP20","RX420","R","20060401","X"
"RNP21","RX421","R","20060401",""
"RNP22","RX422","R","20060401",""
"RNP23","RX423","R","20060401",""
"RNP24","RX424","R","20060401",""
"RNP25","RX425","R","20060401",""
"RNP26","RX426","R","20060401",""
"RNP27","RX427","R","20060401",""
"RNP28","RX428","R","20060401",""
"RNP29","RX429","R","20060401",""
"RNP30","RX430","R","20060401",""
"RNP31","RX431","R","20060401",""
"RNP32","RX432","R","20060401",""
"RNP33","RX433","R","20060401",""
"RNP34","RX4A1","R","20060401",""
"RNP35","RX4A2","R","20060401",""
"RNP36","RX4A3","R","20060401",""
"RNP37","RX4A4","R","20060401",""
"RNP38","RX4A5","R","20060401",""
"RNP39","RX4A6","R","20060401",""
"RNP40","RX4A7","R","20060401",""
"RNP41","RX4A8","R","20060401",""
"RNP42","RX4A9","R","20060401",""
"RNP43","RX4C1","R","20060401",""
"RNP44","RX4C2","R","20060401",""
"RNP45","RX4C3","R","20060401",""
"RNP46","RX4C4","R","20060401",""
"RNP47","RX4C5","R","20060401",""
"RNP48","RX4C6","R","20060401",""
"RNP49","RX4C7","R","20060401",""
"RNP50","RX4C8","R","20060401",""
"RNP51","RX4C9","R","20060401",""
"RNP52","RX4D1","R","20060401",""
"RNP53","RX4D2","R","20060401",""
"RNP54","RX4D3","R","20060401",""
"RNP55","RX4D4","R","20060401",""
"RNP56","RX4D5","R","20060401",""
"RNP57","RX4D6","R","20060401",""
"RNP58","RX4D7","R","20060401",""
"RNP59","RX4D8","R","20060401",""
"RNP60","RX4D9","R","20060401",""
"RNP61","RX4E1","R","20060401",""
"RNPDP","RX4E2","R","20060401",""
"RNPEW","RX4E3","R","20060401","X"
"RNPEX","RX4E4","R","20060401",""
"RNPEY","RX4E5","R","20060401",""
"RNPFC","RX4E6","R","20060401",""
"RNPFD","RX4E7","R","20060401","X"
"RNPFF","RX4E8","R","20060401","X"
"RNPFG","RX4E9","R","20060401","X"
"RNPFL","RX4F1","R","20060401",""
"RNPFM","RX4F2","R","20060401",""
"RNPNU","RX4F3","R","20060401",""
"RNPNV","RX4F4","R","20060401",""
"RNPNW","RX4F5","R","20060401",""
"RNPNX","RX4F6","R","20060401",""
"RNPNY","RX4F7","R","20060401",""
"RNPPA","RX4F8","R","20060401",""
"RNPPB","RX4F9","R","20060401",""
"RNPPC","RX4G1","R","20060401",""
"RNPPD","RX4G2","R","20060401",""
"RNPPE","RX4G3","R","20060401",""
"RNPPF","RX4G4","R","20060401",""
"RNPPH","RX4G5","R","20060401",""
"RNPPJ","RX4G6","R","20060401",""
"RNPVT","RX4G7","R","20060401",""
"RNPVU","RX4G8","R","20060401",""
"RNPVV","RX4G9","R","20060401",""
"RNPVW","RX4H1","R","20060401",""
"RNPVX","RX4H2","R","20060401",""
"RNPVY","RX4H3","R","20060401",""
"RNPWA","RX4H4","R","20060401",""
"RNPWB","RX4H5","R","20060401",""
"RNPWC","RX4H6","R","20060401",""
"RNPWE","RX4H7","R","20060401",""
"RNPWF","RX4H8","R","20060401",""
"RNPWG","RX4H9","R","20060401",""
"RNPWH","RX4AC","R","20060401",""
"RNPWJ","RX4AD","R","20060401",""
"RNPWK","RX4AE","R","20060401",""
"RNPYC","RX4AF","R","20060401",""
"RNPZ1","RX4AG","R","20060401",""
"RNPZ2","RX4AH","R","20060401",""
"RNR","RP1","R","20010401",""
"RNR01","RP1A3","R","20010401","X"
"RNR02","RP1A4","R","20010401",""
"RNR03","RP1A5","R","20010401",""
"RNR04","RP1A6","R","20010401",""
"RNR05","RP1A7","R","20010401",""
"RNR06","RP1A8","R","20010401",""
"RNR10","RP1A9","R","20010401",""
"RNR11","RP1C1","R","20010401",""
"RNR12","RP1C2","R","20010401",""
"RNR13","RP1C3","R","20010401",""
"RNR14","RP1C4","R","20010401",""
"RNR15","RP1C5","R","20010401",""
"RNR18","RP1C8","R","20010401",""
"RNR19","RP1C9","R","20010401",""
"RNR20","RP1D1","R","20010401",""
"RNR21","RP1D2","R","20010401",""
"RNR22","RP1D3","R","20010401",""
"RNR23","RP1D4","R","20010401",""
"RNR30","RP1D5","R","20010401",""
"RNR31","RP1D6","R","20010401",""
"RNR32","RP1D7","R","20010401",""
"RNR33","RP1D8","R","20010401",""
"RNR34","RP1D9","R","20010401",""
"RNR36","RP1E2","R","20010401",""
"RNR37","RP1E3","R","20010401",""
"RNR38","RP1E4","R","20010401",""
"RNR39","RP1E5","R","20010401",""
"RNR40","RP1E6","R","20010401",""
"RNR41","RP1E7","R","20010401",""
"RNR42","RP1E8","R","20010401",""
"RNR50","RP1E9","R","20010401",""
"RNR51","RP1F1","R","20010401",""
"RNR52","RP1F2","R","20010401",""
"RNR53","RP1A1","R","20010401",""
"RNR54","RP1F4","R","20010401",""
"RNR57","RP1E1","R","20010401",""
"RNR58","RP1F6","R","20010401",""
"RNR96","RP1F7","R","20010401",""
"RNR97","RP1F8","R","20010401",""
"RNR98","RP1F9","R","20010401",""
"RNR99","RP1G1","R","20010401",""
"RNT","RXQ","R","20030401",""
"RNV","5DT","O","20010401","F"
"RNV","5DV","O","20010401","F"
"RNV","5DW","O","20010401","F"
"RNV","5DX","O","20010401","F"
"RNV","5DY","O","20010401","F"
"RNV12","5DY12","O","20010401","F"
"RNV16","5DX16","O","20010401","F"
"RNV19","5DV19","O","20010401","F"
"RNV21","5DY21","O","20010401","F"
"RNV24","5DY24","O","20010401","F"
"RNV27","5DT27","O","20010401","F"
"RNV44","5DY44","O","20010401","F"
"RNV45","5DY45","O","20010401","F"
"RNV50","5DY50","O","20010401","F"
"RNV51","5DY51","O","20010401","F"
"RNV52","5DY52","O","20010401","F"
"RNV53","5DT53","O","20010401","F"
"RNV54","5DW54","O","20010401","F"
"RNV55","5DT55","O","20010401","F"
"RNV56","5DW56","O","20010401","F"
"RNV59","5DY59","O","20010401","F"
"RNV62","5DW62","O","20010401","F"
"RNW","RP1","R","20010401",""
"RNW18","RP1G2","R","20010401",""
"RNW19","RP1G3","R","20010401",""
"RNW22","RP1G4","R","20010401",""
"RNW23","RP1G5","R","20010401",""
"RNW24","RP1G6","R","20010401",""
"RNW25","RP1G7","R","20010401",""
"RNW26","RP1G8","R","20010401",""
"RNW27","RP1G9","R","20010401",""
"RNW32","RP1H1","R","20010401","X"
"RNW34","RP1H3","R","20010401",""
"RNW35","RP1H4","R","20010401",""
"RNW36","RP1H5","R","20010401",""
"RNW37","RP1L7","R","20010401",""
"RNW38","RP1H7","R","20010401","X"
"RNW39","RP1H8","R","20010401","X"
"RNW40","RP1H9","R","20010401",""
"RNW41","RP1J1","R","20010401",""
"RNW42","RP1J2","R","20010401","X"
"RNW43","RP1J3","R","20010401","X"
"RNW44","RP1J4","R","20010401",""
"RNW45","5DVA9","O","20010401","F"
"RNW45","RP1J5","R","20010401",""
"RNW46","RP1J6","R","20010401",""
"RNW48","RP1P7","R","20010401",""
"RNX","RTH","R","19980401",""
"RNX02","RTH02","R","19980401",""
"RNX08","RTH08","R","19980401",""
"RNX16","RTH16","R","19980401",""
"RNX19","RTH19","R","19980401",""
"RNX21","RTH21","R","19980401",""
"RNX81","RTH81","R","19980401","X"
"RNX82","RTH82","R","19980401","X"
"RNX83","RTH83","R","19980401",""
"RNY","RYE","R","20060701",""
"RNY01","RYE49","R","20060701","X"
"RNY03","RYE51","R","20060701","X"
"RNY05","RYE52","R","20060701","X"
"RNY06","RYE53","R","20060701","X"
"RNY07","RYE54","R","20060701",""
"RNY08","RYE55","R","20060701","X"
"RNY09","RYE56","R","20060701","X"
"RNY10","RYE57","R","20060701",""
"RNZ06","5CD06","O","20010401","F"
"RNZ08","RW106","R","20010401","X"
"RNZ10","5A110","O","20010401","F"
"RNZ38","5CD20","O","20010401","F"
"RNZ42","5A112","O","20010401","F"
"RNZ45","RW101","R","20010401",""
"RP2","RRP","R","20010401","F"
"RP2","5C9","O","20010401","X"
"RP3","RRD","R","20010401","F"
"RP3","5GL","O","20010401","F"
"RP3AA","RRDAA","R","20010401","X"
"RP3AC","RRDAC","R","20010401","X"
"RP3AD","RRDAD","R","20010401","X"
"RP3AG","RRDAG","R","20010401","X"
"RP3AH","RRDAH","R","20010401","X"
"RP3AI","RRDAE","R","20010401","X"
"RP3AJ","RRDAJ","R","20010401","X"
"RP3AL","RRDAL","R","20010401","X"
"RP3AO","RRDAF","R","20010401","X"
"RP3AP","RRDAP","R","20010401","X"
"RP3AQ","5GL28","O","20010401","X"
"RP3AR","RRDAR","R","20010401","X"
"RP3AR","5GL22","O","20010401","F"
"RP3AS","5GL29","O","20010401","X"
"RP3AT","RRDAT","R","20010401","X"
"RP3AT","5GL31","O","20010401","X"
"RP3AU","5GL32","O","20010401","X"
"RP3AV","5GL30","O","20010401","X"
"RP3AW","5GL21","O","20010401","F"
"RP3AX","5GL33","O","20010401","X"
"RP3AX","RRDAX","R","20010401","X"
"RP3AY","5GL23","O","20010401","F"
"RP3AZ","5GL24","O","20010401","F"
"RP3BI","5GL19","O","20010401","F"
"RP3BL","RRDBL","R","20010401","F"
"RP8","RT4","R","19980401",""
"RP9","RR6","R","19970401","F"
"RP9F4","RR6F4","R","19970401","F"
"RPA01","5L312","O","20020401","X"
"RPB","RTL","R","19980401","F"
"RPD","RWF","R","20000401",""
"RPD01","RWF01","R","20000401","X"
"RPD02","RWF02","R","20000401","X"
"RPE","RR3","R","19970401","F"
"RPF","RVV","R","19990401",""
"RPF01","RVV01","R","19990401",""
"RPF02","RVV02","R","19990401",""
"RPF03","RVV03","R","19990401",""
"RPF05","RVV05","R","19990401",""
"RPF07","RVV07","R","19990401","X"
"RPG01","RPGAH","R","20020401",""
"RPH","RYD","R","20060701",""
"RPH81","RYD1A","R","20060701",""
"RPHBZ","RYD1C","R","20060701","X"
"RPHCA","RYD1D","R","20060701","X"
"RPHCB","RYD1E","R","20060701",""
"RPHCC","RYD1F","R","20060701",""
"RPHCD","RYD1G","R","20060701","X"
"RPHCE","RYD1H","R","20060701",""
"RPHCF","RYD1J","R","20060701","X"
"RPHCG","RYD1K","R","20060701","X"
"RPHCH","RYD1L","R","20060701","X"
"RPHCI","RYD1M","R","20060701","X"
"RPHCJ","RYD1N","R","20060701",""
"RPHCK","RYD1P","R","20060701","X"
"RPHCM","RYD1Q","R","20060701",""
"RPHCN","RYD1R","R","20060701","X"
"RPHCP","RYD1T","R","20060701",""
"RPHEM","RYD1V","R","20060701","X"
"RPHES","RYD1W","R","20060701","X"
"RPHET","RYD1X","R","20060701","X"
"RPHEU","RYD1Y","R","20060701","X"
"RPHEV","RYD2A","R","20060701","X"
"RPHMR","RYD2C","R","20060701",""
"RPHPR","RYD2D","R","20060701",""
"RPHXW","RYD2E","R","20060701",""
"RPHXX","RYD2F","R","20060701",""
"RPHXY","RYD2G","R","20060701",""
"RPHXZ","RYD2H","R","20060701",""
"RPJ","RQ9","R","19950401","F"
"RPK","RW8","R","20020401","F"
"RPK40","5L901","O","20020401","F"
"RPK41","5L904","O","20020401","F"
"RPK41","RW840","R","20020401","F"
"RPK41","RW841","R","20020401","F"
"RPK42","RW842","R","20020401","X"
"RPK42","5L902","O","20020401","F"
"RPK43","RW843","R","20020401","F"
"RPK44","5L911","O","20020401","F"
"RPK47","RW847","R","20020401","F"
"RPK70","5L912","O","20020401","F"
"RPK70","RW870","R","20020401","F"
"RPK76","5L903","O","20020401","F"
"RPK77","5L905","O","20020401","F"
"RPK78","RPR44","R","20020401","F"
"RPK83","RW883","R","20020401","F"
"RPL","RYR","R","20090401",""
"RPL03","RYR14","R","20090401",""
"RPL04","RYR18","R","20090401",""
"RPL05","RYR50","R","20090401",""
"RPL06","RYR03","R","20090401",""
"RPL07","RYR19","R","20090401",""
"RPL08","RYR09","R","20090401",""
"RPL09","RYR12","R","20090401",""
"RPL10","RYR13","R","20090401",""
"RPL11","RYR02","R","20090401",""
"RPL12","RYR08","R","20090401",""
"RPL13","RYR16","R","20090401",""
"RPL14","RYR17","R","20090401",""
"RPL15","RYR07","R","20090401",""
"RPM","RTJ","R","19980401","F"
"RPN","5A5","O","20010401","X"
"RPNG1","5A5G1","O","20010401","X"
"RPNG4","5A5G4","O","20010401","X"
"RPNHA","5A5HA","O","20010401","X"
"RPNLC","5A5LC","O","20010401","X"
"RPNLD","5A5LD","O","20010401","X"
"RPNLE","5A5LE","O","20010401","X"
"RPNLG","5A5LG","O","20010401","X"
"RPNLH","5A5LH","O","20010401","X"
"RPP","RVM","R","19990401","F"
"RPQ","RYD","R","20060701",""
"RPQ01","RYD5A","R","20060701","X"
"RPQ02","RYD5C","R","20060701",""
"RPQ03","RYD5D","R","20060701",""
"RPQ04","RYD5E","R","20060701",""
"RPQ05","RYD5F","R","20060701",""
"RPQ06","RYD5G","R","20060701",""
"RPQ07","RYD5H","R","20060701",""
"RPQ08","RYD5J","R","20060701",""
"RPQ09","RYD5K","R","20060701",""
"RPQ10","RYD5L","R","20060701",""
"RPQ11","RYD5M","R","20060701",""
"RPQ12","RYD5N","R","20060701",""
"RPQ13","RYD5P","R","20060701",""
"RPQ14","RYD5Q","R","20060701","X"
"RPQ15","RYD5R","R","20060701","X"
"RPQ16","RYD5T","R","20060701",""
"RPQ17","RYD5V","R","20060701",""
"RPQ18","RYD5W","R","20060701",""
"RPQ19","RYD5X","R","20060701",""
"RPQ20","RYD5Y","R","20060701",""
"RPQHQ","RYD6A","R","20060701","X"
"RPR","RYR","R","20090401",""
"RPR01","RYR16","R","20090401",""
"RPR06","RYR15","R","20090401",""
"RPR08","RYR18","R","20090401",""
"RPR09","RYR14","R","20090401",""
"RPR11","RYR51","R","20090401",""
"RPR21","RYR52","R","20090401",""
"RPR22","RYR53","R","20090401",""
"RPR23","RYR54","R","20090401","X"
"RPR24","RYR55","R","20090401","X"
"RPR25","RYR56","R","20090401",""
"RPR26","RYR57","R","20090401","X"
"RPR40","RYR02","R","20090401",""
"RPR42","RYR10","R","20090401",""
"RPR43","RYR12","R","20090401",""
"RPR44","RYR13","R","20090401",""
"RPR45","RYR08","R","20090401",""
"RPR46","RYR01","R","20090401",""
"RPR51","RYR07","R","20090401",""
"RPR53","RYR06","R","20090401",""
"RPR54","RYR11","R","20090401",""
"RPR55","RYR09","R","20090401",""
"RPRTC","RYR05","R","20090401",""
"RPS","RXH","R","20020401","F"
"RPS","RW8","R","20020401","F"
"RPT","RTJ","R","19980401","F"
"RPU","RTN","R","19980401","F"
"RPV","5H1","O","20020401","X"
"RPV01","5HX01","O","20020401","X"
"RPV02","5HX02","O","20020401","X"
"RPV03","5HX03","O","20020401","X"
"RPV04","5HX04","O","20020401","X"
"RPV05","5HX05","O","20020401","X"
"RPV06","5HX06","O","20020401","X"
"RPV30","5LA01","O","20020401","X"
"RPV31","5LC01","O","20020401","X"
"RPV32","5H101","O","20020401","X"
"RPV33","5H102","O","20020401","X"
"RPV34","5LA02","O","20020401","X"
"RPV37","5H103","O","20020401","X"
"RPV38","5H104","O","20020401","X"
"RPV39","5LC02","O","20020401","X"
"RPV45","5H105","O","20020401","X"
"RPV51","5LC03","O","20020401","X"
"RPV52","5H106","O","20020401","X"
"RPV53","5LA03","O","20020401","X"
"RPV54","5H107","O","20020401","X"
"RPV56","5H108","O","20020401","X"
"RPV70","5H109","O","20020401","X"
"RPV72","5H110","O","20020401","X"
"RPV89","5LA04","O","20020401","X"
"RPV90","5H111","O","20020401","X"
"RPV91","5LC04","O","20020401","X"
"RPV97","5H112","O","20020401","X"
"RPV98","5H113","O","20020401","X"
"RPV99","5H114","O","20020401","X"
"RPW","RWG","R","20000401",""
"RPW02","RWG03","R","20000401",""
"RPW08","RWG08","R","20000401",""
"RPX","RT302","O","19980401","X"
"RPX","RT3","R","19980401","F"
"RQ1","RTN","R","19980401","F"
"RQ2","RYD","R","20060701",""
"RQ201","RYD3A","R","20060701",""
"RQ202","RYD3C","R","20060701",""
"RQ203","RYD3D","R","20060701",""
"RQ204","RYD3E","R","20060701",""
"RQ205","RYD3F","R","20060701",""
"RQ206","RYD3G","R","20060701","X"
"RQ207","RYD3H","R","20060701",""
"RQ208","RYD3J","R","20060701","X"
"RQ209","RYD3K","R","20060701",""
"RQ210","RYD3L","R","20060701",""
"RQ211","RYD3M","R","20060701",""
"RQ212","RYD3N","R","20060701",""
"RQ213","RYD3P","R","20060701",""
"RQ214","RYD3Q","R","20060701",""
"RQ215","RYD3R","R","20060701","X"
"RQ216","RYD3T","R","20060701",""
"RQ217","RYD3V","R","20060701",""
"RQ218","RYD3W","R","20060701",""
"RQ219","RYD3X","R","20060701",""
"RQ220","RYD3Y","R","20060701","X"
"RQ221","RYD4A","R","20060701",""
"RQ222","RYD4C","R","20060701","X"
"RQ223","RYD4D","R","20060701",""
"RQ224","RYD4E","R","20060701",""
"RQ225","RYD4F","R","20060701",""
"RQ226","RYD4G","R","20060701",""
"RQ227","RYD4H","R","20060701","X"
"RQ228","RYD4J","R","20060701",""
"RQ229","RYD4K","R","20060701","X"
"RQ230","RYD4L","R","20060701","X"
"RQ231","RYD4M","R","20060701","X"
"RQ232","RYD4N","R","20060701","X"
"RQ233","RYD4P","R","20060701","X"
"RQ234","RYD4Q","R","20060701","X"
"RQ2HQ","RYD4R","R","20060701","X"
"RQ4","TAJ","O","20030401",""
"RQ407","TAJ07","O","20030401",""
"RQ410","TAJ10","O","20030401",""
"RQ411","TAJ11","O","20030401",""
"RQ412","TAJ12","O","20030401","X"
"RQ413","TAJ13","O","20030401","X"
"RQ414","TAJ14","O","20030401","X"
"RQ415","TAJ15","O","20030401","X"
"RQ416","TAJ16","O","20030401","X"
"RQ417","TAJ17","O","20030401","X"
"RQ418","TAJ18","O","20030401","X"
"RQ419","TAJ19","O","20030401","X"
"RQ420","TAJ20","O","20030401",""
"RQ440","TAJ40","O","20030401","X"
"RQ441","TAJ41","O","20030401","X"
"RQ469","TAJ69","O","20030401","X"
"RQ485","TAJ85","O","20030401","X"
"RQ5","5MV","O","20030401","X"
"RQ6","REM","R","20191001",""
"RQ601","REMAH","R","20191001",""
"RQ602","REMBC","R","20191001",""
"RQ604","REMBD","R","20191001",""
"RQ607","REM72","R","20191001",""
"RQ608","REMAX","R","20191001",""
"RQ612","REMBK","R","20191001",""
"RQ613","REMAT","R","20191001",""
"RQ614","REMBB","R","20191001",""
"RQ617","REMRQ","R","20191001",""
"RQ620","REMBG","R","20191001",""
"RQ621","REM05","R","20191001",""
"RQ626","REMAP","R","20191001",""
"RQ627","REM73","R","20191001",""
"RQ629","REMAQ","R","20191001",""
"RQ630","REMBF","R","20191001",""
"RQ631","REM89","R","20191001",""
"RQ632","REM06","R","20191001",""
"RQ633","REMAB","R","20191001",""
"RQ634","REM98","R","20191001",""
"RQ636","REMAG","R","20191001",""
"RQ637","REMAE","R","20191001",""
"RQ638","REM60","R","20191001",""
"RQ639","REM35","R","20191001",""
"RQ641","REM62","R","20191001",""
"RQ644","REMAW","R","20191001",""
"RQ645","REM21","R","20191001",""
"RQ646","REMBA","R","20191001",""
"RQ647","REMAZ","R","20191001",""
"RQ648","REMAJ","R","20191001",""
"RQ649","REMAC","R","20191001",""
"RQ650","REMAD","R","20191001",""
"RQ651","REMAA","R","20191001",""
"RQ652","REMAN","R","20191001",""
"RQ653","REM23","R","20191001",""
"RQ654","REMAU","R","20191001",""
"RQ655","REMBE","R","20191001",""
"RQ657","REMAS","R","20191001",""
"RQ658","REMBM","R","20191001",""
"RQ659","REMAY","R","20191001",""
"RQ660","REMAM","R","20191001",""
"RQ7","RW3","R","20010401","F"
"RQ7BH","RW3BH","R","20010401","X"
"RQ7RM","RW3RM","R","20010401","X"
"RQ8","RAJ","R","20200401",""
"RQ8H2","RQ8L0","R","20030601","X"
"RQ9","RV5","R","19990401",""
"RQA","RVF","R","19990401","F"
"RQAAM","RVFAM","R","19990401","F"
"RQAAN","RVFAN","R","19990401","X"
"RQAAQ","RVFAQ","R","19990401","X"
"RQAE3","RVFE3","R","19990401","F"
"RQAE4","RVFE4","R","19990401","X"
"RQAE8","RVFE8","R","19990401","F"
"RQAES","RVFES","R","19990401","F"
"RQAJC","RVFJ9","R","19990401","X"
"RQAJD","RVFJD","R","19990401","X"
"RQAJE","RVFJE","R","19990401","F"
"RQB","RT7","R","19990401","F"
"RQBAU","RT7AU","R","19990401","F"
"RQBAV","RT7AV","R","19990401","F"
"RQC","RT7","R","19990401","F"
"RQC4K","RT74K","R","19990401","F"
"RQC4Q","RT74Q","R","19990401","F"
"RQC4R","RT74R","R","19990401","F"
"RQC4S","RT74S","R","19990401","F"
"RQC4T","RT74T","R","19990401","F"
"RQC4V","RT74V","R","19990401","F"
"RQC5Z","RT75Z","R","19990401","F"
"RQCAX","RT7AX","R","19990401","F"
"RQCAY","RT7AY","R","19990401","F"
"RQCAZ","RT7AZ","R","19990401","F"
"RQCB2","RT7B2","R","19990401","F"
"RQCDC","RT7DC","R","19990401","F"
"RQCDD","RT7DD","R","19990401","F"
"RQCDE","RT8DE","R","19990401","X"
"RQCDG","RT7DG","R","19990401","F"
"RQCDU","RT7DU","R","19990401","X"
"RQCE9","RT7E9","R","19990401","F"
"RQCF4","RT7F4","R","19990401","F"
"RQCF8","RT8FB","R","19990401","F"
"RQCF9","RT7F9","R","19990401","X"
"RQCFT","RT7FT","R","19990401","F"
"RQCFU","RT7FU","R","19990401","X"
"RQCGE","RT7GE","R","19990401","F"
"RQCGQ","RT8GQ","R","19990401","F"
"RQCJJ","RT7JJ","R","19990401","X"
"RQCJK","RT7JK","R","19990401","F"
"RQCJL","RT7JL","R","19990401","F"
"RQCJM","RT7JM","R","19990401","F"
"RQCJN","RT7JN","R","19990401","F"
"RQCJP","RT7JP","R","19990401","F"
"RQCJQ","RT7JQ","R","19990401","F"
"RQCJR","RT7JR","R","19990401","F"
"RQCKG","RT7KG","R","19990401","F"
"RQCLJ","RT7LJ","R","19990401","F"
"RQCLR","RT8LR","R","19990401","F"
"RQCLS","RT7LS","R","19990401","F"
"RQCM3","RT7M3","R","19990401","F"
"RQCMF","RT7MF","R","19990401","X"
"RQCMM","RT7MM","R","19990401","F"
"RQCMN","RT7MN","R","19990401","X"
"RQCMP","RT7MP","R","19990401","X"
"RQCMQ","RT7MQ","R","19990401","X"
"RQCMR","RT7MR","R","19990401","F"
"RQCMS","RT7MS","R","19990401","F"
"RQCMT","RT7MT","R","19990401","F"
"RQCMU","RT7MU","R","19990401","F"
"RQCMW","RT7MW","R","19990401","X"
"RQCMX","RT7MX","R","19990401","F"
"RQCMY","RT7MY","R","19990401","F"
"RQCMZ","RT7MZ","R","19990401","F"
"RQCN1","RT7N1","R","19990401","F"
"RQCN2","RT7N2","R","19990401","X"
"RQCN3","RT7N3","R","19990401","F"
"RQCN5","RT7N5","R","19990401","X"
"RQCN6","RT7N6","R","19990401","F"
"RQCN7","RT7N7","R","19990401","X"
"RQCN8","RT8N8","R","19990401","F"
"RQCN8","RT7N8","R","19990401","X"
"RQCN9","RT7N9","R","19990401","F"
"RQCNB","RT7NB","R","19990401","F"
"RQCNC","RT7NC","R","19990401","F"
"RQCND","RT7ND","R","19990401","F"
"RQCNE","RT7NE","R","19990401","F"
"RQCNF","RT7NF","R","19990401","F"
"RQCNG","RT8NG","R","19990401","F"
"RQCNG","RT7NG","R","19990401","X"
"RQCNH","RT7NH","R","19990401","F"
"RQCNJ","RT7NJ","R","19990401","F"
"RQCNK","RT7NK","R","19990401","F"
"RQCNL","RT7NL","R","19990401","F"
"RQCR8","RT7R8","R","19990401","F"
"RQCRH","RT7RH","R","19990401","X"
"RQCRN","RT7RN","R","19990401","X"
"RQD","RVE","R","19990401","F"
"RQD4A","RVE4A","R","19990401","F"
"RQD4Y","RVE4Y","R","19990401","F"
"RQDBA","RVEBA","R","19990401","F"
"RQDBC","RQGBC","R","19960401","F"
"RQDBE","RVEBE","R","19990401","X"
"RQDBK","RVEBK","R","19990401","F"
"RQDDK","RVEDK","R","19990401","F"
"RQDDV","RVEDV","R","19990401","F"
"RQDET","RVEET","R","19990401","X"
"RQDFM","RVEFM","R","19990401","F"
"RQDNK","RVENK","R","19990401","F"
"RQDNL","RVENL","R","19990401","X"
"RQDNM","RVENM","R","19990401","F"
"RQDNN","RVENN","R","19990401","F"
"RQDNP","RVENP","R","19990401","F"
"RQDNQ","RVENQ","R","19990401","F"
"RQDNR","RVENR","R","19990401","X"
"RQDNS","RVENS","R","19990401","X"
"RQDNT","RVENT","R","19990401","F"
"RQDNU","RVENU","R","19990401","X"
"RQDNV","RVENV","R","19990401","F"
"RQDNW","RVENW","R","19990401","F"
"RQDNX","RVENX","R","19990401","F"
"RQDNY","RVENY","R","19990401","F"
"RQDPB","RVEPB","R","19990401","F"
"RQDQF","RVEQF","R","19990401","F"
"RQDQK","RVEQK","R","19990401","F"
"RQDRJ","RVERJ","R","19990401","X"
"RQDRL","RVERL","R","19990401","X"
"RQDRN","RVERN","R","19990401","F"
"RQDRP","RVERP","R","19990401","F"
"RQDRQ","RVERQ","R","19990401","F"
"RQDRR","RVERR","R","19990401","F"
"RQDRS","RVERS","R","19990401","X"
"RQE","RT4","R","19980401",""
"RQF4A","RYT4A","R","20091001",""
"RQF5M","RYT5M","R","20091001",""
"RQF5N","RYT5N","R","20091001",""
"RQF5P","RYT5P","R","20091001",""
"RQF5Q","RYT5Q","R","20091001",""
"RQF6A","RYT6A","R","20091001",""
"RQF6B","RYT6B","R","20091001",""
"RQF6C","RYT6C","R","20091001",""
"RQF6D","RYT6D","R","20091001","X"
"RQF6E","RYT6E","R","20091001",""
"RQF6F","RYT6F","R","20091001",""
"RQF7A","RYT7A","R","20091001",""
"RQF7B","RYT7B","R","20091001",""
"RQFWG","RYTWG","R","20091001",""
"RQFXA","RYTXA","R","20091001",""
"RQFXX","RYTXX","R","20091001",""
"RQFZA","RYTZA","R","20091001",""
"RQG","RVE","R","19990401","F"
"RQG4Z","RVE4Z","R","19990401","F"
"RQGBC","RVEBC","R","19990401","X"
"RQGBJ","RVEBJ","R","19990401","F"
"RQGDK","RQDDK","R","19960401","F"
"RQGH2","RVEH2","R","19990401","X"
"RQGK2","RVEK2","R","19990401","F"
"RQGK3","RVEK3","R","19990401","X"
"RQGP1","RVEP1","R","19990401","F"
"RQGQH","RVEQH","R","19990401","F"
"RQH","RVC","R","19990401","F"
"RQH5L","RVC5L","R","19990401","F"
"RQHC7","RVCC7","R","19990401","F"
"RQHC8","RVCC8","R","19990401","F"
"RQHDQ","RVCDQ","R","19990401","F"
"RQHDQ","RVDDQ","R","19990401","X"
"RQHEM","RVCEM","R","19990401","F"
"RQHK6","RVCK6","R","19990401","F"
"RQJ","5GV","O","20010401","F"
"RQJ","5GW","O","20010401","F"
"RQJ","5GX","O","20010401","F"
"RQJ","RWR","R","20010401",""
"RQJ04","5GX01","O","20010401","F"
"RQJ04","RWR62","R","20010401",""
"RQJ06","RWR02","R","20010401",""
"RQJ07","RWR05","R","20010401",""
"RQJ07","RWR07","R","20010401",""
"RQJ08","RWR09","R","20010401",""
"RQJ09","RWR24","R","20010401",""
"RQJ13","RWR13","R","20010401",""
"RQJ17","RWR03","R","20010401",""
"RQJ18","RWR11","R","20010401",""
"RQJ19","RWR14","R","20010401",""
"RQJ20","RWR32","R","20010401",""
"RQJ29","RWR39","R","20010401",""
"RQJ32","RWR33","R","20010401",""
"RQJ34","RWR19","R","20010401",""
"RQJ35","RWR37","R","20010401",""
"RQJ64","RWR28","R","20010401",""
"RQJ65","RWR30","R","20010401",""
"RQJ67","RWR31","R","20010401",""
"RQJ69","RWR06","R","20010401",""
"RQJ70","RWR53","R","20010401",""
"RQJ71","RWR36","R","20010401",""
"RQJ74","RWR61","R","20010401",""
"RQJ76","RWR43","R","20010401",""
"RQJ77","RWR45","R","20010401",""
"RQJ78","RWR08","R","20010401",""
"RQJ79","RWR55","R","20010401",""
"RQJ82","RWR58","R","20010401",""
"RQJ86","RWR10","R","20010401",""
"RQJ87","RWR60","R","20010401",""
"RQJ90","RWR16","R","20010401",""
"RQJ90","5GW01","O","20010401","F"
"RQK","5K6","O","20020401","X"
"RQK","RV3","R","20020401",""
"RQK","5AT","O","20020401","X"
"RQK11","5AT34","O","20020401","X"
"RQK12","5AT32","O","20020401","X"
"RQK13","5AT33","O","20020401","X"
"RQK14","5AT37","O","20020401","X"
"RQK15","5AT38","O","20020401","X"
"RQK16","5AT39","O","20020401","X"
"RQK21","5AT31","O","20020401","X"
"RQK22","5AT35","O","20020401","X"
"RQK23","5AT40","O","20020401","X"
"RQK24","5AT36","O","20020401","X"
"RQK25","5AT30","O","20020401","X"
"RQK26","5AT41","O","20020401","X"
"RQK27","5AT42","O","20020401","X"
"RQK29","5AT47","O","20020401","X"
"RQK32","RV352","R","20020401",""
"RQK33","5K610","O","20020401","X"
"RQK34","5K604","O","20020401","X"
"RQK35","5K609","O","20020401","X"
"RQK41","5K612","O","20020401","X"
"RQK43","5K606","O","20020401","X"
"RQK44","5K605","O","20020401","X"
"RQK45","5K603","O","20020401","X"
"RQK51","5AT20","O","20020401","X"
"RQK53","RV353","R","20020401",""
"RQK54","RV354","R","20020401",""
"RQK54","5K614","O","20020401","X"
"RQK61","5K613","O","20020401","X"
"RQK62","RV355","R","20020401",""
"RQK91","5AT48","O","20020401","X"
"RQL","RWG","R","20000401",""
"RQL01","RWG01","R","20000401",""
"RQL02","RWG02","R","20000401",""
"RQN","RYJ","R","20071001",""
"RQN01","RYJ02","R","20071001",""
"RQN02","RYJ03","R","20071001",""
"RQN03","RYJ04","R","20071001",""
"RQN51","RYJ51","R","20071001",""
"RQN52","RYJ52","R","20071001",""
"RQP","RRV","R","19960401",""
"RQPR3","RRV11","R","19960401",""
"RQPR5","RRV10","R","19960401","X"
"RQPR6","RRV20","R","19960401","X"
"RQPRF","RRV13","R","19960401",""
"RQPRG","RRV27","R","19960401","X"
"RQPRH","RRVRH","R","19960401",""
"RQPRK","RRV15","R","19960401",""
"RQQ","RGN","R","20170401",""
"RQR","RR8","R","19980401",""
"RQR13","RR813","R","19980401",""
"RQR14","RR814","R","19980401",""
"RQS","RR8","R","19980401",""
"RQS01","RR801","R","19980401",""
"RQS02","RR802","R","19980401",""
"RQS03","RR803","R","19980401","X"
"RQS07","RR807","R","19980401",""
"RQS15","RR815","R","19980401","X"
"RQS19","RR819","R","19980401",""
"RQS30","RR830","R","19980401",""
"RQS98","RR898","R","19980401",""
"RQSXA","RR8XA","R","19980401",""
"RQT","RT5","R","19990401",""
"RQTAC","RT5AC","R","19990401","F"
"RQTAN","RT5AN","R","19990401",""
"RQTBP","RT5BP","R","19990401",""
"RQTBW","RT5BW","R","19990401",""
"RQTBX","RT5BX","R","19990401",""
"RQTBY","RT5BY","R","19990401","X"
"RQTBZ","RT5BZ","R","19990401",""
"RQTCA","RT5CA","R","19990401",""
"RQTCC","RT5CC","R","19990401",""
"RQTCD","RT5CD","R","19990401",""
"RQTCE","RT5CE","R","19990401","X"
"RQTCK","RT5CK","R","19990401",""
"RQTCL","RT5CL","R","19990401",""
"RQTCM","RT5CM","R","19990401","X"
"RQTCP","RT5CP","R","19990401","F"
"RQTCR","RT5CR","R","19990401","F"
"RQTCT","RT5CT","R","19990401","F"
"RQTCW","RT5CW","R","19990401","F"
"RQTCX","RT5CX","R","19990401","F"
"RQTCY","RT5CY","R","19990401","F"
"RQTCZ","RT5CZ","R","19990401","F"
"RQTDB","RT5DB","R","19990401","F"
"RQTDC","RT5DC","R","19990401","F"
"RQTDE","RT5DE","R","19990401","F"
"RQTDG","RT5DG","R","19990401","F"
"RQTDL","RT5DL","R","19990401","F"
"RQTDM","RT5DM","R","19990401","X"
"RQTDN","RT5DN","R","19990401","F"
"RQTDP","RT5DP","R","19990401","F"
"RQTDT","RT5DT","R","19990401","F"
"RQTDW","RT5DW","R","19990401","F"
"RQTDY","RT5DY","R","19990401","X"
"RQTDZ","RT5DZ","R","19990401","X"
"RQTEA","RT5EA","R","19990401","F"
"RQTEB","RT5EB","R","19990401","F"
"RQTEC","RT5EC","R","19990401","F"
"RQTED","RT5ED","R","19990401","F"
"RQTEF","RT5EF","R","19990401","F"
"RQTEG","RT5EG","R","19990401","X"
"RQTEH","RT5EH","R","19990401","F"
"RQTEJ","RT5EJ","R","19990401","F"
"RQTEK","RT5EK","R","19990401","F"
"RQTEL","RT5EL","R","19990401","F"
"RQTEM","RT5EM","R","19990401","F"
"RQTEN","RT5EN","R","19990401","F"
"RQTEP","RT5EP","R","19990401","X"
"RQTER","RT5ER","R","19990401","F"
"RQTET","RT5ET","R","19990401","X"
"RQTEW","RT5EW","R","19990401",""
"RQTEX","RT5EX","R","19990401","F"
"RQTEZ","RT5EZ","R","19990401","X"
"RQTFG","RT5FG","R","19990401",""
"RQTFH","RT5FH","R","19990401",""
"RQTFL","RT5FL","R","19990401",""
"RQTFM","RT5FM","R","19990401",""
"RQTFP","RT5FP","R","19990401",""
"RQTJD","RT5JD","R","19990401","F"
"RQTKC","RT5KC","R","19990401","X"
"RQTLA","RT5LA","R","19990401",""
"RQTLB","RT5LB","R","19990401",""
"RQU","RWD","R","20000401",""
"RQULP","RWDLP","R","20000401",""
"RQULR","RWDLR","R","20000401",""
"RQULT","RWDLT","R","20000401",""
"RQV","5GN","O","20010401","F"
"RQV","RRD","R","20010401","F"
"RQZ","RW7","R","20020401","F"
"RQZ02","RW702","R","20020401","X"
"RQZ03","5L701","O","20020401","F"
"RQZ04","5L602","O","20020401","F"
"RQZ05","5L601","O","20020401","F"
"RR1","RRK","R","20180402",""
"RR2","5QT","O","20061001","X"
"RR201","5QTHQ","O","20061001","X"
"RR201","5QT01","O","20061001","X"
"RR204","5QT04","O","20061001","X"
"RR208","5QT08","O","20061001","X"
"RR209","5QT09","O","20061001","X"
"RR210","5QT10","O","20061001","X"
"RR212","5QT12","O","20061001","X"
"RR214","5QT14","O","20061001","X"
"RR215","5QT15","O","20061001","X"
"RR216","5QT16","O","20061001","X"
"RR217","5QT17","O","20061001","X"
"RR218","5QT18","O","20061001","X"
"RR219","5QT19","O","20061001","X"
"RR221","5QT21","O","20061001","X"
"RR222","5QT22","O","20061001","X"
"RR223","5QT23","O","20061001","X"
"RR224","5QT24","O","20061001","X"
"RR225","5QT25","O","20061001","X"
"RR226","5QT26","O","20061001","X"
"RR228","5QT28","O","20061001","X"
"RR229","5QT29","O","20061001","X"
"RR232","5QT32","O","20061001","X"
"RR233","5QT33","O","20061001","X"
"RR234","5QT34","O","20061001","X"
"RR235","5QT35","O","20061001","X"
"RR236","5QT36","O","20061001","X"
"RR237","5QT37","O","20061001","X"
"RR2AA","5QTAA","O","20061001","X"
"RR2AC","5QTAC","O","20061001","X"
"RR2AD","5QTAD","O","20061001","X"
"RR2AE","5QTAE","O","20061001","X"
"RR2AF","5QTAF","O","20061001","X"
"RR2AG","5QTAG","O","20061001","X"
"RR2AH","5QTAH","O","20061001","X"
"RR2AJ","5QTAJ","O","20061001","X"
"RR2AK","5QTAK","O","20061001","X"
"RR2AL","5QTAL","O","20061001","X"
"RR2AM","5QTAM","O","20061001","X"
"RR2AN","5QTAN","O","20061001","X"
"RR2AP","5QTAP","O","20061001","X"
"RR2AQ","5QTAQ","O","20061001","X"
"RR2AR","5QTAR","O","20061001","X"
"RR2AT","5QTAT","O","20061001","X"
"RR2AV","5QTAV","O","20061001","X"
"RR2AX","5QTAX","O","20061001","X"
"RR2AY","5QTAY","O","20061001","X"
"RR2CA","5QTCA","O","20061001","X"
"RR2CC","5QTCC","O","20061001","X"
"RR2CD","5QTCD","O","20061001","X"
"RR2CE","5QTCE","O","20061001","X"
"RR2CF","5QTCF","O","20061001","X"
"RR2CG","5QTCG","O","20061001","X"
"RR2CH","5QTCH","O","20061001","X"
"RR3","RXJ","R","20020401","F"
"RR4","RXF","R","20020401",""
"RR403","RXF03","R","20020401",""
"RR405","RXF05","R","20020401",""
"RR5","RXA","R","20020401",""
"RR501","RXA01","R","20020401",""
"RR502","RXA02","R","20020401",""
"RR503","RXA42","R","20020401","X"
"RR504","RXA54","R","20020401",""
"RR505","RXA55","R","20020401",""
"RR507","RXA09","R","20020401","X"
"RR511","RXA10","R","20020401","X"
"RR518","RXA11","R","20020401","X"
"RR520","RXA08","R","20020401",""
"RR521","RXA12","R","20020401","X"
"RR544","RXA13","R","20020401","X"
"RR545","RXA14","R","20020401","X"
"RR552","RXA17","R","20020401",""
"RR556","RXA56","R","20020401","X"
"RR560","RXA60","R","20020401","X"
"RR561","RXA61","R","20020401","X"
"RR563","RXA53","R","20020401",""
"RR564","RXA64","R","20020401",""
"RR567","RXA57","R","20020401","X"
"RR568","RXA62","R","20020401","X"
"RR569","RXA69","R","20020401","X"
"RR572","RXA70","R","20020401","X"
"RR574","RXA74","R","20020401","X"
"RR579","RXA16","R","20020401","X"
"RR580","RXA80","R","20020401",""
"RR581","RXA81","R","20020401","X"
"RR582","RXA82","R","20020401","X"
"RR583","RXA83","R","20020401","X"
"RR585","RXA85","R","20020401",""
"RR586","RXA87","R","20020401","X"
"RR6","RYN","R","20080401","F"
"RR61E","RYN1E","R","20080401","F"
"RR61K","RYN1K","R","20080401","F"
"RR61L","RYN1L","R","20080401","F"
"RR64B","RYN4B","R","20080401","F"
"RR6BL","RYNBL","R","20080401","F"
"RR6EA","RYNEA","R","20080401","F"
"RR6EF","RYNEF","R","20080401","F"
"RR6F2","RYNF2","R","20080401","F"
"RR6F4","RYNF4","R","20080401","F"
"RR6F5","RYNF5","R","20080401","F"
"RR6FA","RYNFA","R","20080401","F"
"RR6FC","RYNFC","R","20080401","F"
"RR6FD","RYNFD","R","20080401","F"
"RR6FE","RYNFE","R","20080401","F"
"RR6H8","RYNH8","R","20080401","F"
"RR6JA","RYNJA","R","20080401","F"
"RR6K4","RYNK4","R","20080401","F"
"RR6KD","RYNKD","R","20080401","F"
"RR6L3","RYNL3","R","20080401","F"
"RR6L4","RYNL4","R","20080401","F"
"RR6LT","RYNLT","R","20080401","F"
"RR6MC","RYNMC","R","20080401","X"
"RR6NN","RYNNN","R","20080401","F"
"RR6NP","RYNNP","R","20080401","F"
"RR6NQ","RYNNQ","R","20080401","F"
"RR6NR","RYNNR","R","20080401","F"
"RR6NS","RYNNS","R","20080401","F"
"RR6NT","RYNNT","R","20080401","F"
"RR6NU","RYNNU","R","20080401","F"
"RR6NV","RYNNV","R","20080401","F"
"RR6NW","RYNNW","R","20080401","F"
"RR6NX","RYNNX","R","20080401","F"
"RR6NY","RYNNY","R","20080401","F"
"RR6NZ","RYNNZ","R","20080401","F"
"RR6P1","RYNP1","R","20080401","F"
"RR6P2","RYNP2","R","20080401","F"
"RR6P3","RYNP3","R","20080401","F"
"RR6P4","RYNP4","R","20080401","F"
"RR6P5","RYNP5","R","20080401","F"
"RR6P6","RYNP6","R","20080401","F"
"RR6P7","RYNP7","R","20080401","F"
"RR6P8","RYNP8","R","20080401","F"
"RR6P9","RYNP9","R","20080401","F"
"RR6PA","RYNPA","R","20080401","F"
"RR6PB","RYNPB","R","20080401","F"
"RR6PC","RYNPC","R","20080401","F"
"RR6PG","RYNPG","R","20080401","F"
"RR6PH","RYNPH","R","20080401","F"
"RR6PJ","RYNPJ","R","20080401","F"
"RR6PM","RYNPM","R","20080401","F"
"RR6PT","RYNPT","R","20080401","F"
"RR6QA","RYNQA","R","20080401","F"
"RR6QE","RYNQE","R","20080401","F"
"RR6RC","RYNRC","R","20080401","F"
"RR7VJ","5KF02","O","20020401","X"
"RR9","RXP","R","20021001",""
"RR9CC","RXPCC","R","20021001",""
"RR9CP","RXPCP","R","20021001",""
"RR9CW","RXPCW","R","20021001",""
"RR9CX","RXPCX","R","20021001",""
"RRA","RVH","R","19990401","F"
"RRAC3","RVHC3","R","19990401","F"
"RRART","RVHRT","R","19990401","F"
"RRB","RVG","R","19990401","F"
"RRB5K","RVG5K","R","19990401","F"
"RRB5Q","RVG5Q","R","19990401","F"
"RRBBV","RVGBV","R","19990401","F"
"RRBBW","RVGBW","R","19990401","F"
"RRBBX","RVGBX","R","19990401","F"
"RRBMN","RVGMN","R","19990401","F"
"RRBR9","RVGR9","R","19990401","F"
"RRC","RT4","R","19980401",""
"RRD","R1L","R","20170401",""
"RRDB1","RRDD5","R","20050401","X"
"RRDB1","RRDD1","R","20050401","X"
"RRDB4","RRDD4","R","20050401","X"
"RRDB8","RRDD7","R","20050401","X"
"RRDBG","RRDDG","R","20050401","X"
"RRDBL","RRDDL","R","20050401","X"
"RRE05","5ML05","O","20040401","F"
"RRE12","5DQ12","O","20030401","F"
"RRE19","5MN19","O","20020401","F"
"RRE21","5MN21","O","20020401","F"
"RRE22","5DQ22","O","20020401","F"
"RRE30","5MN30","O","20020401","F"
"RRE31","5MN31","O","20020401","F"
"RRE32","5MM32","O","20020401","F"
"RRE34","5MM34","O","20020401","F"
"RRE37","5MN37","O","20020401","F"
"RRE39","5MN39","O","20020401","F"
"RRE52","5DQ52","O","20030401","F"
"RRE55","5DQ55","O","20020401","F"
"RRE60","5ML60","O","20030401","F"
"RRE61","5DQ61","O","20020401","F"
"RRE62","5DQ62","O","20020401","F"
"RRE63","5MN63","O","20020401","F"
"RRE64","5ML64","O","20020401","F"
"RRE66","5DQ66","O","20020401","F"
"RRE67","5MN67","O","20020401","F"
"RRE68","5MN68","O","20020401","F"
"RRE71","5DQ71","O","20020401","F"
"RRE72","5DQ72","O","20020401","F"
"RRE73","5MM73","O","20020401","F"
"RRE74","5DQ74","O","20020401","F"
"RRE75","5DQ75","O","20020401","F"
"RRE77","5DQ77","O","20020401","F"
"RRE78","5DQ78","O","20020401","F"
"RRE82","5MM82","O","20020401","F"
"RRE96","5MM96","O","20020401","F"
"RRE98","5MM98","O","20020401","F"
"RRG","5C4","O","20010401","X"
"RRG","RWK","R","20010401",""
"RRH","RWK","R","20010401",""
"RRH","5C5","O","20010401","X"
"RRK01","RQ301","R","19950401",""
"RRL","RWK","R","20010401",""
"RRL","5C3","O","20010401","X"
"RRM","5M9","O","20020401","F"
"RRM","5MP","O","20020401","F"
"RRM02","5MP02","O","20020401","F"
"RRM03","5MP03","O","20020401","F"
"RRM04","5MP04","O","20020401","F"
"RRM07","5MP07","O","20020401","F"
"RRM14","5MP14","O","20020401","F"
"RRM21","5MP21","O","20020401","F"
"RRM30","5MP30","O","20020401","F"
"RRM31","5MP31","O","20020401","F"
"RRM32","5MP32","O","20020401","F"
"RRM34","5MP34","O","20020401","F"
"RRM35","5MP35","O","20020401","F"
"RRM42","5MP06","O","20020401","F"
"RRM43","5MP09","O","20020401","F"
"RRM55","5MP55","O","20020401","F"
"RRM57","5MP49","O","20020401","F"
"RRM58","5MP28","O","20020401","F"
"RRM60","5MP01","O","20020401","F"
"RRM61","5MP05","O","20020401","F"
"RRM63","5MP08","O","20020401","F"
"RRM66","5MP10","O","20020401","F"
"RRM72","5MP15","O","20020401","F"
"RRM73","5MP16","O","20020401","F"
"RRM75","5MP17","O","20020401","F"
"RRM76","5MP18","O","20020401","F"
"RRM77","5MP19","O","20020401","F"
"RRM79","5MP20","O","20020401","F"
"RRM80","5MP22","O","20020401","F"
"RRM81","5MP23","O","20020401","F"
"RRN","RVH","R","19990401","F"
"RRN18","RVH18","R","19990401","F"
"RRN3T","RVH3T","R","19990401","F"
"RRN3V","RVH3V","R","19990401","F"
"RRN3X","RVH3X","R","19990401","F"
"RRN41","RVH41","R","19990401","F"
"RRN42","RVH42","R","19990401","F"
"RRN43","RVH43","R","19990401","F"
"RRN44","RVH44","R","19990401","F"
"RRN45","RVH45","R","19990401","F"
"RRN48","RVH48","R","19990401","F"
"RRN49","RVH49","R","19990401","F"
"RRN4A","RVH4A","R","19990401","F"
"RRN4C","RVH4C","R","19990401","F"
"RRN4D","RVH4D","R","19990401","F"
"RRN4E","RVH4E","R","19990401","F"
"RRN4F","RVH4F","R","19990401","F"
"RRN4G","RVH4G","R","19990401","F"
"RRN4U","RVH4U","R","19990401","F"
"RRN51","RVH51","R","19990401","F"
"RRN5J","RVH5J","R","19990401","F"
"RRNFF","RVHFF","R","19990401","F"
"RRNFG","RVHFG","R","19990401","F"
"RRNFJ","RVHFJ","R","19990401","F"
"RRNGB","RVHGB","R","19990401","X"
"RRNJ6","RVHJ6","R","19990401","F"
"RRNLE","RVHLE","R","19990401","F"
"RRNLL","RVHLL","R","19990401","F"
"RRNMK","RVHMK","R","19990401","F"
"RRNMP","RVHMP","R","19990401","F"
"RRNPC","RVHPC","R","19990401","F"
"RRNQ9","RVHQ9","R","19990401","F"
"RRNQA","RVHQA","R","19990401","F"
"RRNQB","RVHQB","R","19990401","F"
"RRNRA","RVHRA","R","19990401","F"
"RRNRC","RVHRC","R","19990401","F"
"RRNRK","RVHRK","R","19990401","F"
"RRQ","TAF","O","20020401","F"
"RRR","5A6","O","20010401","F"
"RRR01","5A601","O","20010401","F"
"RRR02","5A602","O","20010401","F"
"RRR03","5A603","O","20010401","F"
"RRR04","5A604","O","20010401","F"
"RRR05","5A605","O","20010401","F"
"RRS","RYL","R","20080401","F"
"RRSB3","RYLB3","R","20080401","F"
"RRSB4","RYLB4","R","20080401","F"
"RRSB6","RYLB6","R","20080401","F"
"RRSEC","RYLEC","R","20080401","F"
"RRSH7","RYLH7","R","20080401","F"
"RRSJT","RYLJT","R","20080401","F"
"RRSJU","RYLJU","R","20080401","F"
"RRSJV","RYLJV","R","20080401","F"
"RRSMQ","RYLMQ","R","20080401","F"
"RRSMR","RYLMR","R","20080401","F"
"RRSMS","RYLMS","R","20080401","F"
"RRSMT","RYLMT","R","20080401","F"
"RRSMV","RYLMV","R","20080401","F"
"RRSMW","RYLMW","R","20080401","F"
"RRSMX","RYLMX","R","20080401","F"
"RRSMY","RYLMY","R","20080401","F"
"RRSMZ","RYLMZ","R","20080401","F"
"RRSN1","RYLN1","R","20080401","F"
"RRSN2","RYLN2","R","20080401","F"
"RRSN3","RYLN3","R","20080401","F"
"RRSN4","RYLN4","R","20080401","F"
"RRSN5","RYLN5","R","20080401","F"
"RRSN6","RYLN6","R","20080401","F"
"RRSN7","RYLN7","R","20080401","F"
"RRSN8","RYLN8","R","20080401","F"
"RRSN9","RYLN9","R","20080401","F"
"RRSQA","RYLQM","R","20080401","F"
"RRSQB","RYLQN","R","20080401","F"
"RRSQC","RYLQC","R","20080401","F"
"RRSQE","RYLQE","R","20080401","F"
"RRSW5","RYLW5","R","20080401","F"
"RRT","RVD","R","19990401","F"
"RRT2W","RVD2W","R","19990401","X"
"RRT4P","RVC4P","R","19990401","F"
"RRTC9","RVDC9","R","19990401","F"
"RRTCA","RVDCA","R","19990401","F"
"RRTDR","RVDDR","R","19990401","F"
"RRTDS","RVDDS","R","19990401","X"
"RRTFJ","RVCFJ","R","19990401","F"
"RRTFK","RVCFK","R","19990401","F"
"RRTFL","RVDFL","R","19990401","F"
"RRTGD","RVDGD","R","19990401","F"
"RRTK7","RVDK7","R","19990401","F"
"RRTK8","RVCK8","R","19990401","F"
"RRTKB","RVDKB","R","19990401","F"
"RRTKC","RVCKC","R","19990401","F"
"RRTP7","RVDP7","R","19990401","F"
"RRTPD","RVDPD","R","19990401","F"
"RRTPE","RVCPE","R","19990401","F"
"RRTPF","RVCPF","R","19990401","F"
"RRTPG","RVCPG","R","19990401","F"
"RRTPJ","RVDPJ","R","19990401","F"
"RRTPK","RVDPK","R","19990401","F"
"RRTPL","RVDPL","R","19990401","F"
"RRTPM","RVCPM","R","19990401","F"
"RRTPN","RVDPN","R","19990401","F"
"RRTPP","RVCPP","R","19990401","F"
"RRTPQ","RVDPQ","R","19990401","F"
"RRTPR","RVCPR","R","19990401","F"
"RRTPS","RVCPS","R","19990401","X"
"RRTPT","RVCPT","R","19990401","F"
"RRTPU","RVDPU","R","19990401","X"
"RRTPV","RVDPV","R","19990401","F"
"RRTPX","RVDPB","R","19990401","F"
"RRTPY","RVDPY","R","19990401","F"
"RRTPZ","RVDPZ","R","19990401","F"
"RRTQ1","RVDQ1","R","19990401","X"
"RRTQ1","RVCQ1","R","19990401","F"
"RRTQ2","RVCQ2","R","19990401","X"
"RRTQ3","RVCQ3","R","19990401","F"
"RRTQ4","RVCQ4","R","19990401","X"
"RRTQ5","RVDQ5","R","19990401","F"
"RRTQ6","RVDQ6","R","19990401","F"
"RRTQ7","RVDQA","R","19990401","F"
"RRTQ9","RVDQ9","R","19990401","F"
"RRTQB","RVDQB","R","19990401","X"
"RRTQC","RVCQC","R","19990401","F"
"RRTQD","RVCQD","R","19990401","F"
"RRTQD","RVDQF","R","19990401","F"
"RRTQE","RVCQE","R","19990401","F"
"RRTQG","RVCQG","R","19990401","F"
"RRTQH","RVCQH","R","19990401","F"
"RRTQJ","RVDQJ","R","19990401","F"
"RRTQK","RVCQK","R","19990401","F"
"RRTQM","RVDQM","R","19990401","F"
"RRTQN","RVDQN","R","19990401","F"
"RRTQP","RVDQP","R","19990401","X"
"RRTQQ","RVCQQ","R","19990401","F"
"RRTQS","RVDQS","R","19990401","F"
"RRTQT","RVCQT","R","19990401","F"
"RRTQU","RVDQU","R","19990401","F"
"RRTQV","RVDQV","R","19990401","F"
"RRTQW","RVDQW","R","19990401","F"
"RRTQY","RVCQY","R","19990401","X"
"RRTQZ","RVDQZ","R","19990401","F"
"RRTR1","RVCR1","R","19990401","F"
"RRTR2","RVCR2","R","19990401","X"
"RRTR3","RVCR3","R","19990401","F"
"RRTR4","RVDR4","R","19990401","F"
"RRTR5","RVCR5","R","19990401","F"
"RRTR6","RVDR6","R","19990401","F"
"RRTR7","RVDR7","R","19990401","F"
"RRTR9","RVCR9","R","19990401","F"
"RRTRA","RVDRA","R","19990401","F"
"RRTRB","RVCRB","R","19990401","F"
"RRTRC","RVDRC","R","19990401","F"
"RRTRE","RVCRE","R","19990401","F"
"RRVN0","RRVNQ","R","20020401",""
"RRW","RTA","R","19980401","F"
"RRW","RTC","R","19980401","F"
"RRWAA","RTCAM","R","19980401","F"
"RRWAB","RTCAJ","R","19980401","F"
"RRWAC","RTCAK","R","19980401","X"
"RRWAH","RTCAL","R","19980401","X"
"RRWCK","RTACJ","R","19980401","F"
"RRWCL","RTCAX","R","19980401","F"
"RRWCN","RTCAT","R","19980401","F"
"RRWDE","RTACG","R","19980401","F"
"RRWDF","RTACL","R","19980401","F"
"RRWDF","RTCAN","R","19980401","F"
"RRWDG","RTCAO","R","19980401","X"
"RRWHJ","RTCAR","R","19980401","X"
"RRWJN","RTCAP","R","19980401","F"
"RRWLC","RTACA","R","19980401","F"
"RRWLF","RTACI","R","19980401","F"
"RRWLX","RTACB","R","19980401","F"
"RRWLY","RTACF","R","19980401","F"
"RRWMD","RTACR","R","19980401","F"
"RRWME","RTACO","R","19980401","F"
"RRWMF","RTACT","R","19980401","F"
"RRWMG","RTACD","R","19980401","F"
"RRWMH","RTACQ","R","19980401","F"
"RRWMJ","RTACH","R","19980401","F"
"RRWMK","RTACM","R","19980401","F"
"RRWML","RTACE","R","19980401","F"
"RRX","RWD","R","20000401",""
"RRXAA","RWDAA","R","20000401",""
"RRXAB","RWDAB","R","20000401","X"
"RRXAS","RWDAS","R","20000401",""
"RRXBM","RWDBM","R","20000401",""
"RRXDA","RWDDA","R","20000401",""
"RRY","RVX","R","19990401","F"
"RRY","RVW","R","19990401",""
"RRYAA","RVXAA","R","19990401","F"
"RRYAA","RVWAA","R","19990401",""
"RRYHG","RVXHG","R","19990401","F"
"RRYHL","RVXHL","R","19990401","F"
"RRYKA","RVWKA","R","19990401",""
"RRYKB","RVXKB","R","19990401","F"
"RRYLN","RVWLN","R","19990401","X"
"RRYLQ","RVWLQ","R","19990401","X"
"RRYLQ","RVXLQ","R","19990401","X"
"RRYLR","RVWLR","R","19990401","X"
"RRYLU","RVWLU","R","19990401","X"
"RRYLV","RVWLV","R","19990401","X"
"RRYSX","RVXSX","R","19990401","X"
"RRYSX","RVWSX","R","19990401",""
"RRYTA","RVWTA","R","19990401","X"
"RRYTA","RVXTA","R","19990401","X"
"RRYTB","RVWTB","R","19990401","X"
"RRZ","RWQ","R","20000401","F"
"RRZ02","RWQ02","R","20000401","F"
"RRZ03","RWQ03","R","20000401","F"
"RRZ05","RWQ05","R","20000401","F"
"RRZ09","RWQ09","R","20000401","F"
"RRZ11","RWQ11","R","20000401","F"
"RRZ13","RWQ13","R","20000401","X"
"RRZ16","RWQ16","R","20000401","F"
"RRZ17","RWQ17","R","20000401","F"
"RRZ19","RWQ19","R","20000401","F"
"RRZ20","RWQ20","R","20000401","F"
"RRZ21","RWQ21","R","20000401","F"
"RRZ22","RWQ22","R","20000401","X"
"RRZ23","RWQ23","R","20000401","X"
"RRZ25","RWQ25","R","20000401","F"
"RRZ26","RWQ26","R","20000401","F"
"RRZ27","RWQ27","R","20000401","F"
"RRZ28","RWQ28","R","20000401","F"
"RRZ29","RWQ29","R","20000401","F"
"RRZ34","RWQ34","R","20000401","F"
"RRZ37","RWQ37","R","20000401","X"
"RRZ38","RWQ38","R","20000401","X"
"RRZ40","RWQ40","R","20000401","F"
"RRZ41","RWQ41","R","20000401","F"
"RRZ49","RWQ49","R","20000401","X"
"RRZ50","RWQ50","R","20000401","F"
"RRZ51","RWQ51","R","20000401","F"
"RRZ55","RWQ55","R","20000401","F"
"RRZ56","RWQ56","R","20000401","F"
"RRZ57","RWQ57","R","20000401","F"
"RRZ58","RWQ58","R","20000401","F"
"RRZ59","RWQ59","R","20000401","X"
"RRZ60","RWQ60","R","20000401","F"
"RRZ61","RWQ61","R","20000401","F"
"RRZ62","RWQ62","R","20000401","F"
"RRZ64","RWQ64","R","20000401","F"
"RRZ65","RWQ65","R","20000401","X"
"RRZ66","RWQ66","R","20000401","F"
"RRZ67","RWQ67","R","20000401","F"
"RRZ68","RWQ68","R","20000401","F"
"RRZ69","RWQ69","R","20000401","F"
"RRZ70","RWQ70","R","20000401","F"
"RRZ71","RWQ71","R","20000401","F"
"RRZ72","RWQ72","R","20000401","F"
"RRZ73","RWQ73","R","20000401","F"
"RRZ74","RWQ74","R","20000401","F"
"RRZ75","RWQ75","R","20000401","F"
"RRZ76","RWQ76","R","20000401","X"
"RRZ78","RWQ78","R","20000401","F"
"RRZ79","RWQ79","R","20000401","F"
"RRZ91","RWQ91","R","20000401","F"
"RRZ95","RWQ95","R","20000401","F"
"RRZ98","RWQ01","R","20000401","F"
"RRZB2","RWQB2","R","20000401","X"
"RRZC3","RWQM6","R","20000401","X"
"RRZF9","RWQF9","R","20000401","F"
"RRZH1","RWQH1","R","20000401","F"
"RRZH4","RWQH4","R","20000401","X"
"RRZH5","RWQH5","R","20000401","X"
"RRZJ3","RWQJ3","R","20000401","F"
"RT3","RJ1","R","20210201",""
"RT5AC","5JCAC","O","20020401","F"
"RT5BJ","RT5JK","R","20020401",""
"RT5CP","5JDCP","O","20020401","F"
"RT5CR","5EHCR","O","20010401","F"
"RT5CT","5EHCT","O","20010401","F"
"RT5CW","5EHCW","O","20010401","F"
"RT5CX","5EHCX","O","20010401","F"
"RT5CY","5EHCY","O","20010401","F"
"RT5CZ","5JCCZ","O","20020401","F"
"RT5DB","5JCDB","O","20020401","F"
"RT5DC","5JCDC","O","20020401","X"
"RT5DE","5JADE","O","20020401","F"
"RT5DG","5JADG","O","20020401","F"
"RT5DL","5EH02","O","20040401","F"
"RT5DN","5JC01","O","20040401","F"
"RT5DP","5JC03","O","20040401","F"
"RT5DT","5JC02","O","20040401","F"
"RT5DW","5EJ03","O","20040401","F"
"RT5EA","5EY02","O","20040401","F"
"RT5EB","5JA02","O","20040401","F"
"RT5EC","5EY04","O","20040401","F"
"RT5ED","5JD04","O","20040401","F"
"RT5EF","5EJ01","O","20040401","F"
"RT5EH","5EJ04","O","20040401","X"
"RT5EJ","5EY06","O","20040401","F"
"RT5EK","5EY05","O","20040401","F"
"RT5EL","5EY01","O","20040401","F"
"RT5EM","5EY07","O","20040401","F"
"RT5EN","5EH01","O","20040401","F"
"RT5ER","5EJ02","O","20040401","F"
"RT5EX","5EJEX","O","20020401","F"
"RT5FB","RT5JP","R","20020401",""
"RT5JD","5JD03","O","20040401","F"
"RT5JN","RT5JG","R","20020401",""
"RT5JW","RT5JY","R","20020401",""
"RT5JX","RT5JM","R","20020401",""
"RT5JZ","RT5KB","R","20020401",""
"RT5KA","RT5JM","R","20020401",""
"RT5KH","RT5JP","R","20020401",""
"RT5KS","RT5JS","R","20020401",""
"RT5LH","5JA04","O","20040401","F"
"RT5LK","5JA01","O","20040401","F"
"RT5LL","5JD01","O","20040401","F"
"RT5LN","5JD02","O","20040401","F"
"RT6","RMY","R","20120101",""
"RT611","5JR05","O","20030401","F"
"RT612","5JR03","O","20030401","F"
"RT617","5JT04","O","20030401","F"
"RT618","5JR02","O","20030401","F"
"RT620","5JT03","O","20030401","F"
"RT627","5JT05","O","20030401","F"
"RT631","5JW02","O","20030401","F"
"RT635","5JQ02","O","20030401","F"
"RT638","5JR07","O","20030401","X"
"RT650","5JW08","O","20030401","F"
"RT651","5JW01","O","20030401","F"
"RT653","5JW05","O","20030401","F"
"RT657","5JW03","O","20030401","F"
"RT658","5JW06","O","20030401","F"
"RT660","5JW07","O","20030401","F"
"RT662","5JW09","O","20030401","F"
"RT677","5JQ04","O","20030401","F"
"RT678","5JQ07","O","20030401","F"
"RT679","5JQ03","O","20030401","F"
"RT680","5JR06","O","20030401","F"
"RT687","5JV05","O","20030401","F"
"RT691","5JQ05","O","20030401","X"
"RT696","5JV06","O","20030401","F"
"RT697","5JV02","O","20030401","F"
"RT699","5JV04","O","20030401","F"
"RT7","7A1","O","20091001",""
"RT74K","7A14K","O","20091001",""
"RT74M","7A14M","O","20091001",""
"RT74N","7A14N","O","20091001",""
"RT74P","7A14P","O","20091001",""
"RT74Q","7A14Q","O","20091001",""
"RT74R","7A14R","O","20091001",""
"RT74S","7A14S","O","20091001","X"
"RT74T","7A14T","O","20091001",""
"RT74V","7A14V","O","20091001",""
"RT75Z","7A15Z","O","20091001",""
"RT7AU","7A1AU","O","20091001",""
"RT7AV","7A1AV","O","20091001",""
"RT7AX","7A1AX","O","20091001",""
"RT7AY","7A1AY","O","20091001",""
"RT7AZ","7A1AZ","O","20091001","X"
"RT7B2","7A1B2","O","20091001",""
"RT7CA","7A1CA","O","20091001",""
"RT7DC","7A1DC","O","20091001",""
"RT7DD","7A1DD","O","20091001",""
"RT7DG","7A1DG","O","20091001",""
"RT7E9","7A1E9","O","20091001",""
"RT7F4","7A1F4","O","20091001","X"
"RT7FT","7A1FT","O","20091001",""
"RT7G2","7A1G2","O","20091001",""
"RT7GE","7A1GE","O","20091001",""
"RT7JK","7A1JK","O","20091001","X"
"RT7JL","7A1JL","O","20091001","X"
"RT7JM","7A1JM","O","20091001","X"
"RT7JN","7A1JN","O","20091001","X"
"RT7JP","7A1JP","O","20091001","X"
"RT7JQ","7A1JQ","O","20091001","X"
"RT7JR","7A1JR","O","20091001","X"
"RT7KG","7A1KG","O","20091001",""
"RT7LJ","7A1LJ","O","20091001",""
"RT7LS","7A1LS","O","20091001","X"
"RT7M3","7A1LT","O","20091001",""
"RT7MM","7A1LU","O","20091001",""
"RT7MR","7A1LV","O","20091001",""
"RT7MS","7A1MS","O","20091001",""
"RT7MT","7A1LW","O","20091001",""
"RT7MU","7A1MU","O","20091001",""
"RT7MX","7A1MX","O","20091001",""
"RT7MY","7A1MY","O","20091001",""
"RT7MZ","7A1MZ","O","20091001",""
"RT7N1","7A1N1","O","20091001",""
"RT7N3","7A1N3","O","20091001",""
"RT7N6","7A1N6","O","20091001",""
"RT7N9","7A1N9","O","20091001",""
"RT7NB","7A1NB","O","20091001",""
"RT7NC","7A1NC","O","20091001",""
"RT7ND","7A1ND","O","20091001",""
"RT7NE","7A1NE","O","20091001",""
"RT7NF","7A1NF","O","20091001","X"
"RT7NH","7A1NH","O","20091001",""
"RT7NJ","7A1NJ","O","20091001",""
"RT7NK","7A1NK","O","20091001",""
"RT7NL","7A1NL","O","20091001","X"
"RT7NP","7A1NP","O","20091001",""
"RT7NQ","7A1NQ","O","20091001",""
"RT7NT","7A1NT","O","20091001",""
"RT7R8","7A1R8","O","20091001","X"
"RT8","RYP","R","20080701","F"
"RT826","RYP26","R","20080701","F"
"RT828","RYP28","R","20080701","F"
"RT83A","RYP3A","R","20080701","F"
"RT83B","RYP3B","R","20080701","F"
"RT83C","RYP3C","R","20080701","F"
"RT85E","RYP5E","R","20080701","F"
"RT8A1","RYPA1","R","20080701","F"
"RT8A2","RYPA2","R","20080701","F"
"RT8A3","RYPA3","R","20080701","X"
"RT8A5","RYPA5","R","20080701","F"
"RT8A8","RYPA8","R","20080701","F"
"RT8A9","RYPA9","R","20080701","F"
"RT8AC","RYPAC","R","20080701","F"
"RT8AE","RYPAE","R","20080701","F"
"RT8AF","RYPAF","R","20080701","F"
"RT8F8","RYPF8","R","20080701","F"
"RT8F9","RYPF9","R","20080701","F"
"RT8FA","RYPFA","R","20080701","F"
"RT8FB","RYPFB","R","20080701","X"
"RT8FC","RYPFC","R","20080701","F"
"RT8FN","RYPFN","R","20080701","X"
"RT8FS","RYPFS","R","20080701","F"
"RT8GQ","RYPGQ","R","20080701","F"
"RT8GS","RYPGS","R","20080701","F"
"RT8HD","RYPHD","R","20080701","F"
"RT8J1","RYPJ1","R","20080701","F"
"RT8J2","RYPJ2","R","20080701","F"
"RT8JS","RYPJS","R","20080701","F"
"RT8L6","RYPL6","R","20080701","F"
"RT8L7","RYPL7","R","20080701","F"
"RT8LC","RYPLC","R","20080701","F"
"RT8LD","RYPLD","R","20080701","F"
"RT8LJ","RYPLJ","R","20080701","X"
"RT8LM","RYPLM","R","20080701","F"
"RT8LP","RYPLP","R","20080701","F"
"RT8LR","RYPLR","R","20080701","F"
"RT8M6","RYPM6","R","20080701","F"
"RT8MW","RYPMW","R","20080701","F"
"RT8N5","RYPN5","R","20080701","F"
"RT8N7","RYPN7","R","20080701","F"
"RT8N8","RYPN8","R","20080701","F"
"RT8NA","RYPNA","R","20080701","F"
"RT8NG","RYPNG","R","20080701","F"
"RT8PG","RYPPG","R","20080701","F"
"RT8RZ","RYPRZ","R","20080701","F"
"RT8S1","RYPS1","R","20080701","F"
"RT8S4","RYPS4","R","20080701","F"
"RT8S7","RYPS7","R","20080701","F"
"RT8SB","RYPSB","R","20080701","F"
"RT8SF","RYPSF","R","20080701","F"
"RT8SW","RYPSW","R","20080701","F"
"RT8SX","RYPSX","R","20080701","F"
"RT8SZ","RYPSZ","R","20080701","F"
"RT8TA","RYPTA","R","20080701","F"
"RT8WV","RYPWV","R","20080701","F"
"RT8ZC","RYPZC","R","20080701","F"
"RT9","RYP","R","20080701","F"
"RT921","RYP21","R","20080701","F"
"RT922","RYP22","R","20080701","F"
"RT923","RYP23","R","20080701","F"
"RT925","RYP25","R","20080701","F"
"RT92A","RYP2A","R","20080701","F"
"RT933","RYP33","R","20080701","F"
"RT94H","RYP4H","R","20080701","F"
"RT94W","RYP4W","R","20080701","F"
"RT94X","RYP4X","R","20080701","F"
"RT95R","RYP5R","R","20080701","F"
"RT9A4","RYPA4","R","20080701","F"
"RT9A7","RYPA7","R","20080701","F"
"RT9AA","RYPAA","R","20080701","F"
"RT9AB","RYPAB","R","20080701","F"
"RT9AD","RYPAD","R","20080701","F"
"RT9CC","RYPCC","R","20080701","F"
"RT9CF","RYPCF","R","20080701","F"
"RT9D4","RYPD4","R","20080701","F"
"RT9F3","RYPF3","R","20080701","F"
"RT9F7","RYPF7","R","20080701","F"
"RT9GM","RYPGM","R","20080701","X"
"RT9GR","RYPGR","R","20080701","F"
"RT9L1","RYPL1","R","20080701","F"
"RT9L2","RYPL2","R","20080701","F"
"RT9L5","RYPL5","R","20080701","F"
"RT9LA","RYPLA","R","20080701","F"
"RT9LB","RYPLB","R","20080701","X"
"RT9LF","RYPLF","R","20080701","F"
"RT9LG","RYPLG","R","20080701","F"
"RT9LN","RYPLN","R","20080701","F"
"RT9M2","RYPM2","R","20080701","F"
"RT9M3","RYPM3","R","20080701","F"
"RT9M4","RYPM4","R","20080701","F"
"RT9M5","RYPM5","R","20080701","F"
"RT9M7","RYPM7","R","20080701","F"
"RT9MA","RYPMA","R","20080701","F"
"RT9MC","RYPMC","R","20080701","F"
"RT9MD","RYPMD","R","20080701","F"
"RT9MF","RYPMF","R","20080701","F"
"RT9MH","RYPMH","R","20080701","F"
"RT9MJ","RYPMJ","R","20080701","F"
"RT9MK","RYPMK","R","20080701","F"
"RT9ML","RYPML","R","20080701","F"
"RT9MM","RYPMM","R","20080701","F"
"RT9MN","RYPMN","R","20080701","F"
"RT9MP","RYPMP","R","20080701","F"
"RT9MQ","RYPMQ","R","20080701","F"
"RT9MR","RYPMR","R","20080701","F"
"RT9MT","RYPMT","R","20080701","F"
"RT9P2","RYPP2","R","20080701","F"
"RT9P3","RYPP3","R","20080701","F"
"RT9P4","RYPP4","R","20080701","F"
"RT9P6","RYPP6","R","20080701","F"
"RT9P7","RYPP7","R","20080701","F"
"RT9P8","RYPP8","R","20080701","F"
"RT9P9","RYPP9","R","20080701","F"
"RT9PA","RYPPA","R","20080701","F"
"RT9PB","RYPPB","R","20080701","F"
"RT9PC","RYPPC","R","20080701","F"
"RT9PD","RYPPD","R","20080701","F"
"RT9RA","RYPRA","R","20080701","F"
"RT9RB","RYPRB","R","20080701","F"
"RT9RC","RYPRC","R","20080701","F"
"RT9RD","RYPRD","R","20080701","F"
"RT9RE","RYPRE","R","20080701","F"
"RT9RG","RYPRG","R","20080701","F"
"RT9RJ","RYPRJ","R","20080701","F"
"RT9RM","RYPRM","R","20080701","F"
"RT9RN","RYPRN","R","20080701","F"
"RT9RP","RYPRP","R","20080701","F"
"RT9RQ","RYPRQ","R","20080701","F"
"RT9RR","RYPRR","R","20080701","F"
"RT9RS","RYPRS","R","20080701","F"
"RT9RT","RYPRT","R","20080701","F"
"RT9RU","RYPRU","R","20080701","F"
"RT9RV","RYPRV","R","20080701","F"
"RT9RW","RYPRW","R","20080701","F"
"RT9RX","RYPRX","R","20080701","F"
"RT9RY","RYPRY","R","20080701","F"
"RT9S2","RYPS2","R","20080701","F"
"RT9S3","RYPS3","R","20080701","F"
"RT9S5","RYPS5","R","20080701","F"
"RT9S6","RYPS6","R","20080701","F"
"RT9S8","RYPS8","R","20080701","F"
"RT9S9","RYPS9","R","20080701","F"
"RT9SA","RYPSA","R","20080701","F"
"RT9SC","RYPSC","R","20080701","F"
"RT9SD","RYPSD","R","20080701","F"
"RT9SE","RYPSE","R","20080701","F"
"RT9SG","RYPSG","R","20080701","F"
"RT9SH","RYPSH","R","20080701","F"
"RT9SJ","RYPSJ","R","20080701","F"
"RT9SM","RYPSM","R","20080701","F"
"RT9SN","RYPSN","R","20080701","F"
"RT9SP","RYPSP","R","20080701","F"
"RT9SR","RYPSR","R","20080701","F"
"RT9SS","RYPSS","R","20080701","F"
"RT9ST","RYPST","R","20080701","F"
"RT9SU","RYPSU","R","20080701","F"
"RT9SV","RYPSV","R","20080701","F"
"RT9SY","RYPSY","R","20080701","F"
"RTA","RXP","R","20021001",""
"RTABA","RXPBA","R","20021001",""
"RTABB","RXPBB","R","20021001","X"
"RTACA","5J9CA","O","20021001","X"
"RTACB","5KECB","O","20021001","F"
"RTACC","5J8CC","O","20021001","F"
"RTACD","5J8CD","O","20021001","F"
"RTACE","5J8CE","O","20021001","F"
"RTACE","RXPCE","R","20021001","X"
"RTACF","5KECF","O","20021001","F"
"RTACG","5J8CG","O","20021001","F"
"RTACG","RXPCG","R","20021001",""
"RTACH","5KECH","O","20021001","F"
"RTACI","5J9CK","O","20021001","X"
"RTACJ","5J8CJ","O","20021001","F"
"RTACJ","RXPCJ","R","20021001",""
"RTACL","5KECL","O","20021001","F"
"RTACL","RXPCL","R","20021001",""
"RTACM","5KECM","O","20021001","F"
"RTACO","5J8CN","O","20021001","F"
"RTACP","5J8CP","O","20021001","F"
"RTACQ","5J8CQ","O","20021001","F"
"RTACR","5KECR","O","20021001","F"
"RTACT","5J8CT","O","20021001","F"
"RTADA","RXPDA","R","20021001",""
"RTC","RX3","R","20060401",""
"RTCAB","RX3AA","R","20060401","X"
"RTCAF","RX3AC","R","20060401",""
"RTCAG","RX3AD","R","20060401",""
"RTCAJ","RX3AE","R","20060401","X"
"RTCAM","RX3AF","R","20060401",""
"RTCAN","RX3AG","R","20060401","X"
"RTCAP","RX3AH","R","20060401",""
"RTCAS","RX3AJ","R","20060401","X"
"RTCAT","RX3AK","R","20060401","X"
"RTCAU","RX3AL","R","20060401","X"
"RTCAX","RX3AM","R","20060401","X"
"RTCBF","RX3AN","R","20060401","X"
"RTCBG","RX3AP","R","20060401",""
"RTCBH","RX3AQ","R","20060401","X"
"RTCBI","RX3AR","R","20060401","X"
"RTCBL","RX3AT","R","20060401",""
"RTCCA","RX3MM","R","20060401",""
"RTCCC","RX3AV","R","20060401",""
"RTCCD","RX3AW","R","20060401","X"
"RTCCN","RX3AX","R","20060401","X"
"RTCCP","RX3AY","R","20060401","X"
"RTCCQ","RX3CA","R","20060401",""
"RTCCR","RX3CC","R","20060401","X"
"RTCCT","RX3CD","R","20060401",""
"RTCCV","RX3CE","R","20060401",""
"RTCCY","RX3CF","R","20060401","X"
"RTCDC","RX3CG","R","20060401","X"
"RTCDJ","RX3CH","R","20060401",""
"RTCDK","RX3CJ","R","20060401",""
"RTCDL","RX3CK","R","20060401","X"
"RTCDM","RX3CL","R","20060401",""
"RTCDN","RX3CM","R","20060401",""
"RTCDP","RX3CN","R","20060401",""
"RTCDQ","RX3CP","R","20060401",""
"RTCDR","RX3CQ","R","20060401",""
"RTCDT","RX3CR","R","20060401",""
"RTCDV","RX3CT","R","20060401",""
"RTCDW","RX3MN","R","20060401",""
"RTCDX","RX3CV","R","20060401",""
"RTCDY","RX3CW","R","20060401","X"
"RTCEA","RX3CX","R","20060401","X"
"RTCEC","RX3CY","R","20060401",""
"RTCED","RX3DA","R","20060401",""
"RTCEF","RX3DC","R","20060401","X"
"RTCEG","RX3DD","R","20060401",""
"RTCEJ","RX3DE","R","20060401","X"
"RTCEK","RX3DF","R","20060401",""
"RTCEL","RX3DG","R","20060401",""
"RTCEM","RX3DH","R","20060401","X"
"RTCEN","RX3DJ","R","20060401",""
"RTCEP","RX3DK","R","20060401","X"
"RTCEQ","RX3DL","R","20060401",""
"RTCEX","RX3DM","R","20060401","X"
"RTCEY","RX3DN","R","20060401",""
"RTCFA","RX3DP","R","20060401","X"
"RTCFC","RX3DQ","R","20060401","X"
"RTCFD","RX3DR","R","20060401",""
"RTCFE","RX3DT","R","20060401",""
"RTCFF","RX3MP","R","20060401","X"
"RTCFG","RX3DV","R","20060401",""
"RTCFK","RX3DW","R","20060401",""
"RTCFL","RX3DX","R","20060401","X"
"RTCFM","RX3DY","R","20060401","X"
"RTCFR","RX3EC","R","20060401",""
"RTCFT","RX3ED","R","20060401",""
"RTCFY","RX3EE","R","20060401",""
"RTCGA","RX3EF","R","20060401","X"
"RTCGC","RX3EG","R","20060401","X"
"RTCGD","RX3EH","R","20060401",""
"RTCGF","RX3EJ","R","20060401",""
"RTCGG","RX3EK","R","20060401","X"
"RTCGH","RX3EL","R","20060401",""
"RTCGJ","RX3EM","R","20060401",""
"RTCGN","RX3EN","R","20060401",""
"RTCGP","RX3EP","R","20060401",""
"RTCGR","RX3EQ","R","20060401",""
"RTCGV","RX3ER","R","20060401","X"
"RTCGW","RX3ET","R","20060401","X"
"RTCGX","RX3ML","R","20060401",""
"RTCGY","RX3MK","R","20060401","X"
"RTE17","RTE10","R","20060401",""
"RTJ","RXX","R","20050401",""
"RTJ01","RXX20","R","20050401",""
"RTJ02","RXX21","R","20050401",""
"RTJ03","RXX22","R","20050401",""
"RTJ04","RXX23","R","20050401",""
"RTJ05","RXX24","R","20050401",""
"RTJ06","RXX25","R","20050401","X"
"RTJ07","RXX26","R","20050401",""
"RTJ08","RXX27","R","20050401",""
"RTJ09","RXX28","R","20050401",""
"RTJ10","RXX29","R","20050401",""
"RTJ11","RXX60","R","20050401",""
"RTJ12","RXX62","R","20050401",""
"RTJ13","RXX63","R","20050401","X"
"RTJ14","RXX64","R","20050401",""
"RTJ15","RXX65","R","20050401",""
"RTJ16","RXX66","R","20050401",""
"RTJ17","RXX68","R","20050401",""
"RTJ18","RXX69","R","20050401",""
"RTL","RXJ","R","20020401","F"
"RTM","RXY","R","20060401",""
"RTM02","5LN02","O","20020401","F"
"RTM03","RXYR1","R","20060401",""
"RTM04","5LM04","O","20020401","F"
"RTM05","5LM05","O","20020401","F"
"RTM06","5LM06","O","20020401","F"
"RTM07","RXYT1","R","20060401",""
"RTM08","5LL08","O","20020401","F"
"RTM09","5LL09","O","20030401","F"
"RTM11","RXYD3","R","20060401","X"
"RTM13","RXYT2","R","20060401",""
"RTM14","5LL14","O","20030401","F"
"RTM16","RXY03","R","20060401",""
"RTM17","5LL17","O","20030401","F"
"RTM19","RXYA4","R","20060401",""
"RTM20","5LL20","O","20030401","F"
"RTM21","5LN21","O","20020401","F"
"RTM22","RXYL1","R","20060401",""
"RTM23","5LM23","O","20020401","F"
"RTM24","5LM24","O","20020401","F"
"RTM25","5LP25","O","20020401","F"
"RTM26","5LN26","O","20020401","F"
"RTM27","5LN27","O","20020401","F"
"RTM30","RXYCD","R","20060401",""
"RTM33","5LN33","O","20020401","F"
"RTM35","RXY2C","R","20060401",""
"RTM36","5LM36","O","20020401","F"
"RTM37","5LL37","O","20030401","F"
"RTM38","5LL38","O","20020401","F"
"RTM40","5LL40","O","20030401","F"
"RTM41","5LL41","O","20030401","F"
"RTM42","RXYW1","R","20060401","X"
"RTM43","RXYE3","R","20060401",""
"RTM44","5LL44","O","20030401","F"
"RTM46","RXY1A","R","20060401",""
"RTM47","5LL47","O","20030401","F"
"RTM48","5LL48","O","20030401","F"
"RTM49","5LP49","O","20020401","F"
"RTM51","5LN51","O","20020401","F"
"RTM52","RVV0H","R","20020401",""
"RTM53","RVVGT","R","20020401",""
"RTM54","RXYD5","R","20060401","X"
"RTM55","5LN55","O","20020401","F"
"RTM57","RXYE7","R","20060401","X"
"RTM58","5LN58","O","20020401","F"
"RTM60","5LL60","O","20020401","F"
"RTM62","5LN62","O","20020401","F"
"RTM63","RXYD4","R","20060401","X"
"RTM64","5LP64","O","20020401","F"
"RTM65","5LP65","O","20020401","F"
"RTM66","RXYRH","R","20060401","X"
"RTM70","5LL70","O","20020401","F"
"RTM72","RXYA5","R","20060401",""
"RTM74","RXYP9","R","20060401","X"
"RTM75","5LM75","O","20020401","F"
"RTM76","RXYK1","R","20060401",""
"RTM77","5LN77","O","20020401","F"
"RTM78","5LM78","O","20020401","F"
"RTM79","5LN79","O","20020401","F"
"RTM80","RXYR2","R","20060401",""
"RTM83","RXYRW","R","20060401",""
"RTM84","5LL84","O","20030401","F"
"RTM86","RXYNY","R","20060401","X"
"RTM87","5LL87","O","20030401","F"
"RTM88","RXYT7","R","20060401","X"
"RTM89","RXYT3","R","20060401","X"
"RTM90","5LL90","O","20030401","F"
"RTM91","RXYC2","R","20060401","X"
"RTM93","5LL93","O","20030401","F"
"RTM94","5LL94","O","20030401","F"
"RTMR1","RXYRV","R","20060401",""
"RTMR2","RXYRV","R","20060401",""
"RTMR3","RXYRV","R","20060401",""
"RTMR4","RXYRV","R","20060401",""
"RTMR5","RXYRV","R","20060401",""
"RTMR6","RXYRV","R","20060401",""
"RTMR7","RXYRV","R","20060401",""
"RTMR8","RXYRV","R","20060401",""
"RTMR9","RXYRV","R","20060401",""
"RTN","RXX","R","20050401",""
"RTP03","5KP30","O","20030401","F"
"RTP06","5MC01","O","20030401","F"
"RTT","5MQ","O","20020401","F"
"RTT02","5MQ02","O","20020401","F"
"RTT03","5MQ03","O","20020401","F"
"RTT04","5MQ04","O","20020401","F"
"RTT05","5MQ05","O","20020401","F"
"RTT07","5MQ07","O","20020401","F"
"RTT08","5MQ08","O","20020401","F"
"RTT09","5MQ09","O","20020401","F"
"RTT11","5MQ11","O","20020401","F"
"RTT19","5MQ19","O","20020401","F"
"RTT30","5MQ30","O","20020401","F"
"RTT33","5MQ33","O","20020401","F"
"RTT37","5MQ37","O","20020401","F"
"RTT38","5MQ38","O","20020401","F"
"RTT39","5MQ39","O","20020401","F"
"RTT40","5MQ40","O","20020401","F"
"RTT41","5MQ41","O","20020401","F"
"RTT42","5MQ42","O","20020401","F"
"RTT52","5MQ52","O","20020401","F"
"RTT54","5MQ54","O","20020401","F"
"RTT55","5MQ55","O","20020401","F"
"RTT60","5MQ60","O","20020401","F"
"RTT61","5MQ61","O","20020401","F"
"RTT62","5MQ62","O","20020401","F"
"RTT63","5MQ63","O","20020401","F"
"RTT64","5MQ64","O","20020401","F"
"RTT65","5MQ65","O","20020401","F"
"RTT66","5MQ66","O","20020401","F"
"RTT68","5MQ68","O","20020401","F"
"RTT69","5MQ69","O","20020401","F"
"RTT73","5MQ73","O","20020401","F"
"RTT75","5MQ75","O","20020401","F"
"RTT76","5MQ76","O","20020401","F"
"RTT77","5MQ77","O","20020401","F"
"RTT79","5MQ79","O","20020401","F"
"RTT86","5MQ86","O","20020401","F"
"RTV","RW4","R","20210601",""
"RTV0A","Y8Z1Y","R","20210601",""
"RTV0D","Y6S5W","R","20210601",""
"RTV0H","J0E6R","R","20210601",""
"RTV0K","N7S3Y","R","20210601",""
"RTV0N","L9C1K","R","20210601",""
"RTV0Q","V5G6U","R","20210601",""
"RTV0V","C9M3M","R","20210601",""
"RTV0Y","Y8Y7B","R","20210601",""
"RTV14","Z7T1B","R","20210601",""
"RTV17","V2N2D","R","20210601",""
"RTV1C","F2W7S","R","20210601",""
"RTV1E","T4Y3B","R","20210601",""
"RTV1F","S2J5U","R","20210601",""
"RTV1K","M8G6S","R","20210601",""
"RTV1M","F8E6S","R","20210601",""
"RTV1P","X9E6A","R","20210601",""
"RTV1W","A4V8I","R","20210601",""
"RTV1X","P8N0C","R","20210601",""
"RTV23","U8F4A","R","20210601",""
"RTV26","A6Y9H","R","20210601",""
"RTV2A","G6A5P","R","20210601",""
"RTV2G","H0Q7E","R","20210601",""
"RTV2H","Z8X1C","R","20210601",""
"RTV2P","R6H8K","R","20210601",""
"RTV30","H8F4D","R","20210601",""
"RTV31","M0Z4I","R","20210601",""
"RTV33","D4A4S","R","20210601",""
"RTV34","B8A6J","R","20210601",""
"RTV35","D9V2W","R","20210601",""
"RTV46","J4O8Q","R","20210601",""
"RTV51","D6B5D","R","20210601",""
"RTV54","P4W6C","R","20210601",""
"RTV56","L7W8Z","R","20210601",""
"RTV59","G8J4S","R","20210601",""
"RTV65","Q1N8B","R","20210601",""
"RTV67","W9K0W","R","20210601",""
"RTV68","I8H1N","R","20210601",""
"RTV69","X4M4B","R","20210601",""
"RTV70","U6V1H","R","20210601",""
"RTV94","H8V1B","R","20210601",""
"RTV96","K1W7L","R","20210601",""
"RTV97","E0V8J","R","20210601",""
"RTV99","J3T0P","R","20210601",""
"RTVA1","F8T3F","R","20210601",""
"RTVA3","C2K7R","R","20210601",""
"RTVA4","A1M1O","R","20210601",""
"RTVA6","F9O5Y","R","20210601",""
"RTVA7","U8Q8Q","R","20210601",""
"RTVA9","A8Z3F","R","20210601",""
"RTVE7","V9J2C","R","20210601",""
"RTVE9","E5U5O","R","20210601",""
"RTVF3","G5N1E","R","20210601",""
"RTVG3","T0D2U","R","20210601",""
"RTVG4","V8N7T","R","20210601",""
"RTVG5","G2M7S","R","20210601",""
"RTVH2","P1I4C","R","20210601",""
"RTVH3","U9E8Z","R","20210601",""
"RTVH6","B6E9H","R","20210601",""
"RTVH8","T6M9D","R","20210601",""
"RTVH9","S6B9Z","R","20210601",""
"RTVJ4","S3A1N","R","20210601",""
"RTVL6","X0T8F","R","20210601",""
"RTVL7","R5V0M","R","20210601",""
"RTVL8","G1L6F","R","20210601",""
"RTVL9","T7B0C","R","20210601",""
"RTVM1","I6W3G","R","20210601",""
"RTVM2","Q7N6D","R","20210601",""
"RTVM4","A5I8N","R","20210601",""
"RTVM5","M9F1N","R","20210601",""
"RTVM6","Z8H9C","R","20210601",""
"RTVM8","A6I1E","R","20210601",""
"RTVN1","J7Y5C","R","20210601",""
"RTVN3","P0A6Y","R","20210601",""
"RTVN7","B2H1B","R","20210601",""
"RTVN9","O0T7O","R","20210601",""
"RTVP1","P0R8Q","R","20210601",""
"RTVP2","U5B9F","R","20210601",""
"RTVP3","S0X6R","R","20210601",""
"RTVP8","U3C2B","R","20210601",""
"RTVP9","M4F3K","R","20210601",""
"RTVQ1","P1X4F","R","20210601",""
"RTVQ2","U5N9B","R","20210601",""
"RTVQ3","Y4K8J","R","20210601",""
"RTVQ4","F2B7X","R","20210601",""
"RTVR8","F3F0T","R","20210601",""
"RTVV1","H2F7O","R","20210601",""
"RTVV3","O5R1R","R","20210601",""
"RTVV4","F4Y4H","R","20210601",""
"RTVV5","N4Y4U","R","20210601",""
"RTVV8","J5R9G","R","20210601",""
"RTVW1","Z3F3M","R","20210601",""
"RTVW6","F8Q4Z","R","20210601",""
"RTVX2","Y4Y5K","R","20210601",""
"RTVX5","U1C1W","R","20210601",""
"RTVX6","Z0F9G","R","20210601",""
"RTVX9","S7I1J","R","20210601",""
"RTVY3","J4P0Z","R","20210601",""
"RTVY5","B0W9J","R","20210601",""
"RTW","5MK","O","20020401","X"
"RTW","5M2","O","20020401","X"
"RTW01","5M201","O","20020401","X"
"RTW01","5MK01","O","20020401","X"
"RTW03","5M203","O","20020401","X"
"RTW03","5MK03","O","20020401","X"
"RTW04","5M204","O","20020401","X"
"RTW04","5MK04","O","20020401","X"
"RTW05","5M205","O","20020401","X"
"RTW05","5MK05","O","20020401","X"
"RTW06","5M206","O","20020401","X"
"RTW06","5MK06","O","20020401","X"
"RTW07","5M207","O","20020401","X"
"RTW07","5MK07","O","20020401","X"
"RTW08","5MK08","O","20020401","X"
"RTW08","5M208","O","20020401","X"
"RTW09","5MK09","O","20020401","X"
"RTW09","5M209","O","20020401","X"
"RTW10","5M210","O","20020401","X"
"RTW10","5MK10","O","20020401","X"
"RTW11","5M211","O","20020401","X"
"RTW11","5MK11","O","20020401","X"
"RTW12","5M212","O","20020401","X"
"RTW12","5MK12","O","20020401","X"
"RTW13","5MK13","O","20020401","X"
"RTW13","5M213","O","20020401","X"
"RTW14","5M214","O","20020401","X"
"RTW14","5MK14","O","20020401","X"
"RTW15","5M215","O","20020401","X"
"RTW15","5MK15","O","20020401","X"
"RTW16","5MK16","O","20020401","X"
"RTW16","5M216","O","20020401","X"
"RTW17","5M217","O","20020401","X"
"RTW17","5MK17","O","20020401","X"
"RTW18","5M218","O","20020401","X"
"RTW18","5MK18","O","20020401","X"
"RTW19","5M219","O","20020401","X"
"RTW19","5MK19","O","20020401","X"
"RTW20","5M220","O","20020401","X"
"RTW20","5MK20","O","20020401","X"
"RTW21","5MK21","O","20020401","X"
"RTW21","5M221","O","20020401","X"
"RTW22","5MK22","O","20020401","X"
"RTW22","5M222","O","20020401","X"
"RTW23","5M223","O","20020401","X"
"RTW23","5MK23","O","20020401","X"
"RTW24","5M224","O","20020401","X"
"RTW24","5MK24","O","20020401","X"
"RTW25","5M225","O","20020401","X"
"RTW25","5MK25","O","20020401","X"
"RTW26","5M226","O","20020401","X"
"RTW26","5MK26","O","20020401","X"
"RTW27","5M227","O","20020401","X"
"RTW27","5MK27","O","20020401","X"
"RTW28","5M228","O","20020401","X"
"RTW28","5MK28","O","20020401","X"
"RTW29","5M229","O","20020401","X"
"RTW29","5MK29","O","20020401","X"
"RTW30","5M230","O","20020401","X"
"RTW30","5MK30","O","20020401","X"
"RTW31","5M231","O","20020401","X"
"RTW31","5MK31","O","20020401","X"
"RTW32","5M232","O","20020401","X"
"RTW32","5MK32","O","20020401","X"
"RTW33","5M233","O","20020401","X"
"RTW33","5MK33","O","20020401","X"
"RTW34","5M234","O","20020401","X"
"RTW34","5MK34","O","20020401","X"
"RTW35","5M235","O","20020401","X"
"RTW35","5MK35","O","20020401","X"
"RTW36","5M236","O","20020401","X"
"RTW36","5MK36","O","20020401","X"
"RTW37","5MK37","O","20020401","X"
"RTW37","5M237","O","20020401","X"
"RTW38","5M238","O","20020401","X"
"RTW38","5MK38","O","20020401","X"
"RTW39","5MK39","O","20020401","X"
"RTW39","5M239","O","20020401","X"
"RTW40","5MK40","O","20020401","X"
"RTW40","5M240","O","20020401","X"
"RTW41","5MK41","O","20020401","X"
"RTW41","5M241","O","20020401","X"
"RTW42","5M242","O","20020401","X"
"RTW42","5MK42","O","20020401","X"
"RTW43","5MK43","O","20020401","X"
"RTW43","5M243","O","20020401","X"
"RTW44","5M244","O","20020401","X"
"RTW44","5MK44","O","20020401","X"
"RTW45","5MK45","O","20020401","X"
"RTW45","5M245","O","20020401","X"
"RTW46","5M246","O","20020401","X"
"RTW46","5MK46","O","20020401","X"
"RTW47","5MK47","O","20020401","X"
"RTW47","5M247","O","20020401","X"
"RTW48","5M248","O","20020401","X"
"RTW48","5MK48","O","20020401","X"
"RTW49","5MK49","O","20020401","X"
"RTW49","5M249","O","20020401","X"
"RTW50","5M250","O","20020401","X"
"RTW50","5MK50","O","20020401","X"
"RTW51","5M251","O","20020401","X"
"RTW51","5MK51","O","20020401","X"
"RTW52","5M252","O","20020401","X"
"RTW52","5MK52","O","20020401","X"
"RTW53","5MK53","O","20020401","X"
"RTW53","5M253","O","20020401","X"
"RTW54","5MK54","O","20020401","X"
"RTW54","5M254","O","20020401","X"
"RTW55","5M255","O","20020401","X"
"RTW55","5MK55","O","20020401","X"
"RTW56","5MK56","O","20020401","X"
"RTW56","5M256","O","20020401","X"
"RTW57","5M257","O","20020401","X"
"RTW57","5MK57","O","20020401","X"
"RTW58","5MK58","O","20020401","X"
"RTW58","5M258","O","20020401","X"
"RTW59","5M259","O","20020401","X"
"RTW59","5MK59","O","20020401","X"
"RTW60","5MK60","O","20020401","X"
"RTW60","5M260","O","20020401","X"
"RTW61","5M261","O","20020401","X"
"RTW61","5MK61","O","20020401","X"
"RTW62","5M262","O","20020401","X"
"RTW62","5MK62","O","20020401","X"
"RTW63","5MK63","O","20020401","X"
"RTW63","5M263","O","20020401","X"
"RTW64","5MK64","O","20020401","X"
"RTW64","5M264","O","20020401","X"
"RTW65","5M265","O","20020401","X"
"RTW65","5MK65","O","20020401","X"
"RTW66","5MK66","O","20020401","X"
"RTW66","5M266","O","20020401","X"
"RTW67","5M267","O","20020401","X"
"RTW67","5MK67","O","20020401","X"
"RTW68","5M268","O","20020401","X"
"RTW68","5MK68","O","20020401","X"
"RTW69","5MK69","O","20020401","X"
"RTW69","5M269","O","20020401","X"
"RTW70","5M270","O","20020401","X"
"RTW70","5MK70","O","20020401","X"
"RTW71","5M271","O","20020401","X"
"RTW71","5MK71","O","20020401","X"
"RTW72","5M272","O","20020401","X"
"RTW72","5MK72","O","20020401","X"
"RTW73","5M273","O","20020401","X"
"RTW73","5MK73","O","20020401","X"
"RTW74","5MK74","O","20020401","X"
"RTW74","5M274","O","20020401","X"
"RTW75","5M275","O","20020401","X"
"RTW75","5MK75","O","20020401","X"
"RTW76","5M276","O","20020401","X"
"RTW76","5MK76","O","20020401","X"
"RTW77","5M277","O","20020401","X"
"RTW77","5MK77","O","20020401","X"
"RTW78","5MK78","O","20020401","X"
"RTW78","5M278","O","20020401","X"
"RTW79","5M279","O","20020401","X"
"RTW79","5MK79","O","20020401","X"
"RTW80","5M280","O","20020401","X"
"RTW80","5MK80","O","20020401","X"
"RTW81","5MK81","O","20020401","X"
"RTW81","5M281","O","20020401","X"
"RTW82","5M282","O","20020401","X"
"RTW82","5MK82","O","20020401","X"
"RTW83","5M283","O","20020401","X"
"RTW83","5MK83","O","20020401","X"
"RTW84","5MK84","O","20020401","X"
"RTW84","5M284","O","20020401","X"
"RTW85","5MK85","O","20020401","X"
"RTW85","5M285","O","20020401","X"
"RTW86","5MK86","O","20020401","X"
"RTW86","5M286","O","20020401","X"
"RTW87","5MK87","O","20020401","X"
"RTW87","5M287","O","20020401","X"
"RTW88","5MK88","O","20020401","X"
"RTW88","5M288","O","20020401","X"
"RTW89","5M289","O","20020401","X"
"RTW89","5MK89","O","20020401","X"
"RTW90","5M290","O","20020401","X"
"RTW90","5MK90","O","20020401","X"
"RTW91","5MK91","O","20020401","X"
"RTW91","5M291","O","20020401","X"
"RTW92","5M292","O","20020401","X"
"RTW92","5MK92","O","20020401","X"
"RTW93","5MK93","O","20020401","X"
"RTW93","5M293","O","20020401","X"
"RTW94","5M294","O","20020401","X"
"RTW94","5MK94","O","20020401","X"
"RTW95","5M295","O","20020401","X"
"RTW95","5MK95","O","20020401","X"
"RTW96","5M296","O","20020401","X"
"RTW96","5MK96","O","20020401","X"
"RTW97","5M297","O","20020401","X"
"RTW97","5MK97","O","20020401","X"
"RTW98","5M298","O","20020401","X"
"RTW98","5MK98","O","20020401","X"
"RTW99","5M299","O","20020401","X"
"RTW99","5MK99","O","20020401","X"
"RTWA0","5M2A0","O","20020401","X"
"RTWA0","5MKA0","O","20020401","X"
"RTWA1","5M2A1","O","20020401","X"
"RTWA1","5MKA1","O","20020401","X"
"RTWA2","5M2A2","O","20020401","X"
"RTWA2","5MKA2","O","20020401","X"
"RTWA3","5M2A3","O","20020401","X"
"RTWA3","5MKA3","O","20020401","X"
"RTWA4","5M2A4","O","20020401","X"
"RTWA4","5MKA4","O","20020401","X"
"RTWA5","5M2A5","O","20020401","X"
"RTWA5","5MKA5","O","20020401","X"
"RTWA6","5M2A6","O","20020401","X"
"RTWA6","5MKA6","O","20020401","X"
"RTWA7","5M2A7","O","20020401","X"
"RTWA7","5MKA7","O","20020401","X"
"RTWA8","5MKA8","O","20020401","X"
"RTWA8","5M2A8","O","20020401","X"
"RTWA9","5M2A9","O","20020401","X"
"RTWA9","5MKA9","O","20020401","X"
"RTWB0","5M2B0","O","20020401","X"
"RTWB0","5MKB0","O","20020401","X"
"RTWB1","5MKB1","O","20020401","X"
"RTWB1","5M2B1","O","20020401","X"
"RTWB2","5M2B2","O","20020401","X"
"RTWB2","5MKB2","O","20020401","X"
"RTWB3","5MKB3","O","20020401","X"
"RTWB3","5M2B3","O","20020401","X"
"RTWB4","5M2B4","O","20020401","X"
"RTWB4","5MKB4","O","20020401","X"
"RTWB5","5MKB5","O","20020401","X"
"RTWB5","5M2B5","O","20020401","X"
"RTWB6","5MKB6","O","20020401","X"
"RTWB6","5M2B6","O","20020401","X"
"RTWB7","5MKB7","O","20020401","X"
"RTWB7","5M2B7","O","20020401","X"
"RTWB8","5MKB8","O","20020401","X"
"RTWB8","5M2B8","O","20020401","X"
"RTWB9","5MKB9","O","20020401","X"
"RTWB9","5M2B9","O","20020401","X"
"RTWC0","5M2C0","O","20020401","X"
"RTWC0","5MKC0","O","20020401","X"
"RTWC1","5MKC1","O","20020401","X"
"RTWC1","5M2C1","O","20020401","X"
"RTWC2","5MKC2","O","20020401","X"
"RTWC2","5M2C2","O","20020401","X"
"RTWC3","5MKC3","O","20020401","X"
"RTWC3","5M2C3","O","20020401","X"
"RTWC4","5MKC4","O","20020401","X"
"RTWC4","5M2C4","O","20020401","X"
"RTWC5","5M2C5","O","20020401","X"
"RTWC5","5MKC5","O","20020401","X"
"RTWC6","5MKC6","O","20020401","X"
"RTWC6","5M2C6","O","20020401","X"
"RTWC7","5MKC7","O","20020401","X"
"RTWC7","5M2C7","O","20020401","X"
"RTWC8","5M2C8","O","20020401","X"
"RTWC8","5MKC8","O","20020401","X"
"RTWC9","5M2C9","O","20020401","X"
"RTWC9","5MKC9","O","20020401","X"
"RTWD0","5M2D0","O","20020401","X"
"RTWD0","5MKD0","O","20020401","X"
"RTWD1","5MKD1","O","20020401","X"
"RTWD1","5M2D1","O","20020401","X"
"RTWD2","5MKD2","O","20020401","X"
"RTWD2","5M2D2","O","20020401","X"
"RTWD3","5M2D3","O","20020401","X"
"RTWD3","5MKD3","O","20020401","X"
"RTWD4","5MKD4","O","20020401","X"
"RTWD4","5M2D4","O","20020401","X"
"RTWD5","5MKD5","O","20020401","X"
"RTWD5","5M2D5","O","20020401","X"
"RTWD6","5MKD6","O","20020401","X"
"RTWD6","5M2D6","O","20020401","X"
"RTWD7","5MKD7","O","20020401","X"
"RTWD7","5M2D7","O","20020401","X"
"RTWD8","5MKD8","O","20020401","X"
"RTWD8","5M2D8","O","20020401","X"
"RTWD9","5MKD9","O","20020401","X"
"RTWD9","5M2D9","O","20020401","X"
"RTWE0","5M2E0","O","20020401","X"
"RTWE0","5MKE0","O","20020401","X"
"RTWE1","5MKE1","O","20020401","X"
"RTWE1","5M2E1","O","20020401","X"
"RTWE2","5M2E2","O","20020401","X"
"RTWE2","5MKE2","O","20020401","X"
"RTWE3","5M2E3","O","20020401","X"
"RTWE3","5MKE3","O","20020401","X"
"RTWE4","5M2E4","O","20020401","X"
"RTWE4","5MKE4","O","20020401","X"
"RTWE5","5M2E5","O","20020401","X"
"RTWE5","5MKE5","O","20020401","X"
"RTWE6","5M2E6","O","20020401","X"
"RTWE6","5MKE6","O","20020401","X"
"RTWE7","5MKE7","O","20020401","X"
"RTWE7","5M2E7","O","20020401","X"
"RTWE8","5MKE8","O","20020401","X"
"RTWE8","5M2E8","O","20020401","X"
"RTWE9","5M2E9","O","20020401","X"
"RTWE9","5MKE9","O","20020401","X"
"RTWF1","5M2F1","O","20020401","X"
"RTWF1","5MKF1","O","20020401","X"
"RTWF2","5M2F2","O","20020401","X"
"RTWF2","5MKF2","O","20020401","X"
"RTWF3","5MKF3","O","20020401","X"
"RTWF3","5M2F3","O","20020401","X"
"RTWF4","5M2F4","O","20020401","X"
"RTWF4","5MKF4","O","20020401","X"
"RTWZ1","5M2Z1","O","20020401","X"
"RTWZ1","5MKZ1","O","20020401","X"
"RTWZ2","5MKZ2","O","20020401","X"
"RTWZ2","5M2Z2","O","20020401","X"
"RTY","5DD","O","20010401","F"
"RTY01","5DD01","O","20010401","F"
"RTY02","5DD02","O","20010401","F"
"RTY05","5DD3M","O","20010401","F"
"RTY09","5DD09","O","20010401","F"
"RTY10","5DD10","O","20010401","F"
"RTY19","5DD16","O","20010401","F"
"RTY19","5DD19","O","20010401","F"
"RTY22","5DD22","O","20010401","F"
"RTY23","5DD23","O","20010401","F"
"RTY24","5DD24","O","20010401","F"
"RTY25","5DD24","O","20010401","F"
"RTY27","5DD27","O","20010401","F"
"RTY29","5DD29","O","20010401","F"
"RTY32","5DD32","O","20010401","F"
"RTY34","5DD34","O","20010401","F"
"RTY37","5DD37","O","20010401","F"
"RTY38","5DD38","O","20010401","F"
"RTY40","5DD40","O","20010401","F"
"RTY41","5DD41","O","20010401","F"
"RTY44","5DD44","O","20010401","F"
"RTY46","5DD26","O","20010401","F"
"RTY52","5DD1Y","O","20010401","F"
"RTY53","5DD46","O","20010401","F"
"RTY54","5DD56","O","20010401","F"
"RTY55","5DD52","O","20010401","F"
"RTY56","5DD82","O","20010401","F"
"RTY57","5DD4P","O","20010401","F"
"RTY58","5DD59","O","20010401","F"
"RTY60","5DD53","O","20010401","F"
"RTY61","5DD55","O","20010401","F"
"RTY65","5DD3P","O","20010401","X"
"RTY66","5DD1Z","O","20010401","F"
"RTY67","5DD65","O","20010401","F"
"RTY68","5DD70","O","20010401","F"
"RV1","RX8","R","20060701",""
"RV1","RX6","R","20060701",""
"RV101","RX801","R","20060701","X"
"RV102","RX802","R","20060701",""
"RV103","RX803","R","20060701",""
"RV104","RX804","R","20060701",""
"RV117","RX653","R","20060701",""
"RV118","RX654","R","20060701",""
"RV119","RX655","R","20060701",""
"RV120","RX656","R","20060701",""
"RV121","RX657","R","20060701",""
"RV122","RX658","R","20060701",""
"RV123","RX805","R","20060701",""
"RV124","RX806","R","20060701",""
"RV125","RX807","R","20060701",""
"RV126","RX808","R","20060701",""
"RV127","RX809","R","20060701",""
"RV128","RX810","R","20060701",""
"RV129","RX811","R","20060701",""
"RV130","RX812","R","20060701",""
"RV131","RX813","R","20060701","X"
"RV132","RX814","R","20060701",""
"RV133","RX815","R","20060701",""
"RV134","RX816","R","20060701",""
"RV1AB","RX817","R","20060701",""
"RV1AC","RX818","R","20060701",""
"RV1AD","RX819","R","20060701",""
"RV1AE","RX820","R","20060701",""
"RV1AF","RX821","R","20060701",""
"RV1AG","RX822","R","20060701",""
"RV1AH","RX823","R","20060701",""
"RV1AI","RX825","R","20060701",""
"RV1AJ","RX826","R","20060701",""
"RV1AM","RX827","R","20060701",""
"RV1AN","RX828","R","20060701",""
"RV1AO","RX829","R","20060701",""
"RV1AP","RX830","R","20060701",""
"RV2","RKL","R","20010401",""
"RV201","RKL01","R","20010401",""
"RV211","RKL11","R","20010401",""
"RV212","RKL12","R","20010401",""
"RV231","RKL31","R","20010401",""
"RV234","RKL34","R","20010401",""
"RV235","RKL35","R","20010401",""
"RV241","RKL41","R","20010401",""
"RV242","RKL42","R","20010401",""
"RV243","RKL43","R","20010401",""
"RV244","RKL44","R","20010401","X"
"RV245","RKL45","R","20010401",""
"RV246","RKL46","R","20010401","X"
"RV247","RKL47","R","20010401","X"
"RV248","RKL48","R","20010401",""
"RV262","RKL62","R","20010401",""
"RV266","RKL66","R","20010401",""
"RV267","RKL67","R","20010401",""
"RV272","RKL72","R","20010401",""
"RV275","RKL75","R","20010401",""
"RV276","RKL76","R","20010401",""
"RV350","RV361","R","20050401",""
"RV4","5LE","O","20020401","X"
"RV4","5LD","O","20020401","X"
"RV4","5LF","O","20020401","X"
"RV403","5LF01","O","20020401","X"
"RV6","RX9","R","20060701",""
"RV601","RX901","R","20060701",""
"RV602","RX902","R","20060701",""
"RV603","RX903","R","20060701",""
"RV604","RX904","R","20060701",""
"RV605","RX905","R","20060701",""
"RV606","RX906","R","20060701",""
"RV607","RX907","R","20060701",""
"RV608","RX908","R","20060701",""
"RV609","RX909","R","20060701",""
"RV610","RX910","R","20060701",""
"RV611","RX911","R","20060701",""
"RV612","RX912","R","20060701",""
"RV613","RX913","R","20060701",""
"RV614","RX914","R","20060701","X"
"RV615","RX915","R","20060701",""
"RV616","RX916","R","20060701",""
"RV617","RX917","R","20060701",""
"RV618","RX918","R","20060701",""
"RV619","RX919","R","20060701",""
"RV620","RX920","R","20060701",""
"RV621","RX921","R","20060701",""
"RV622","RX922","R","20060701",""
"RV623","RX923","R","20060701","X"
"RV624","RX924","R","20060701",""
"RV625","RX925","R","20060701",""
"RV626","RX926","R","20060701",""
"RV627","RX927","R","20060701",""
"RV628","RX928","R","20060701",""
"RV629","RX929","R","20060701","X"
"RV630","RX930","R","20060701","X"
"RV631","RX931","R","20060701","X"
"RV632","RX932","R","20060701",""
"RV633","RX933","R","20060701","X"
"RV634","RX934","R","20060701","X"
"RV635","RX935","R","20060701","X"
"RV636","RX936","R","20060701","X"
"RV637","RX937","R","20060701",""
"RV638","RX938","R","20060701",""
"RV639","RX939","R","20060701",""
"RV640","RX940","R","20060701",""
"RV641","RX941","R","20060701",""
"RV642","RX942","R","20060701",""
"RV643","RX943","R","20060701","X"
"RV644","RX944","R","20060701",""
"RV645","RX945","R","20060701",""
"RV646","RX946","R","20060701",""
"RV647","RX947","R","20060701",""
"RV7","RWN","R","20100401","F"
"RV70A","5GC01","O","20010401","X"
"RV70C","5GC02","O","20010401","X"
"RV70D","5GC03","O","20010401","X"
"RV70F","5GE01","O","20010401","X"
"RV70G","5GC04","O","20010401","X"
"RV70J","5GE03","O","20010401","F"
"RV70K","5GE04","O","20010401","F"
"RV70L","5GC05","O","20010401","X"
"RV70M","5GE05","O","20010401","F"
"RV70N","5GC06","O","20010401","X"
"RV70P","5GE06","O","20010401","F"
"RV70Q","5GC07","O","20010401","X"
"RV70R","5GE16","O","20031001","F"
"RV70T","5GE18","O","20031001","F"
"RV70V","5GE17","O","20031001","F"
"RV70W","5GD01","O","20010401","F"
"RV70X","5GE07","O","20010401","F"
"RV70Y","5GD02","O","20010401","F"
"RV71A","5GE08","O","20010401","F"
"RV71C","5GE09","O","20010401","F"
"RV71D","5GD03","O","20010401","F"
"RV71F","5GD04","O","20010401","F"
"RV71G","5GE02","O","20010401","F"
"RV71H","5GE10","O","20010401","F"
"RV71K","5GE11","O","20010401","F"
"RV73F","5GD07","O","20020401","F"
"RV77A","5GE12","O","20010401","F"
"RV77C","5GE13","O","20010401","F"
"RV8","R1K","R","20141001",""
"RVA","RYN","R","20080401","F"
"RVAAG","RYNAG","R","20080401","F"
"RVAAH","RYNAH","R","20080401","F"
"RVAAL","RYNAL","R","20080401","F"
"RVAD9","RYND9","R","20080401","F"
"RVAE1","RYNE1","R","20080401","F"
"RVALB","RYNLB","R","20080401","F"
"RVALC","RYNLC","R","20080401","F"
"RVALK","RYNLK","R","20080401","F"
"RVALL","RYNLL","R","20080401","F"
"RVALP","RYNLP","R","20080401","F"
"RVALQ","RYNLQ","R","20080401","F"
"RVALU","RYNLU","R","20080401","F"
"RVALV","RYNLV","R","20080401","F"
"RVALW","RYNLW","R","20080401","F"
"RVALY","RYNLY","R","20080401","F"
"RVAM1","RYNM1","R","20080401","F"
"RVAM4","RYNM4","R","20080401","F"
"RVAMD","RYNMD","R","20080401","F"
"RVAME","RYNME","R","20080401","F"
"RVAMF","RYNMF","R","20080401","F"
"RVAMG","RYNMG","R","20080401","F"
"RVAMH","RYNMH","R","20080401","F"
"RVAMJ","RYNMJ","R","20080401","F"
"RVAPL","RYNPL","R","20080401","F"
"RVAPN","RYNPN","R","20080401","F"
"RVAPR","RYNPR","R","20080401","F"
"RVAPS","RYNPS","R","20080401","F"
"RVAPV","RYNPV","R","20080401","F"
"RVAPW","RYNPW","R","20080401","F"
"RVAQK","RYNQK","R","20080401","F"
"RVAQM","RYNQM","R","20080401","F"
"RVAQN","RYNQN","R","20080401","F"
"RVAQP","RYNQP","R","20080401","F"
"RVAQQ","RYNQQ","R","20080401","F"
"RVAQR","RYNQR","R","20080401","F"
"RVAQT","RYNQT","R","20080401","F"
"RVAQU","RYNQU","R","20080401","F"
"RVAQV","RYNQV","R","20080401","F"
"RVAQW","RYNQW","R","20080401","F"
"RVAQX","RYNQX","R","20080401","F"
"RVAQY","RYNQY","R","20080401","F"
"RVAQZ","RYNQZ","R","20080401","F"
"RVAR1","RYNR1","R","20080401","F"
"RVAR2","RYNR2","R","20080401","F"
"RVAR3","RYNR3","R","20080401","F"
"RVAR4","RYNR4","R","20080401","F"
"RVARD","RYNRD","R","20080401","F"
"RVARE","RYNRE","R","20080401","F"
"RVC","RYM","R","20080401","F"
"RVC4P","RVD4P","R","20011201","F"
"RVC5L","RYM5L","R","20080401","F"
"RVCC4","RYMC4","R","20080401","F"
"RVCC5","RYMC5","R","20080401","F"
"RVCC6","RYMC6","R","20080401","F"
"RVCC7","RYMC7","R","20080401","F"
"RVCC8","RYMC8","R","20080401","F"
"RVCDQ","RYMDQ","R","20080401","F"
"RVCEM","RYMEM","R","20080401","F"
"RVCFJ","RYMFJ","R","20080401","F"
"RVCFK","RYMFK","R","20080401","F"
"RVCK5","RYMK5","R","20080401","F"
"RVCK6","RYMK6","R","20080401","F"
"RVCK8","RYMK8","R","20080401","F"
"RVCKC","RYMKC","R","20080401","F"
"RVCMA","RYMMA","R","20080401","F"
"RVCPC","RYMPC","R","20080401","F"
"RVCPE","RYMPH","R","20080401","F"
"RVCPF","RYMPF","R","20080401","F"
"RVCPG","RYMPG","R","20080401","F"
"RVCPM","RYMPM","R","20080401","F"
"RVCPP","RYMPP","R","20080401","F"
"RVCPR","RYMPR","R","20080401","F"
"RVCPT","RYMPT","R","20080401","F"
"RVCPW","RYMPW","R","20080401","F"
"RVCQ1","RYMQ1","R","20080401","F"
"RVCQ3","RYMQ3","R","20080401","F"
"RVCQ7","RYMQ7","R","20080401","F"
"RVCQC","RYMQC","R","20080401","F"
"RVCQD","RYMQD","R","20080401","F"
"RVCQE","RYMQE","R","20080401","F"
"RVCQG","RYMQG","R","20080401","F"
"RVCQH","RYMQH","R","20080401","F"
"RVCQK","RYMQK","R","20080401","F"
"RVCQQ","RYMQQ","R","20080401","F"
"RVCQT","RYMQT","R","20080401","F"
"RVCR1","RYMR1","R","20080401","F"
"RVCR3","RYMR3","R","20080401","F"
"RVCR5","RYMR5","R","20080401","F"
"RVCR9","RYMR9","R","20080401","F"
"RVCRB","RYMRB","R","20080401","F"
"RVCRE","RYMRE","R","20080401","F"
"RVCRG","RYMRG","R","20080401","F"
"RVCZC","RYMZC","R","20080401","F"
"RVD","RYM","R","20080401","F"
"RVD3Y","RYM3Y","R","20080401","F"
"RVD46","RYM46","R","20080401","F"
"RVD4P","RYM4P","R","20080401","F"
"RVD4U","RYM4U","R","20080401","F"
"RVD9S","RYM9S","R","20080401","F"
"RVD9U","RYM9U","R","20080401","F"
"RVDB7","RYMB7","R","20080401","F"
"RVDB9","RYMB9","R","20080401","F"
"RVDC9","RVDCJ","R","20021202","F"
"RVDCA","RVDCJ","R","20021202","F"
"RVDCJ","RYMCJ","R","20080401","F"
"RVDDH","RYMDH","R","20080401","F"
"RVDDR","RYMDR","R","20080401","F"
"RVDFA","RYMFA","R","20080401","F"
"RVDFL","RYMFL","R","20080401","F"
"RVDFV","RYMFV","R","20080401","F"
"RVDG8","RYMG8","R","20080401","F"
"RVDGD","RYMGD","R","20080401","F"
"RVDGK","RYMGK","R","20080401","F"
"RVDGL","RYMGL","R","20080401","F"
"RVDGM","RYMGM","R","20080401","F"
"RVDGN","RYMGN","R","20080401","F"
"RVDGP","RYMGP","R","20080401","F"
"RVDGQ","RYMGQ","R","20080401","F"
"RVDGS","RYMGS","R","20080401","F"
"RVDGT","RYMGT","R","20080401","F"
"RVDGU","RYMGU","R","20080401","F"
"RVDGW","RYMGW","R","20080401","F"
"RVDJW","RYMJW","R","20080401","F"
"RVDJX","RYMJX","R","20080401","F"
"RVDJY","RYMJY","R","20080401","F"
"RVDK7","RYMK7","R","20080401","F"
"RVDKB","RYMKB","R","20080401","F"
"RVDLA","RYMLA","R","20080401","F"
"RVDLB","RYMLB","R","20080401","F"
"RVDLZ","RYMLZ","R","20080401","F"
"RVDMX","RYMMX","R","20080401","F"
"RVDNA","RYMNA","R","20080401","F"
"RVDNB","RYMNB","R","20080401","F"
"RVDNC","RYMNC","R","20080401","F"
"RVDND","RYMND","R","20080401","F"
"RVDNE","RYMNE","R","20080401","F"
"RVDNF","RYMNF","R","20080401","F"
"RVDNH","RVDNP","R","20011126","F"
"RVDNJ","RYMNJ","R","20080401","F"
"RVDNP","RYMNP","R","20080401","F"
"RVDNQ","RYMNQ","R","20080401","F"
"RVDNR","RYMNR","R","20080401","F"
"RVDNZ","RYMNZ","R","20080401","F"
"RVDP7","RYMP7","R","20080401","F"
"RVDP9","RVDNQ","R","20010106","F"
"RVDPA","RYMPA","R","20080401","F"
"RVDPB","RYMPB","R","20080401","F"
"RVDPD","RYMPD","R","20080401","F"
"RVDPE","RYMPE","R","20080401","F"
"RVDPJ","RYMPJ","R","20080401","F"
"RVDPK","RYMPK","R","20080401","F"
"RVDPL","RYMPL","R","20080401","F"
"RVDPN","RYMPN","R","20080401","F"
"RVDPQ","RYMPQ","R","20080401","F"
"RVDPV","RYMPV","R","20080401","F"
"RVDPX","RYMPX","R","20080401","F"
"RVDPY","RYMPY","R","20080401","F"
"RVDPZ","RYMPZ","R","20080401","F"
"RVDQ5","RYMQ5","R","20080401","F"
"RVDQ6","RYMQ6","R","20080401","F"
"RVDQ9","RYMQ9","R","20080401","F"
"RVDQA","RYMQA","R","20080401","F"
"RVDQF","RYMQF","R","20080401","F"
"RVDQJ","RYMQJ","R","20080401","F"
"RVDQM","RYMQM","R","20080401","F"
"RVDQN","RYMQN","R","20080401","F"
"RVDQS","RYMQS","R","20080401","F"
"RVDQU","RYMQU","R","20080401","F"
"RVDQV","RYMQV","R","20080401","F"
"RVDQW","RYMQW","R","20080401","F"
"RVDQZ","RYMQZ","R","20080401","F"
"RVDR4","RYMR4","R","20080401","F"
"RVDR6","RYMR6","R","20080401","F"
"RVDR7","RYMR7","R","20080401","F"
"RVDRA","RYMRA","R","20080401","F"
"RVDRC","RYMRC","R","20080401","F"
"RVDRU","RYMRU","R","20080401","F"
"RVDT6","RYMT6","R","20080401","F"
"RVDT7","RYMT7","R","20080401","F"
"RVDT8","RYMT8","R","20080401","F"
"RVDWL","RYMWL","R","20080401","F"
"RVE","RYL","R","20080401","F"
"RVE4A","RYL4A","R","20080401","F"
"RVE4Y","RYL4Y","R","20080401","F"
"RVE4Z","RYL4Z","R","20080401","F"
"RVE5A","RYL5A","R","20080401","F"
"RVE5B","RYL5B","R","20080401","F"
"RVE5C","RYL5C","R","20080401","F"
"RVE5D","RYL5D","R","20080401","F"
"RVEB1","RYLB1","R","20080401","F"
"RVEBA","RYLBA","R","20080401","F"
"RVEBJ","RVEB1","R","19991201","F"
"RVEBK","RYLBK","R","20080401","F"
"RVEDK","RYLDK","R","20080401","F"
"RVEDV","RYLDV","R","20080401","F"
"RVEFH","RYLFH","R","20080401","F"
"RVEFM","RVEFH","R","20040501","F"
"RVEK2","RYLK2","R","20080401","F"
"RVENK","RYLNK","R","20080401","F"
"RVENM","RYLNM","R","20080401","F"
"RVENN","RYLNN","R","20080401","F"
"RVENP","RYLNP","R","20080401","F"
"RVENQ","RYLNQ","R","20080401","F"
"RVENT","RYLNT","R","20080401","F"
"RVENV","RYLNV","R","20080401","F"
"RVENW","RYLNW","R","20080401","F"
"RVENX","RYLNX","R","20080401","F"
"RVENY","RYLNY","R","20080401","F"
"RVEP1","RYLP1","R","20080401","F"
"RVEPB","RYLPB","R","20080401","F"
"RVEQF","RYLQF","R","20080401","F"
"RVEQH","RYLQH","R","20080401","F"
"RVEQK","RYLQK","R","20080401","F"
"RVER2","RYLR2","R","20080401","F"
"RVERN","RYLRN","R","20080401","F"
"RVERP","RYLRP","R","20080401","F"
"RVERQ","RYLRQ","R","20080401","F"
"RVERR","RYLRR","R","20080401","F"
"RVF","7A6","O","20091001",""
"RVF11","7A611","O","20091001","X"
"RVF13","7A613","O","20091001","X"
"RVF14","7A614","O","20091001",""
"RVF15","7A615","O","20091001","X"
"RVF1F","7A61F","O","20091001","X"
"RVF1G","7A61G","O","20091001","X"
"RVF1M","7A61M","O","20091001","X"
"RVF4H","7A64H","O","20091001","X"
"RVF4K","7A64K","O","20091001","X"
"RVF4L","7A64L","O","20091001","X"
"RVF4M","7A64M","O","20091001","X"
"RVF4N","7A64N","O","20091001","X"
"RVF4T","7A64T","O","20091001",""
"RVF4W","7A64W","O","20091001","X"
"RVF51","7A651","O","20091001","X"
"RVF52","7A652","O","20091001","X"
"RVF54","7A654","O","20091001","X"
"RVF55","7A655","O","20091001","X"
"RVF56","7A656","O","20091001","X"
"RVF57","7A657","O","20091001","X"
"RVF58","7A658","O","20091001","X"
"RVF59","7A659","O","20091001","X"
"RVF5G","7A65G","O","20091001","X"
"RVF5U","7A65U","O","20091001","X"
"RVF5W","7A65W","O","20091001","X"
"RVF5X","7A65X","O","20091001","X"
"RVF5Z","7A65Z","O","20091001",""
"RVFAM","7A6AM","O","20091001",""
"RVFAR","7A6AR","O","20091001",""
"RVFAS","7A6AS","O","20091001",""
"RVFAT","7A6AT","O","20091001",""
"RVFBE","7A6BE","O","20091001",""
"RVFBF","7A6BF","O","20091001","X"
"RVFBG","7A6BG","O","20091001","X"
"RVFBH","7A6BH","O","20091001","X"
"RVFBJ","7A6BJ","O","20091001",""
"RVFE3","7A6E3","O","20091001","X"
"RVFE8","7A6E8","O","20091001","X"
"RVFEE","7A6EE","O","20091001","X"
"RVFES","7A6ES","O","20091001","X"
"RVFF2","7A6F2","O","20091001","X"
"RVFF7","7A6F7","O","20091001",""
"RVFFN","7A6FN","O","20091001",""
"RVFFP","7A6FP","O","20091001","X"
"RVFFQ","7A6FQ","O","20091001","X"
"RVFFR","7A6FR","O","20091001",""
"RVFG2","7A6G2","O","20091001","X"
"RVFG3","7A6G3","O","20091001","X"
"RVFG4","7A6G4","O","20091001",""
"RVFG5","7A6G5","O","20091001",""
"RVFG6","7A6G6","O","20091001","X"
"RVFGV","7A6GV","O","20091001","X"
"RVFJC","7A6JC","O","20091001",""
"RVFJE","7A6JE","O","20091001","X"
"RVFJH","7A6JH","O","20091001","X"
"RVFK1","7A6K1","O","20091001","X"
"RVFKY","7A6KY","O","20091001","X"
"RVFKZ","7A6KZ","O","20091001",""
"RVFL1","7A6L1","O","20091001","X"
"RVFL2","7A6L2","O","20091001","X"
"RVFL3","7A6L3","O","20091001","X"
"RVFL4","7A6L4","O","20091001","X"
"RVFL5","7A6L5","O","20091001","X"
"RVFL6","7A6L6","O","20091001","X"
"RVFL7","7A6L7","O","20091001","X"
"RVFL8","7A6L8","O","20091001","X"
"RVFL9","7A6L9","O","20091001","X"
"RVFLA","7A6LA","O","20091001","X"
"RVFLB","7A6LB","O","20091001","X"
"RVFLC","7A6LC","O","20091001","X"
"RVFLD","7A6LD","O","20091001","X"
"RVFLF","7A6LF","O","20091001","X"
"RVFLG","7A6LG","O","20091001","X"
"RVFLH","7A6LH","O","20091001","X"
"RVFLK","7A6LK","O","20091001","X"
"RVFLL","7A6LL","O","20091001","X"
"RVFLM","7A6LM","O","20091001","X"
"RVFLN","7A6LN","O","20091001","X"
"RVFLP","7A6LP","O","20091001","X"
"RVFLR","7A6LR","O","20091001","X"
"RVFLS","7A6LS","O","20091001","X"
"RVFLU","7A6LU","O","20091001","X"
"RVFLV","7A6LV","O","20091001","X"
"RVFLW","7A6LW","O","20091001","X"
"RVFLX","7A6LX","O","20091001","X"
"RVFLY","7A6LY","O","20091001","X"
"RVFLZ","7A6LZ","O","20091001","X"
"RVFM1","7A6M1","O","20091001","X"
"RVFM2","7A6M2","O","20091001","X"
"RVFM3","7A6M3","O","20091001","X"
"RVFM4","7A6M4","O","20091001","X"
"RVFM5","7A6M5","O","20091001",""
"RVFM6","7A6M6","O","20091001","X"
"RVFM7","7A6M7","O","20091001","X"
"RVFM8","7A6M8","O","20091001","X"
"RVFM9","7A6M9","O","20091001","X"
"RVFMA","7A6MA","O","20091001","X"
"RVFMB","7A6MB","O","20091001","X"
"RVFMC","7A6MC","O","20091001","X"
"RVFMD","7A6MD","O","20091001","X"
"RVFML","7A6ML","O","20091001",""
"RVFMU","7A6MU","O","20091001","X"
"RVFQG","7A6QG","O","20091001",""
"RVG","RWM","R","20000401","F"
"RVG17","RWM17","R","20000401","F"
"RVG3U","RWM3U","R","20000401","F"
"RVG3W","RWM3W","R","20000401","F"
"RVG3Z","RWM3Z","R","20000401","F"
"RVG47","RWM47","R","20000401","X"
"RVG4B","RWM4B","R","20000401","F"
"RVG5K","RWM5K","R","20000401","F"
"RVG5Q","RWM5Q","R","20000401","F"
"RVGBV","RWMBV","R","20000401","F"
"RVGBW","RWMBW","R","20000401","F"
"RVGBX","RWMBX","R","20000401","F"
"RVGC1","RWMC1","R","20000401","F"
"RVGCH","RWMCH","R","20000401","F"
"RVGMJ","RWMMJ","R","20000401","F"
"RVGMN","RWMMN","R","20000401","F"
"RVGR9","RWMR9","R","20000401","F"
"RVGVY","RWMVY","R","20000401","F"
"RVH","RWM","R","20000401","F"
"RVH18","RWM18","R","20000401","F"
"RVH3T","RWM3T","R","20000401","F"
"RVH3V","RWM3V","R","20000401","F"
"RVH3X","RWM3X","R","20000401","F"
"RVH41","RWM41","R","20000401","X"
"RVH42","RWM42","R","20000401","F"
"RVH43","RWM43","R","20000401","F"
"RVH44","RWM44","R","20000401","F"
"RVH45","RWM45","R","20000401","F"
"RVH48","RWM48","R","20000401","F"
"RVH49","RWM49","R","20000401","F"
"RVH4A","RWM4A","R","20000401","F"
"RVH4C","RWM4C","R","20000401","F"
"RVH4D","RWM4D","R","20000401","F"
"RVH4E","RWM4E","R","20000401","F"
"RVH4F","RWM4F","R","20000401","F"
"RVH4G","RWM4G","R","20000401","F"
"RVH4U","RWM4U","R","20000401","F"
"RVH51","RWM51","R","20000401","F"
"RVH5J","RWM5J","R","20000401","F"
"RVHC3","RWMC3","R","20000401","F"
"RVHEL","RWMEL","R","20000401","X"
"RVHFF","RWMFF","R","20000401","F"
"RVHFG","RWMFG","R","20000401","X"
"RVHFJ","RWMFJ","R","20000401","F"
"RVHJ6","RWMJ6","R","20000401","F"
"RVHLE","RWMLE","R","20000401","F"
"RVHLL","RWMLL","R","20000401","X"
"RVHMK","RWMMK","R","20000401","F"
"RVHMP","RWMMP","R","20000401","F"
"RVHPA","RWMPA","R","20000401","F"
"RVHPC","RWMPC","R","20000401","F"
"RVHQ9","RWMQ9","R","20000401","F"
"RVHQA","RWMQA","R","20000401","X"
"RVHQB","RWMQB","R","20000401","F"
"RVHRA","RWMRA","R","20000401","F"
"RVHRC","RWMRC","R","20000401","F"
"RVHRK","RWMRK","R","20000401","F"
"RVHRT","RWMRT","R","20000401","F"
"RVK","RX6","R","20060701",""
"RVK01","RX601","R","20060701",""
"RVK02","RX602","R","20060701",""
"RVK04","RX604","R","20060701",""
"RVK05","RX605","R","20060701",""
"RVK06","RX606","R","20060701",""
"RVK07","RX607","R","20060701",""
"RVK08","RX608","R","20060701",""
"RVK09","RX609","R","20060701",""
"RVK10","RX610","R","20060701",""
"RVK11","RX611","R","20060701",""
"RVK12","RX612","R","20060701",""
"RVK13","RX613","R","20060701",""
"RVK14","RX614","R","20060701",""
"RVK15","RX615","R","20060701",""
"RVK16","RX616","R","20060701",""
"RVK17","RX617","R","20060701",""
"RVK18","RX618","R","20060701",""
"RVK19","RX619","R","20060701",""
"RVK20","RX620","R","20060701",""
"RVK21","RX621","R","20060701",""
"RVK22","RX622","R","20060701",""
"RVK23","RX623","R","20060701",""
"RVK24","RX624","R","20060701",""
"RVK25","RX625","R","20060701",""
"RVK26","RX626","R","20060701",""
"RVK27","RX627","R","20060701",""
"RVK28","RX628","R","20060701",""
"RVK29","RX629","R","20060701",""
"RVK30","RX630","R","20060701",""
"RVK31","RX631","R","20060701",""
"RVK32","RX632","R","20060701",""
"RVK33","RX633","R","20060701",""
"RVK34","RX634","R","20060701",""
"RVK35","RX635","R","20060701",""
"RVK36","RX636","R","20060701",""
"RVK37","RX637","R","20060701",""
"RVK38","RX638","R","20060701",""
"RVK39","RX639","R","20060701",""
"RVK40","RX640","R","20060701",""
"RVK41","RX641","R","20060701",""
"RVK42","RX642","R","20060701",""
"RVK43","RX643","R","20060701",""
"RVK44","RX644","R","20060701",""
"RVK45","RX645","R","20060701",""
"RVK46","RX646","R","20060701",""
"RVK47","RX647","R","20060701",""
"RVK48","RX648","R","20060701",""
"RVK49","RX649","R","20060701",""
"RVK50","RX650","R","20060701",""
"RVK51","RX651","R","20060701",""
"RVK52","RX652","R","20060701",""
"RVL","RAL","R","20140702",""
"RVM","5M6","O","20020401","X"
"RVM","5LG","O","20020401","X"
"RVM","5M7","O","20020401","X"
"RVM01","5LG01","O","20020401","X"
"RVM02","5M701","O","20020401","X"
"RVM03","5LG02","O","20020401","X"
"RVM04","5M702","O","20020401","X"
"RVP","5D3","O","20010401","F"
"RVP","5D2","O","20010401","F"
"RVP","RP7","R","20010401",""
"RVPDC","RP7DC","R","20010401",""
"RVPDD","RP7DD","R","20010401",""
"RVPDE","RP7DE","R","20010401","X"
"RVPDG","RP7DG","R","20010401",""
"RVPDH","RP7DH","R","20010401","X"
"RVPKA","RP7KA","R","20010401","X"
"RVPLA","RP7LA","R","20010401",""
"RVPLB","RP7LB","R","20010401","X"
"RVPLC","RP7LC","R","20010401",""
"RVPLD","RP7LD","R","20010401","X"
"RVPLE","RP7LE","R","20010401","X"
"RVPLG","RP7LG","R","20010401","X"
"RVPLH","RP7LH","R","20010401","X"
"RVPLJ","RP7LJ","R","20010401","X"
"RVPLP","RP7LP","R","20010401",""
"RVPLR","RP7LR","R","20010401","X"
"RVPLT","RP7LT","R","20010401","X"
"RVPLT","5D304","O","20010401","F"
"RVPLW","5D303","O","20010401","F"
"RVPLW","RP7LW","R","20010401","X"
"RVPLY","RP7LY","R","20010401","X"
"RVPLZ","RP7LZ","R","20010401","X"
"RVPMA","RP7MA","R","20010401",""
"RVPMB","RP7MB","R","20010401",""
"RVPMC","RP7MC","R","20010401",""
"RVPMD","RP7MD","R","20010401","X"
"RVPMG","RP7MG","R","20010401","X"
"RVPMH","RP7MH","R","20010401","X"
"RVPMJ","RP7MJ","R","20010401","X"
"RVPMK","RP7MK","R","20010401","X"
"RVPML","RP7ML","R","20010401","X"
"RVPMN","RP7MN","R","20010401","X"
"RVPMP","RP7MP","R","20010401","X"
"RVPMR","RP7MR","R","20010401","X"
"RVPMR","5D301","O","20010401","F"
"RVPMT","5D302","O","20010401","F"
"RVPMT","RP7MT","R","20010401","X"
"RVPMW","RP7MW","R","20010401","X"
"RVPMX","RP7MX","R","20010401","X"
"RVPMY","RP7MY","R","20010401",""
"RVPNA","RP7NA","R","20010401","X"
"RVPNB","RP7NB","R","20010401","X"
"RVPNG","RP7NG","R","20010401","X"
"RVPNH","RP7NH","R","20010401","X"
"RVPNM","RP7NM","R","20010401","X"
"RVPNW","RP7NW","R","20010401","X"
"RVPNY","RP7NY","R","20010401","X"
"RVPPA","RP7PA","R","20010401","X"
"RVPPB","RP7PB","R","20010401","X"
"RVPPC","RP7PC","R","20010401","X"
"RVPRD","RP7RD","R","20010401","X"
"RVPWA","RP7WA","R","20010401","X"
"RVPWA","5D305","O","20010401","F"
"RVPWB","RP7WB","R","20010401","X"
"RVPWC","RP7WC","R","20010401",""
"RVPWD","RP7WD","R","20010401","X"
"RVPWE","RP7WE","R","20010401","X"
"RVPWF","RP7WF","R","20010401","X"
"RVPWG","RP7WG","R","20010401","X"
"RVPWH","RP7WH","R","20010401",""
"RVPWK","RP7WK","R","20010401",""
"RVPWN","RP7WN","R","20010401","X"
"RVQ","5K3","O","20020401","X"
"RVQ","5K4","O","20020401","F"
"RVQ","5DJ","O","20020401","F"
"RVQ","5DH","O","20020401","F"
"RVQ03","5K403","O","20020401","F"
"RVQ04","5DH02","O","20020401","F"
"RVQ05","5DH01","O","20020401","F"
"RVQ06","5DH03","O","20020401","F"
"RVQ07","5K402","O","20020401","F"
"RVQ08","5DH04","O","20020401","F"
"RVQ10","5K401","O","20020401","F"
"RVQ11","5DH05","O","20020401","X"
"RVQ18","RVN8A","R","20001001",""
"RVQ20","5K306","O","20020401","X"
"RVQ27","RVN8E","R","20001001","X"
"RVQ33","5K412","O","20020401","F"
"RVQ34","5K423","O","20020401","X"
"RVQ37","RVN8B","R","20001001",""
"RVQ41","5K304","O","20020401","X"
"RVQ42","5K302","O","20020401","X"
"RVQ43","5K305","O","20020401","X"
"RVQ44","5K410","O","20020401","X"
"RVQ46","5K413","O","20020401","F"
"RVQ49","5DH06","O","20020401","F"
"RVQ50","RVN8I","R","20001001","X"
"RVQ51","5K303","O","20020401","X"
"RVQ52","5K314","O","20020401","X"
"RVQ52","5K426","O","20020401","X"
"RVQ53","RVN8G","R","20001001","X"
"RVQ60","5K421","O","20020401","F"
"RVQ65","RVN8D","R","20001001",""
"RVQ68","5K312","O","20020401","X"
"RVQ71","5K422","O","20020401","X"
"RVQ72","5K309","O","20020401","X"
"RVQ73","5K311","O","20020401","X"
"RVQ89","5DH07","O","20020401","F"
"RVQ91","5K406","O","20020401","F"
"RVQ92","5K407","O","20020401","F"
"RVQ93","5K408","O","20020401","F"
"RVQ94","5K409","O","20020401","F"
"RVQ95","5K411","O","20020401","F"
"RVR40","RVRTC","R","20031203",""
"RVT","RW5","R","20020401",""
"RVT","RW4","R","20020401",""
"RVT02","5F315","O","20010401","F"
"RVT03","5F304","O","20010401","F"
"RVT04","5F302","O","20010401","X"
"RVT05","5F317","O","20010401","F"
"RVT06","5F303","O","20010401","F"
"RVT07","5F301","O","20010401","F"
"RVT08","5F318","O","20010401","F"
"RVT09","5F313","O","20010401","F"
"RVT10","5F314","O","20010401","F"
"RVT11","5F901","O","20010401","F"
"RVT12","5F902","O","20010401","F"
"RVT13","5F905","O","20010401","F"
"RVT15","5F904","O","20010401","F"
"RVT16","5F906","O","20010401","F"
"RVT17","5F319","O","20010401","X"
"RVT18","5F903","O","20010401","F"
"RVT19","5F907","O","20010401","F"
"RVT23","5F309","O","20010401","F"
"RVT24","5F308","O","20010401","F"
"RVT25","5F312","O","20010401","X"
"RVT26","5F311","O","20010401","F"
"RVT27","5F310","O","20010401","F"
"RVT36","5F316","O","20010401","X"
"RVT38","5F307","O","20010401","X"
"RVT39","5F306","O","20010401","F"
"RVT40","5F305","O","20010401","F"
"RVV04","RVV10","R","19990501",""
"RVV41","RVV54","R","20041001",""
"RVV42","RVV55","R","20041001",""
"RVV43","RVV56","R","20041001","X"
"RVV44","RVV57","R","20041001",""
"RVV45","RVV58","R","20041001",""
"RVV46","RVV59","R","20041001",""
"RVV47","RVV60","R","20041001",""
"RVVDN","RVVD3","R","20041001",""
"RVX","RX3","R","20060401",""
"RVXAA","RX3EW","R","20060401",""
"RVXAC","RX3EX","R","20060401",""
"RVXAD","RX3EY","R","20060401",""
"RVXAE","RX3FA","R","20060401",""
"RVXAF","RX3FC","R","20060401",""
"RVXAG","RX3FD","R","20060401",""
"RVXAH","RX3FE","R","20060401",""
"RVXAJ","RX3FF","R","20060401",""
"RVXAK","RVXEQ","R","20041201","F"
"RVXAL","RX3FG","R","20060401",""
"RVXAM","RX3FH","R","20060401","X"
"RVXAN","RX3FJ","R","20060401","X"
"RVXAP","RX3FK","R","20060401",""
"RVXAS","RX3FL","R","20060401","X"
"RVXAT","RX3FM","R","20060401",""
"RVXAU","RX3FN","R","20060401",""
"RVXAV","RX4FP","R","20060401","X"
"RVXAV","RX3FQ","R","20060401","X"
"RVXAV","RX3FP","R","20060401","X"
"RVXAX","RX3NA","R","20060401","X"
"RVXBC","RX3FR","R","20060401",""
"RVXBE","RX3FT","R","20060401",""
"RVXCA","RX3MY","R","20060401",""
"RVXCC","RX3FV","R","20060401",""
"RVXCD","RX3FW","R","20060401",""
"RVXCE","RX3FX","R","20060401",""
"RVXCF","RX3FY","R","20060401",""
"RVXCG","RX3GA","R","20060401","X"
"RVXCH","RX3GC","R","20060401",""
"RVXCJ","RX3GD","R","20060401",""
"RVXCK","RX3GE","R","20060401",""
"RVXCL","RX3GF","R","20060401","X"
"RVXCM","RX3GG","R","20060401",""
"RVXCN","RX3GH","R","20060401",""
"RVXCP","RX3GJ","R","20060401",""
"RVXCQ","RX3GK","R","20060401",""
"RVXCR","RX3GL","R","20060401",""
"RVXCT","RX3GM","R","20060401",""
"RVXCW","RX3NC","R","20060401",""
"RVXCX","RX3ND","R","20060401",""
"RVXCY","RX3GN","R","20060401","X"
"RVXDA","RX3GP","R","20060401","X"
"RVXDC","RX3GQ","R","20060401",""
"RVXDD","RX3GR","R","20060401","X"
"RVXDE","RX3GT","R","20060401",""
"RVXDF","RX3MR","R","20060401",""
"RVXDG","RX3GV","R","20060401","X"
"RVXDH","RX3GW","R","20060401",""
"RVXDJ","RX3GX","R","20060401",""
"RVXDK","RX3GY","R","20060401",""
"RVXDL","RX3HA","R","20060401",""
"RVXDM","RX3HC","R","20060401",""
"RVXDN","RX3HD","R","20060401",""
"RVXDP","RX3HE","R","20060401",""
"RVXDQ","RX3HF","R","20060401",""
"RVXDR","RX3HG","R","20060401",""
"RVXDT","RX3HH","R","20060401","X"
"RVXDV","RX3HJ","R","20060401",""
"RVXDW","RX3HK","R","20060401",""
"RVXDX","RX3HL","R","20060401",""
"RVXDY","RX3HM","R","20060401","X"
"RVXEA","RX3HN","R","20060401","X"
"RVXED","RX3HQ","R","20060401",""
"RVXEE","RX3HR","R","20060401",""
"RVXEG","RX3HT","R","20060401","X"
"RVXEJ","RX3MX","R","20060401","X"
"RVXEQ","RX3HV","R","20060401",""
"RVXEW","RX3HW","R","20060401",""
"RVXFA","RX3HX","R","20060401","X"
"RVXFH","RX3HY","R","20060401","X"
"RVXFL","RX3JA","R","20060401",""
"RVXFM","RX3JC","R","20060401","X"
"RVXFQ","RX3JD","R","20060401","X"
"RVXFR","RX3JE","R","20060401",""
"RVXFT","RX3JF","R","20060401",""
"RVXFX","RX3JG","R","20060401","X"
"RVXGA","RX3JH","R","20060401",""
"RVXGF","RX3JJ","R","20060401",""
"RVXGG","RX3JK","R","20060401",""
"RVXGJ","RX3JL","R","20060401",""
"RVXGK","RX3JM","R","20060401",""
"RVXGL","RX3JN","R","20060401","X"
"RVXGR","RX3JP","R","20060401","X"
"RVXGW","RX3JQ","R","20060401",""
"RVXGX","RX3JR","R","20060401",""
"RVXHD","RX3JT","R","20060401",""
"RVXHF","RX3JV","R","20060401",""
"RVXHG","RX3JW","R","20060401","X"
"RVXHH","RX3JX","R","20060401","X"
"RVXHJ","RX3JY","R","20060401","X"
"RVXHK","RX3KA","R","20060401",""
"RVXHL","RX3KC","R","20060401",""
"RVXHM","RX3KD","R","20060401",""
"RVXKB","RX3KF","R","20060401",""
"RVXLS","RX3KG","R","20060401",""
"RVXMB","RX3KH","R","20060401",""
"RVXMH","RX3KJ","R","20060401",""
"RVXMP","RX3KK","R","20060401",""
"RVXNR","RX3KL","R","20060401",""
"RVXOH","RX3KM","R","20060401",""
"RVXOW","RX3KN","R","20060401",""
"RVXPD","RX3KP","R","20060401",""
"RVXPR","RX3KQ","R","20060401",""
"RVXPS","RX3KR","R","20060401",""
"RVXQW","RX3KT","R","20060401","X"
"RVXRL","RX3MV","R","20060401",""
"RVXSA","RX3KV","R","20060401",""
"RVXSC","RX3KW","R","20060401",""
"RVXSH","RX3KX","R","20060401",""
"RVXSL","RX3KY","R","20060401","X"
"RVXST","RX3LA","R","20060401","X"
"RVXTK","RX3LC","R","20060401","X"
"RVXTR","RX3LD","R","20060401",""
"RVXTZ","RX3LE","R","20060401",""
"RVXWL","RX3LF","R","20060401",""
"RVXWS","RX3LG","R","20060401",""
"RVXXY","RX3LH","R","20060401","X"
"RVXYL","RX3LJ","R","20060401","X"
"RVY","RBN","R","20230701",""
"RW1B9","RW181","R","20030401",""
"RW1C2","RW183","R","20030401",""
"RW1H2","RW184","R","20030401",""
"RW1H3","RW185","R","20030401",""
"RW1OV","RW182","R","20030401",""
"RW1ST","RW159","R","20030401",""
"RW2","RXM","R","20020401",""
"RW201","RXM01","R","20020401","X"
"RW202","RXM02","R","20020401",""
"RW203","RXM03","R","20020401","X"
"RW204","RXM04","R","20020401","X"
"RW205","RXM05","R","20020401",""
"RW206","RXM06","R","20020401","X"
"RW208","RXM08","R","20020401","X"
"RW209","RXM09","R","20020401","X"
"RW210","RXM10","R","20020401",""
"RW211","RXM11","R","20020401",""
"RW212","RXM12","R","20020401",""
"RW213","RXM13","R","20020401","X"
"RW214","RXM14","R","20020401",""
"RW215","RXM15","R","20020401","X"
"RW216","RXM16","R","20020401",""
"RW217","RXM17","R","20020401","X"
"RW218","RXM18","R","20020401",""
"RW220","RXM20","R","20020401","X"
"RW221","RXM21","R","20020401",""
"RW222","RXM22","R","20020401",""
"RW228","RXM28","R","20020401",""
"RW229","RXM29","R","20020401","X"
"RW241","RXM41","R","20020401","X"
"RW242","RXM42","R","20020401",""
"RW3","R0A","R","20171001",""
"RW301","RW3MR","R","20030401","X"
"RW5AB","RW5AD","R","20040401",""
"RW5BA","RW5GA","R","20040401","X"
"RW5BB","RW5CG","R","20040401","X"
"RW5BC","RW5GC","R","20040401","X"
"RW5BD","RW5GD","R","20040401",""
"RW5BE","RW5GN","R","20050401","X"
"RW5BF","RW5GG","R","20050401","X"
"RW5BG","RW5GP","R","20050401",""
"RW5BH","RW5GK","R","20050401",""
"RW5BJ","RW5GL","R","20050401","X"
"RW5BK","RW5GM","R","20050401",""
"RW5CB","RW5CL","R","20050401","X"
"RW5DB","RW5DG","R","20040401",""
"RW6","R0A","R","20211001",""
"RW6","RM3","R","20211001",""
"RW7","RXX","R","20050401",""
"RW701","RXX15","R","20050401",""
"RW703","RXX40","R","20050401","X"
"RW704","RXX10","R","20050401",""
"RW705","RXX41","R","20050401","X"
"RW706","RXX42","R","20050401","X"
"RW707","RXX43","R","20050401",""
"RW708","RXX44","R","20050401",""
"RW709","RXX45","R","20050401",""
"RW710","RXX46","R","20050401",""
"RW711","RXX47","R","20050401",""
"RW712","RXX48","R","20050401",""
"RW713","RXX49","R","20050401",""
"RW714","RXX50","R","20050401",""
"RW715","RXX51","R","20050401",""
"RW7W1","RXXW1","R","20050401",""
"RW7W2","RXXW2","R","20050401","X"
"RW7W3","RXXW3","R","20050401",""
"RW7W4","RXXW4","R","20050401",""
"RW7W5","RXXW5","R","20050401",""
"RW7W6","RXXW6","R","20050401",""
"RW7W7","RXXW7","R","20050401",""
"RW8","RX2","R","20060401",""
"RW801","RX219","R","20060401",""
"RW802","RX220","R","20060401",""
"RW803","RX221","R","20060401","X"
"RW804","RX222","R","20060401",""
"RW805","RX223","R","20060401",""
"RW806","RX224","R","20060401",""
"RW807","RX225","R","20060401",""
"RW809","RX226","R","20060401",""
"RW810","RX227","R","20060401",""
"RW812","RX228","R","20060401",""
"RW814","RX229","R","20060401",""
"RW815","RX230","R","20060401",""
"RW816","RX231","R","20060401",""
"RW817","RX232","R","20060401",""
"RW818","RX233","R","20060401",""
"RW819","RX234","R","20060401",""
"RW820","RX235","R","20060401",""
"RW821","RX236","R","20060401",""
"RW822","RX237","R","20060401",""
"RW823","RX238","R","20060401",""
"RW824","RX239","R","20060401",""
"RW825","RX240","R","20060401",""
"RW826","RX241","R","20060401",""
"RW827","RX242","R","20060401",""
"RW828","RX243","R","20060401",""
"RW829","RX244","R","20060401",""
"RW830","RX245","R","20060401",""
"RW832","RX246","R","20060401",""
"RW833","RX247","R","20060401",""
"RW834","RX248","R","20060401",""
"RW836","RX249","R","20060401",""
"RW837","RX250","R","20060401",""
"RW838","RX251","R","20060401",""
"RW839","RX252","R","20060401",""
"RW840","RX253","R","20060401",""
"RW841","RX254","R","20060401",""
"RW843","RX255","R","20060401",""
"RW844","RX256","R","20060401",""
"RW845","RX257","R","20060401",""
"RW846","RX258","R","20060401",""
"RW847","RX259","R","20060401",""
"RW848","RX260","R","20060401",""
"RW849","RX261","R","20060401","X"
"RW850","RX262","R","20060401",""
"RW851","RX263","R","20060401",""
"RW852","RX264","R","20060401",""
"RW853","RX265","R","20060401",""
"RW854","RX266","R","20060401",""
"RW855","RX267","R","20060401",""
"RW856","RX268","R","20060401",""
"RW857","RX269","R","20060401",""
"RW858","RX270","R","20060401",""
"RW859","RX271","R","20060401",""
"RW860","RX272","R","20060401",""
"RW861","RX273","R","20060401",""
"RW862","RX274","R","20060401",""
"RW863","RX275","R","20060401",""
"RW864","RX276","R","20060401",""
"RW865","RX277","R","20060401",""
"RW866","RX278","R","20060401",""
"RW867","RX279","R","20060401",""
"RW868","RX280","R","20060401",""
"RW869","RX281","R","20060401",""
"RW870","RX282","R","20060401",""
"RW870","RX283","R","20060401",""
"RW872","RX284","R","20060401",""
"RW873","RX285","R","20060401",""
"RW874","RX286","R","20060401",""
"RW875","RX287","R","20060401",""
"RW876","RX288","R","20060401",""
"RW877","RX289","R","20060401",""
"RW878","RX290","R","20060401",""
"RW879","RX291","R","20060401",""
"RW880","RX292","R","20060401",""
"RW881","RX293","R","20060401",""
"RW882","RX294","R","20060401",""
"RW883","RX295","R","20060401",""
"RW886","RX296","R","20060401",""
"RW887","RX297","R","20060401",""
"RW888","RX298","R","20060401",""
"RW889","RX299","R","20060401",""
"RW890","RX2A1","R","20060401",""
"RW891","RX2A2","R","20060401",""
"RW892","RX2A3","R","20060401",""
"RW894","RX2A5","R","20060401",""
"RW895","RX2A6","R","20060401",""
"RW896","RX2A7","R","20060401",""
"RW897","RX2A8","R","20060401",""
"RW898","RX2A9","R","20060401",""
"RW899","RX2C1","R","20060401",""
"RW8A1","RX2C2","R","20060401",""
"RW8A2","RX2C3","R","20060401",""
"RW8A3","RX2C4","R","20060401",""
"RW8A4","RX2C5","R","20060401",""
"RW8A7","RX2C6","R","20060401",""
"RW8A8","RX2C7","R","20060401",""
"RW8A9","RX2C8","R","20060401",""
"RW8AA","RX2C9","R","20060401",""
"RW8AD","RX2D2","R","20060401",""
"RW8AH","RX2D5","R","20060401",""
"RW8AJ","RX2D6","R","20060401",""
"RW8AL","RX2D7","R","20060401",""
"RW8AM","RX2D8","R","20060401",""
"RW8AN","RX2D9","R","20060401",""
"RW8AP","RX2E1","R","20060401",""
"RW8AQ","RX2E2","R","20060401",""
"RW8AR","RX2E3","R","20060401",""
"RW8AT","RX2E4","R","20060401",""
"RW9","RX4","R","20060401",""
"RW9AC","RX4J9","R","20060401",""
"RW9AD","RX4J4","R","20060401",""
"RW9AH","RX447","R","20060401",""
"RW9BH","RX438","R","20060401",""
"RW9BR","RX436","R","20060401",""
"RW9CA","RX4K9","R","20060401",""
"RW9CC","RX459","R","20060401",""
"RW9CL","RX4J6","R","20060401",""
"RW9CR","RX452","R","20060401",""
"RW9CW","RX4L2","R","20060401",""
"RW9DH","RX444","R","20060401",""
"RW9DR","RX460","R","20060401",""
"RW9EL","RX4L1","R","20060401",""
"RW9EM","RX458","R","20060401",""
"RW9EW","RX461","R","20060401",""
"RW9EY","RX4J2","R","20060401",""
"RW9GK","RX4K2","R","20060401",""
"RW9GP","RX4K3","R","20060401",""
"RW9GQ","RX464","R","20060401",""
"RW9GS","RX4K1","R","20060401",""
"RW9GT","RX434","R","20060401",""
"RW9GU","RX456","R","20060401",""
"RW9GW","RX4L4","R","20060401",""
"RW9HA","RX462","R","20060401",""
"RW9HC","RX440","R","20060401",""
"RW9HD","RX439","R","20060401",""
"RW9JF","RX4J8","R","20060401",""
"RW9JN","RX4L3","R","20060401",""
"RW9LC","RX453","R","20060401",""
"RW9LD","RX443","R","20060401",""
"RW9LH","RX463","R","20060401",""
"RW9MP","RX451","R","20060401",""
"RW9NH","RX4K5","R","20060401",""
"RW9PH","RX449","R","20060401",""
"RW9QC","RX448","R","20060401",""
"RW9RG","RX441","R","20060401",""
"RW9RH","RX4J5","R","20060401",""
"RW9SQ","RX4K6","R","20060401","X"
"RW9SR","RX465","R","20060401",""
"RW9SS","RX4J1","R","20060401",""
"RW9ST","RX466","R","20060401",""
"RW9SW","RX445","R","20060401",""
"RW9TH","RX454","R","20060401",""
"RW9TL","RX455","R","20060401",""
"RW9TR","RX442","R","20060401",""
"RW9TU","RX4K7","R","20060401",""
"RW9WA","RX437","R","20060401",""
"RW9WC","RX446","R","20060401",""
"RW9WK","RX4K8","R","20060401",""
"RW9WR","RX435","R","20060401",""
"RW9WS","RX4J3","R","20060401",""
"RW9WY","RX4J7","R","20060401",""
"RWC","RXE","R","20040401",""
"RWH02","5GH02","O","20020401","F"
"RWH07","5GK07","O","20020401","F"
"RWH21","5GG21","O","20030401","F"
"RWH24","5GG24","O","20020401","F"
"RWH28","5GJ28","O","20020401","F"
"RWK23","RWK58","R","20050401","X"
"RWL","5MW","O","20020401","F"
"RWL","5MY","O","20020401","F"
"RWL","5MX","O","20020401","X"
"RWL","5M1","O","20020401","X"
"RWL13","5MX13","O","20020401","X"
"RWL14","5M114","O","20020401","X"
"RWL15","5MX15","O","20020401","X"
"RWL16","5MX16","O","20020401","X"
"RWL17","5M117","O","20020401","X"
"RWL18","5M118","O","20020401","X"
"RWL19","5MY19","O","20020401","F"
"RWL20","5MW20","O","20020401","F"
"RWL21","5M121","O","20020401","X"
"RWL22","5M122","O","20020401","X"
"RWL23","5M123","O","20020401","X"
"RWL24","5M124","O","20020401","X"
"RWL25","5M125","O","20020401","X"
"RWL26","5M1R1","O","20020401","X"
"RWL26","5MX26","O","20020401","X"
"RWL27","5MX27","O","20020401","X"
"RWL28","5MW28","O","20020401","F"
"RWL29","5MX29","O","20020401","X"
"RWL30","5MY30","O","20020401","F"
"RWL31","5M131","O","20020401","X"
"RWL32","5MY32","O","20020401","F"
"RWL33","5MX33","O","20020401","X"
"RWL34","5M134","O","20020401","X"
"RWL35","5MW35","O","20020401","F"
"RWL36","5MX36","O","20020401","X"
"RWL37","5MX37","O","20020401","X"
"RWL38","5M138","O","20020401","X"
"RWL39","5M139","O","20020401","X"
"RWL40","5MX40","O","20020401","X"
"RWL41","5M175","O","20020401","X"
"RWL41","5MX41","O","20020401","X"
"RWL42","5M142","O","20020401","X"
"RWL43","5MW43","O","20020401","F"
"RWL44","5MX44","O","20020401","X"
"RWL45","5M145","O","20020401","X"
"RWL46","5M146","O","20020401","X"
"RWL47","5M147","O","20020401","X"
"RWL48","5MX48","O","20020401","X"
"RWL49","5MX49","O","20020401","X"
"RWL50","5M150","O","20020401","X"
"RWL51","5M151","O","20020401","X"
"RWL52","5M152","O","20020401","X"
"RWL53","5M153","O","20020401","X"
"RWL54","5MX54","O","20020401","X"
"RWL55","5MY55","O","20020401","F"
"RWL56","5M156","O","20020401","X"
"RWL57","5M157","O","20020401","X"
"RWL58","5MX58","O","20020401","X"
"RWL59","5MX59","O","20020401","X"
"RWL60","5M160","O","20020401","X"
"RWL61","5M161","O","20020401","X"
"RWL62","5M162","O","20020401","X"
"RWL63","5MY63","O","20020401","F"
"RWL64","5MY64","O","20020401","F"
"RWL65","5M165","O","20020401","X"
"RWL66","5MY66","O","20020401","F"
"RWL67","5MW67","O","20020401","F"
"RWL68","5MW68","O","20020401","F"
"RWL69","5M169","O","20020401","X"
"RWL70","5M170","O","20020401","X"
"RWL71","5M171","O","20020401","X"
"RWLA2","5M1A2","O","20020401","X"
"RWLA3","5MWA3","O","20020401","F"
"RWLA4","5MXA4","O","20020401","X"
"RWLA5","5MWA5","O","20020401","F"
"RWLA6","5M1A6","O","20020401","X"
"RWLA7","5M1A7","O","20020401","X"
"RWLA8","5MXA8","O","20020401","X"
"RWLA9","5M1R2","O","20020401","X"
"RWLB1","5M1B1","O","20020401","X"
"RWLB2","5MXB2","O","20020401","X"
"RWLB3","5M1B3","O","20020401","X"
"RWLB4","5MXB4","O","20020401","X"
"RWLB5","5MXB5","O","20020401","X"
"RWLB6","5M1B6","O","20020401","X"
"RWLB7","5M1B7","O","20020401","X"
"RWLB8","5MYB8","O","20020401","F"
"RWLB9","5M1B9","O","20020401","X"
"RWLC1","5MXC1","O","20020401","X"
"RWLC2","5M1C2","O","20020401","X"
"RWLC3","5MYC3","O","20020401","F"
"RWLC4","5MYC4","O","20020401","F"
"RWLC5","5M1C5","O","20020401","X"
"RWLC6","5M1C6","O","20020401","X"
"RWLC7","5M1C7","O","20020401","X"
"RWLC8","5MYC8","O","20020401","F"
"RWLC9","5MYC9","O","20020401","F"
"RWLD1","5MYD1","O","20020401","F"
"RWLD2","5M1D2","O","20020401","X"
"RWLD3","5M1D3","O","20020401","X"
"RWLD4","5M1D4","O","20020401","X"
"RWLD5","5MWD5","O","20020401","F"
"RWLD7","5M1D7","O","20020401","X"
"RWLD8","5M1D8","O","20020401","X"
"RWLD9","5M1D9","O","20020401","X"
"RWLE1","5M1E1","O","20020401","X"
"RWLE2","5MYE2","O","20020401","F"
"RWLE3","5M1E3","O","20020401","X"
"RWLE4","5MWE4","O","20020401","F"
"RWLE5","5M1E5","O","20020401","X"
"RWLE6","5M1E6","O","20020401","X"
"RWLE7","5M1E7","O","20020401","X"
"RWLE8","5MYE8","O","20020401","F"
"RWLE9","5MYE9","O","20020401","F"
"RWLF1","5M1F1","O","20020401","X"
"RWLF2","5M1F2","O","20020401","X"
"RWLF3","5M1F3","O","20020401","X"
"RWLF4","5M1F4","O","20020401","X"
"RWLF5","5MYF5","O","20020401","F"
"RWLF6","5M1F6","O","20020401","X"
"RWLF7","5M1F7","O","20020401","X"
"RWLF8","5MXF8","O","20020401","X"
"RWLF9","5MXF9","O","20020401","X"
"RWLG1","5MXG1","O","20020401","X"
"RWLG2","5M1G2","O","20020401","X"
"RWLG3","5M1G3","O","20020401","X"
"RWLG3","5MWG3","O","20020401","F"
"RWLG4","5MXG4","O","20020401","X"
"RWLG5","5M1G5","O","20020401","X"
"RWLG6","5M1G6","O","20020401","X"
"RWLG7","5M1G7","O","20020401","X"
"RWLG8","5M1G8","O","20020401","X"
"RWLG9","5M1G9","O","20020401","X"
"RWLH1","5MYH1","O","20020401","F"
"RWLH2","5MXH2","O","20020401","X"
"RWLH3","5M1H3","O","20020401","X"
"RWLH4","5M1H4","O","20020401","X"
"RWLH5","5MXH5","O","20020401","X"
"RWLH6","5M1H6","O","20020401","X"
"RWLH7","5M1H7","O","20020401","X"
"RWLH8","5M1H8","O","20020401","X"
"RWLH9","5M1H9","O","20020401","X"
"RWLJ1","5M1J1","O","20020401","X"
"RWLJ2","5M1J2","O","20020401","X"
"RWLJ3","5MYJ3","O","20020401","F"
"RWLJ4","5MWJ4","O","20020401","F"
"RWLJ5","5M1J5","O","20020401","X"
"RWLJ6","5M1J6","O","20020401","X"
"RWLJ7","5MXJ7","O","20020401","X"
"RWLJ8","5MXJ8","O","20020401","X"
"RWLK1","5MXK1","O","20020401","X"
"RWLK2","5MXK2","O","20020401","X"
"RWLK3","5MWK3","O","20020401","F"
"RWLK4","5MXK4","O","20020401","X"
"RWLK5","5MYK5","O","20020401","F"
"RWLK6","5MYK6","O","20020401","F"
"RWLK7","5M1K7","O","20020401","X"
"RWLK9","5MWK9","O","20020401","X"
"RWLL1","5M1L1","O","20020401","X"
"RWLL2","5M1L2","O","20020401","X"
"RWLL3","5M1L3","O","20020401","X"
"RWLL4","5M1L4","O","20020401","X"
"RWLL6","5M1L6","O","20020401","X"
"RWLL7","5M1L7","O","20020401","X"
"RWLL8","5M1L8","O","20020401","X"
"RWLL9","5M1L9","O","20020401","X"
"RWLM1","5MYM1","O","20020401","F"
"RWLM2","5M1M2","O","20020401","X"
"RWLM3","5MWM3","O","20020401","F"
"RWM","7A4","O","20091001",""
"RWM17","7A417","O","20091001",""
"RWM18","7A418","O","20091001","X"
"RWM3T","7A43T","O","20091001",""
"RWM3U","7A43U","O","20091001",""
"RWM3V","7A43V","O","20091001","X"
"RWM3W","7A43W","O","20091001","X"
"RWM3X","7A43X","O","20091001",""
"RWM3Z","7A43Z","O","20091001","X"
"RWM42","7A442","O","20091001",""
"RWM43","7A443","O","20091001","X"
"RWM44","7A444","O","20091001",""
"RWM45","7A445","O","20091001",""
"RWM48","7A448","O","20091001",""
"RWM49","7A449","O","20091001",""
"RWM4A","7A44A","O","20091001",""
"RWM4B","7A44B","O","20091001",""
"RWM4C","7A44C","O","20091001",""
"RWM4D","7A44D","O","20091001",""
"RWM4E","7A44E","O","20091001","X"
"RWM4F","7A44F","O","20091001","X"
"RWM4G","7A44G","O","20091001",""
"RWM4H","7A44H","O","20091001","X"
"RWM4J","7A44J","O","20091001",""
"RWM4U","7A44U","O","20091001",""
"RWM51","7A451","O","20091001","X"
"RWM52","7A452","O","20091001",""
"RWM53","7A453","O","20091001",""
"RWM54","7A454","O","20091001",""
"RWM55","7A455","O","20091001",""
"RWM56","7A456","O","20091001",""
"RWM57","7A457","O","20091001",""
"RWM58","7A458","O","20091001",""
"RWM59","7A459","O","20091001",""
"RWM5A","7A45A","O","20091001","X"
"RWM5B","7A45B","O","20091001",""
"RWM5J","7A45J","O","20091001",""
"RWM5K","7A45K","O","20091001",""
"RWM5Q","7A45Q","O","20091001",""
"RWMBV","7A4BV","O","20091001",""
"RWMBW","7A4BW","O","20091001","X"
"RWMBX","7A4BX","O","20091001",""
"RWMC1","7A4C1","O","20091001",""
"RWMC3","7A4C3","O","20091001",""
"RWMCH","7A4CH","O","20091001",""
"RWMFE","7A4FE","O","20091001",""
"RWMFF","7A4FF","O","20091001","X"
"RWMFJ","7A4FJ","O","20091001",""
"RWMFR","7A4FR","O","20091001",""
"RWMFS","7A4FS","O","20091001",""
"RWMFU","7A4FU","O","20091001",""
"RWMFV","7A4FV","O","20091001","X"
"RWMFW","7A4FW","O","20091001",""
"RWMFX","7A4FX","O","20091001",""
"RWMFY","7A4FY","O","20091001","X"
"RWMJ6","7A4J6","O","20091001",""
"RWMKF","7A4KF","O","20091001","X"
"RWMLA","7A4LA","O","20091001",""
"RWMLE","7A4LE","O","20091001",""
"RWMLM","7A4LM","O","20091001",""
"RWMMJ","7A4MJ","O","20091001",""
"RWMMK","7A4MK","O","20091001",""
"RWMMN","7A4MN","O","20091001","X"
"RWMMP","7A4MP","O","20091001",""
"RWMPA","7A4PA","O","20091001","X"
"RWMPC","7A4PC","O","20091001",""
"RWMQ9","7A4Q9","O","20091001",""
"RWMQB","7A4QB","O","20091001",""
"RWMR9","7A4R9","O","20091001",""
"RWMRA","7A4RA","O","20091001",""
"RWMRC","7A4RC","O","20091001","X"
"RWMRK","7A4RK","O","20091001",""
"RWMRL","7A4RL","O","20091001","X"
"RWMRT","7A4RT","O","20091001","X"
"RWMVY","7A4VY","O","20091001",""
"RWN","R1L","R","20170401",""
"RWQ","R1A","R","20110701",""
"RWQ01","R1ADY","R","20110701",""
"RWQ02","5MR02","O","20020401","F"
"RWQ03","5MT02","O","20020401","F"
"RWQ04","R1A47","R","20110701","X"
"RWQ05","5MT03","O","20020401","F"
"RWQ09","5MT04","O","20020401","F"
"RWQ10","R1A17","R","20110701","X"
"RWQ11","R1A49","R","20110701",""
"RWQ14","R1A41","R","20110701",""
"RWQ15","R1A39","R","20110701","X"
"RWQ16","R1A99","R","20110701","X"
"RWQ17","R1A74","R","20110701","X"
"RWQ18","R1A12","R","20110701",""
"RWQ19","R1ACY","R","20110701",""
"RWQ20","R1A22","R","20110701",""
"RWQ21","R1ACF","R","20110701",""
"RWQ24","R1AAV","R","20110701",""
"RWQ25","R1A37","R","20110701",""
"RWQ26","R1A46","R","20110701",""
"RWQ27","R1ACC","R","20110701",""
"RWQ28","R1A51","R","20110701","X"
"RWQ29","R1A57","R","20110701","X"
"RWQ31","R1AEA","R","20110701","X"
"RWQ32","R1A84","R","20110701","X"
"RWQ33","R1AEF","R","20110701",""
"RWQ34","R1ADA","R","20110701",""
"RWQ35","R1A40","R","20110701","X"
"RWQ36","R1A25","R","20110701",""
"RWQ39","R1AAM","R","20110701","X"
"RWQ40","R1AA2","R","20110701",""
"RWQ41","R1AAT","R","20110701","X"
"RWQ43","R1A1F","R","20110701",""
"RWQ46","R1A77","R","20110701",""
"RWQ47","R1A76","R","20110701",""
"RWQ50","5DR01","O","20020401","F"
"RWQ51","5DR02","O","20020401","X"
"RWQ53","R1A75","R","20110701",""
"RWQ55","5MT05","O","20020401","F"
"RWQ56","5MT06","O","20020401","F"
"RWQ57","5MT07","O","20020401","F"
"RWQ58","5MT08","O","20020401","F"
"RWQ60","5DR03","O","20020401","F"
"RWQ61","5MR03","O","20020401","F"
"RWQ62","5MR04","O","20020401","F"
"RWQ64","5MR06","O","20020401","F"
"RWQ66","5MR07","O","20020401","F"
"RWQ67","5MR08","O","20020401","X"
"RWQ68","5MR09","O","20020401","F"
"RWQ69","5MR10","O","20020401","X"
"RWQ70","5MR11","O","20020401","F"
"RWQ71","5MT10","O","20020401","F"
"RWQ72","5MT11","O","20020401","F"
"RWQ73","5MT12","O","20020401","F"
"RWQ74","5MT13","O","20020401","F"
"RWQ75","5MT14","O","20020401","X"
"RWQ77","R1A78","R","20110701",""
"RWQ78","5DR04","O","20020401","F"
"RWQ79","R1AAE","R","20110701",""
"RWQ82","R1A94","R","20110701",""
"RWQ84","R1A85","R","20110701",""
"RWQ88","R1A21","R","20110701","X"
"RWQ89","R1AA3","R","20110701",""
"RWQ90","R1AEH","R","20110701",""
"RWQ91","5MR12","O","20020401","X"
"RWQ92","R1A89","R","20110701",""
"RWQ93","R1AAY","R","20110701",""
"RWQ95","5MT15","O","20020401","F"
"RWQ97","R1A1Y","R","20110701",""
"RWQ98","R1AFQ","R","20110701",""
"RWQF9","R1ACD","R","20110701",""
"RWQH1","R1A1V","R","20110701",""
"RWQJ3","5MT16","O","20020401","F"
"RWQJ5","5MT18","O","20020401","F"
"RWQJ6","R1ADW","R","20110701",""
"RWQK1","R1ACN","R","20110701",""
"RWQK3","5MT19","O","20020401","F"
"RWQK3","5MT20","O","20020401","F"
"RWQK4","5DR05","O","20020401","F"
"RWQK5","5DR06","O","20020401","F"
"RWQK6","5DR07","O","20020401","F"
"RWQK7","5DR08","O","20020401","F"
"RWQK8","5DR09","O","20020401","X"
"RWQL1","5DR15","O","20010403","F"
"RWQL2","5MT21","O","20020401","F"
"RWQL3","R1A61","R","20110701",""
"RWQL4","R1A65","R","20110701","X"
"RWQM1","5DR10","O","20020401","X"
"RWQM2","5MR13","O","20020401","F"
"RWQM3","5MT22","O","20020401","X"
"RWQM8","R1A1R","R","20110701",""
"RWQM9","R1A14","R","20110701",""
"RWQN1","R1ACE","R","20110701",""
"RWQN2","R1ACH","R","20110701",""
"RWQN3","R1ACV","R","20110701",""
"RWQN5","R1AAD","R","20110701",""
"RWQP1","R1AER","R","20110701",""
"RWQP7","R1ACM","R","20110701",""
"RWQP9","R1A1C","R","20110701","X"
"RWQW1","R1AEC","R","20110701",""
"RWQW2","R1AED","R","20110701",""
"RWQW5","R1ADX","R","20110701","X"
"RWQW6","R1ADT","R","20110701","X"
"RWT01","RNU90","R","20060401","X"
"RWT02","RNU91","R","20060401","X"
"RWT03","RNU92","R","20060401",""
"RWWCS","RTV18","R","20020401","X"
"RWWTR","RTV60","R","20020401","X"
"RWY03","RWY45","R","20041001",""
"RWY13","RWY46","R","20041001",""
"RX5","RYF","R","20130202",""
"RXA50","RXACG","R","20051001","X"
"RXAAW","RXACG","R","20051001","X"
"RXAAX","RXACG","R","20051001","X"
"RXD","RX2","R","20060401",""
"RXD01","RX2E5","R","20060401",""
"RXD02","RX2E6","R","20060401",""
"RXD03","RX2E7","R","20060401",""
"RXD04","RX2E8","R","20060401",""
"RXD06","RX2E9","R","20060401",""
"RXD07","RX2F1","R","20060401",""
"RXD08","RX2F2","R","20060401",""
"RXD09","RX2F3","R","20060401",""
"RXD10","RX2F4","R","20060401",""
"RXD11","RX2F5","R","20060401",""
"RXD12","RX2F6","R","20060401",""
"RXD13","RX2F7","R","20060401",""
"RXD14","RX2F8","R","20060401",""
"RXD16","RX2G1","R","20060401",""
"RXD17","RX2G2","R","20060401",""
"RXD18","RX2G3","R","20060401",""
"RXD19","RX2G4","R","20060401",""
"RXD20","RX2G5","R","20060401",""
"RXD21","RX2G6","R","20060401",""
"RXD22","RX2G7","R","20060401",""
"RXD33","RX2G8","R","20060401",""
"RXD34","RX2G9","R","20060401",""
"RXD36","RX2H1","R","20060401",""
"RXD50","RX2H2","R","20060401",""
"RXD59","RX2H3","R","20060401",""
"RXD60","RX2H4","R","20060401",""
"RXD61","RX2H5","R","20060401",""
"RXD62","RX2H6","R","20060401",""
"RXD98","RX2H7","R","20060401",""
"RXD99","RX2H8","R","20060401",""
"RXDCX","RX2H9","R","20060401",""
"RXDCY","RX2J1","R","20060401",""
"RXDDA","RX2J2","R","20060401",""
"RXDDC","RX2J3","R","20060401",""
"RXDDD","RX2J4","R","20060401",""
"RXDDE","RX2J5","R","20060401",""
"RXDDF","RX2J6","R","20060401",""
"RXDDG","RX2J7","R","20060401",""
"RXDDH","RX2J8","R","20060401",""
"RXDDJ","RX2J9","R","20060401",""
"RXDDK","RX2K1","R","20060401",""
"RXDDM","RX2K2","R","20060401",""
"RXDDN","RX2K3","R","20060401",""
"RXDDP","RX2K4","R","20060401",""
"RXDDQ","RX2K5","R","20060401",""
"RXDDT","RX2K6","R","20060401",""
"RXDDV","RX2K7","R","20060401",""
"RXDDW","RX2K8","R","20060401",""
"RXDDX","RX2K9","R","20060401",""
"RXDDY","RX2L1","R","20060401",""
"RXDEA","RX2L2","R","20060401",""
"RXDEC","RX2L3","R","20060401",""
"RXDEE","RX2L4","R","20060401",""
"RXDEF","RX2L5","R","20060401",""
"RXDEG","RX2L6","R","20060401",""
"RXDEH","RX2L7","R","20060401",""
"RXDEJ","RX2L8","R","20060401",""
"RXE28","RXE37","R","20050403","X"
"RXG02","RXGCC","R","20021101",""
"RXG04","RXGHH","R","20021101",""
"RXG05","RXGDD","R","20021101",""
"RXH","RYR","R","20210401",""
"RXH01","E0A3H","R","20210401",""
"RXH05","E0N1P","R","20210401",""
"RXH06","G0W1C","R","20210401",""
"RXH07","X5M8P","R","20210401",""
"RXH09","N6J7V","R","20210401",""
"RXH10","Q0W5X","R","20210401",""
"RXH16","Q0J5H","R","20210401",""
"RXH17","X8T7H","R","20210401",""
"RXH18","B9S0X","R","20210401",""
"RXH19","A1R7Z","R","20210401",""
"RXH21","H2U6X","R","20210401",""
"RXH22","C1C6K","R","20210401",""
"RXH25","D4T5P","R","20210401",""
"RXH26","U7L6D","R","20210401",""
"RXH27","RYR07","R","20210401",""
"RXH28","RYR31","R","20210401",""
"RXH29","C9O2H","R","20210401",""
"RXH30","RYR08","R","20210401",""
"RXH31","G4B5Q","R","20210401",""
"RXH32","M3N0N","R","20210401",""
"RXH33","H7S0C","R","20210401",""
"RXH35","P4W3M","R","20210401",""
"RXH36","P2U4G","R","20210401",""
"RXH37","RYR04","R","20210401",""
"RXH38","G8B2R","R","20210401",""
"RXH39","RYR98","R","20210401",""
"RXH40","M0X9U","R","20210401",""
"RXH41","A6V7X","R","20210401",""
"RXH42","RYR18","R","20210401",""
"RXH43","M4Q4V","R","20210401",""
"RXH45","U9M9P","R","20210401","X"
"RXH46","C0I4W","R","20210401",""
"RXH47","F3B1E","R","20210401",""
"RXH48","RYR14","R","20210401",""
"RXH49","X2I9R","R","20210401",""
"RXH50","I9G4S","R","20210401",""
"RXH57","A1G3F","R","20210401",""
"RXH58","RYR16","R","20210401",""
"RXH59","M0I5J","R","20210401",""
"RXH60","RYR24","R","20210401",""
"RXH61","V2W0H","R","20210401",""
"RXH62","H9S1B","R","20210401",""
"RXH63","O4F7H","R","20210401",""
"RXH64","Q7W7W","R","20210401","X"
"RXH65","J4B3R","R","20210401","X"
"RXH66","D5V3Y","R","20210401",""
"RXH67","X5K5M","R","20210401",""
"RXH68","A3J9W","R","20210401",""
"RXH69","G6O4E","R","20210401",""
"RXH70","J1Y5Y","R","20210401",""
"RXH71","Y9Z9N","R","20210401",""
"RXH72","W2L8V","R","20210401",""
"RXH73","Z9C2L","R","20210401",""
"RXH74","I2V6W","R","20210401",""
"RXH75","Q4Q6G","R","20210401",""
"RXH76","H8M1L","R","20210401",""
"RXH77","B8P8E","R","20210401",""
"RXH78","C8K0Z","R","20210401",""
"RXH79","C1D8Z","R","20210401",""
"RXH80","E3X8I","R","20210401",""
"RXH81","B3D7D","R","20210401",""
"RXJ","RXY","R","20060401",""
"RXJ01","RXYRX","R","20060401","X"
"RXJ02","RXYM1","R","20060401","X"
"RXJ03","RXYF4","R","20060401","X"
"RXJ04","RXYP3","R","20060401","X"
"RXJ05","RXYRK","R","20060401",""
"RXJ07","RXYRJ","R","20060401",""
"RXJ08","RXYR5","R","20060401","X"
"RXJ09","RXYRN","R","20060401","X"
"RXJ10","RXYK2","R","20060401","X"
"RXJ11","RXYJ1","R","20060401",""
"RXJ12","RXYP2","R","20060401",""
"RXJ13","RXYP1","R","20060401","X"
"RXJ14","RXY3E","R","20060401","X"
"RXJ16","RXY8A","R","20060401","X"
"RXJ17","RXY8E","R","20060401",""
"RXJ18","RXY1K","R","20060401","X"
"RXJ19","RXY3F","R","20060401","X"
"RXJ22","RXYR3","R","20060401",""
"RXJ23","RXY16","R","20060401","X"
"RXJ24","RXY2G","R","20060401",""
"RXJ25","RXY1E","R","20060401","X"
"RXJ26","RXY2F","R","20060401","X"
"RXJ27","RXYRL","R","20060401",""
"RXJA0","RXYAV","R","20060401","X"
"RXJA1","RXY11","R","20060401","X"
"RXJA5","RXY13","R","20060401","X"
"RXJA6","RXY14","R","20060401",""
"RXJA7","RXY15","R","20060401","X"
"RXJA8","RXY1C","R","20060401",""
"RXJA9","RXYRM","R","20060401",""
"RXJB0","RXY1G","R","20060401","X"
"RXJB3","RXYAY","R","20060401","X"
"RXJB6","RXY1L","R","20060401","X"
"RXJB7","RXY2A","R","20060401","X"
"RXJB8","RXY1L","R","20060401","X"
"RXJB9","RXY2D","R","20060401","X"
"RXJC0","RXY1L","R","20060401","X"
"RXJC1","RXY1L","R","20060401","X"
"RXJC2","RXY2E","R","20060401","X"
"RXJC5","RXY2H","R","20060401",""
"RXJC6","RXY2J","R","20060401","X"
"RXJC7","RXY2K","R","20060401","X"
"RXJC9","RXY2L","R","20060401","X"
"RXJD0","RXY3C","R","20060401",""
"RXJD1","RXY3D","R","20060401",""
"RXJD2","RXY3H","R","20060401",""
"RXJD3","RXY3G","R","20060401","X"
"RXJD4","RXY3H","R","20060401",""
"RXJD6","RXY3H","R","20060401",""
"RXJD7","RXY3H","R","20060401",""
"RXJD8","RXY4A","R","20060401","X"
"RXJE0","RXY4C","R","20060401",""
"RXJE2","RXY5A","R","20060401","X"
"RXJE4","RXYN2","R","20060401","X"
"RXJE5","RXY5C","R","20060401","X"
"RXJE6","RXYP6","R","20060401","X"
"RXJE7","RXY5D","R","20060401","X"
"RXJE8","RXY6A","R","20060401",""
"RXJF4","RXY8C","R","20060401","X"
"RXJF5","RXY8D","R","20060401","X"
"RXJF7","RXYCA","R","20060401",""
"RXJG0","RXY9A","R","20060401","X"
"RXJG1","RXYW3","R","20060401",""
"RXJG3","RXYA2","R","20060401","X"
"RXJG4","RXYA6","R","20060401",""
"RXJG5","RXYT9","R","20060401",""
"RXJG7","RXY1F","R","20060401","X"
"RXJG8","RXYAT","R","20060401","X"
"RXJG9","RXYAW","R","20060401","X"
"RXJH1","RXYE4","R","20060401","X"
"RXJH2","RXYE5","R","20060401","X"
"RXJH3","RXYE6","R","20060401","X"
"RXJH4","RXYTD","R","20060401","X"
"RXJH4","RXYTE","R","20060401","X"
"RXJH4","RXYTF","R","20060401","X"
"RXJH4","RXYTG","R","20060401","X"
"RXJH5","RXYC1","R","20060401",""
"RXJH6","RXYTN","R","20060401","X"
"RXJH8","RXYC4","R","20060401","X"
"RXJH9","RXYC5","R","20060401","X"
"RXJJ0","RXYF3","R","20060401","X"
"RXJJ1","RXYC6","R","20060401","X"
"RXJJ2","RXYC7","R","20060401",""
"RXJJ3","RXYCC","R","20060401","X"
"RXJJ4","RXYD1","R","20060401","X"
"RXJJ5","RXYD2","R","20060401","X"
"RXJJ6","RXYR4","R","20060401",""
"RXJJ7","RXYTP","R","20060401","X"
"RXJJ8","RXYE2","R","20060401",""
"RXJJ9","RXYP7","R","20060401","X"
"RXJK0","RXYF1","R","20060401","X"
"RXJK1","RXYF2","R","20060401",""
"RXJK2","RXYF5","R","20060401","X"
"RXJK3","RXYG1","R","20060401",""
"RXJK4","RXYG2","R","20060401","X"
"RXJK5","RXY1D","R","20060401",""
"RXJK6","RXYH1","R","20060401","X"
"RXJK7","RXYH2","R","20060401",""
"RXJK8","RXYH3","R","20060401","X"
"RXJK9","RXYH4","R","20060401",""
"RXJL0","RXYH5","R","20060401","X"
"RXJL1","RXYH6","R","20060401",""
"RXJL2","RXYH7","R","20060401",""
"RXJL3","RXYJ2","R","20060401","X"
"RXJL5","RXYK3","R","20060401",""
"RXJL6","RXYK4","R","20060401",""
"RXJL8","RXYL2","R","20060401","X"
"RXJM0","RXYM2","R","20060401","X"
"RXJM1","RXYM3","R","20060401","X"
"RXJM2","RXYN1","R","20060401",""
"RXJM4","RXYN3","R","20060401","X"
"RXJM6","RXYP5","R","20060401","X"
"RXJM7","RXYP8","R","20060401",""
"RXJM8","RXYQ1","R","20060401",""
"RXJM9","RXY1H","R","20060401","X"
"RXJN0","RXYRG","R","20060401",""
"RXJN2","RXYN3","R","20060401","X"
"RXJN3","RXYRP","R","20060401",""
"RXJN5","RXYRQ","R","20060401",""
"RXJN6","RXYRR","R","20060401",""
"RXJN8","RXYA1","R","20060401",""
"RXJP1","RXYRY","R","20060401","X"
"RXJP2","RXYT4","R","20060401","X"
"RXJP3","RXYT5","R","20060401",""
"RXJP4","RXYT6","R","20060401","X"
"RXJP5","RXYT8","R","20060401",""
"RXJP6","RXYP4","R","20060401","X"
"RXJP7","RXYTA","R","20060401","X"
"RXJP9","RXYTC","R","20060401",""
"RXJR0","RXYTH","R","20060401","X"
"RXJR1","RXYTJ","R","20060401",""
"RXJR2","RXYTL","R","20060401","X"
"RXJR3","RXYTM","R","20060401","X"
"RXJR4","RXYTQ","R","20060401",""
"RXJR5","RXYTR","R","20060401","X"
"RXJR6","RXYTT","R","20060401",""
"RXJR7","RXYC3","R","20060401","X"
"RXJR8","RXYW2","R","20060401","X"
"RXJT0","RXYW4","R","20060401","X"
"RXR16","RXR50","R","20041001",""
"RXR51","RXR10","R","20041001",""
"RXR52","RXR40","R","20041001","X"
"RXVC1","RXVG2","R","20150929","X"
"RXWMR","RXWMJ","R","20050401",""
"RY1","RW4","R","20180401",""
"RYL","7A5","O","20091001",""
"RYL4A","7A54A","O","20091001",""
"RYL4Y","7A54Y","O","20091001",""
"RYL4Z","7A54Z","O","20091001","X"
"RYL5A","7A55A","O","20091001",""
"RYL5B","7A55B","O","20091001",""
"RYL5C","7A55C","O","20091001","X"
"RYL5D","7A55D","O","20091001",""
"RYLB1","7A5B1","O","20091001",""
"RYLB3","7A5B3","O","20091001",""
"RYLB4","7A5B4","O","20091001","X"
"RYLB6","7A5B6","O","20091001","X"
"RYLBA","7A5BA","O","20091001","X"
"RYLBK","7A5BK","O","20091001",""
"RYLCA","7A5CA","O","20091001",""
"RYLDK","7A5DK","O","20091001",""
"RYLDV","7A5DV","O","20091001",""
"RYLEC","7A5EC","O","20091001","X"
"RYLFH","7A5FH","O","20091001",""
"RYLH7","7A5H7","O","20091001",""
"RYLJT","7A5JT","O","20091001","X"
"RYLJU","7A5JU","O","20091001","X"
"RYLJV","7A5JV","O","20091001","X"
"RYLK2","7A5K2","O","20091001","X"
"RYLK4","7A5K4","O","20091001",""
"RYLK5","7A5K5","O","20091001",""
"RYLMQ","7A5MQ","O","20091001",""
"RYLMR","7A5MR","O","20091001",""
"RYLMS","7A5MS","O","20091001","X"
"RYLMT","7A5MT","O","20091001",""
"RYLMV","7A5MV","O","20091001",""
"RYLMW","7A5MW","O","20091001","X"
"RYLMX","7A5MX","O","20091001","X"
"RYLMY","7A5MY","O","20091001",""
"RYLMZ","7A5MZ","O","20091001",""
"RYLN1","7A5N1","O","20091001",""
"RYLN2","7A5N2","O","20091001","X"
"RYLN3","7A5N3","O","20091001",""
"RYLN4","7A5N4","O","20091001",""
"RYLN5","7A5N5","O","20091001",""
"RYLN6","7A5N6","O","20091001",""
"RYLN7","7A5N7","O","20091001",""
"RYLN8","7A5N8","O","20091001",""
"RYLN9","7A5N9","O","20091001",""
"RYLNK","7A5NK","O","20091001",""
"RYLNM","7A5NM","O","20091001","X"
"RYLNN","7A5NN","O","20091001",""
"RYLNP","7A5NP","O","20091001",""
"RYLNQ","7A5NQ","O","20091001",""
"RYLNT","7A5NT","O","20091001",""
"RYLNV","7A5NV","O","20091001",""
"RYLNW","7A5NW","O","20091001","X"
"RYLNX","7A5NX","O","20091001",""
"RYLNY","7A5NY","O","20091001",""
"RYLP1","7A5P1","O","20091001",""
"RYLPA","7A5PA","O","20091001",""
"RYLPB","7A5PB","O","20091001",""
"RYLPC","7A5PC","O","20091001",""
"RYLPD","7A5PD","O","20091001",""
"RYLPE","7A5PE","O","20091001",""
"RYLPF","7A5PF","O","20091001",""
"RYLPG","7A5PG","O","20091001",""
"RYLQA","7A5QA","O","20091001",""
"RYLQB","7A5QB","O","20091001",""
"RYLQC","7A5QC","O","20091001",""
"RYLQE","7A5QE","O","20091001","X"
"RYLQF","7A5QF","O","20091001",""
"RYLQH","7A5QH","O","20091001",""
"RYLQK","7A5QK","O","20091001",""
"RYLQL","7A5QL","O","20091001",""
"RYLQM","7A5QM","O","20091001",""
"RYLQN","7A5QN","O","20091001",""
"RYLR2","7A5R2","O","20091001",""
"RYLRA","7A5RA","O","20091001",""
"RYLRN","7A5RN","O","20091001",""
"RYLRP","7A5RP","O","20091001",""
"RYLRQ","7A5RQ","O","20091001",""
"RYLRR","7A5RR","O","20091001",""
"RYLW5","7A5W5","O","20091001","X"
"RYM","7A3","O","20091001",""
"RYM3Y","7A33Y","O","20091001",""
"RYM46","7A346","O","20091001",""
"RYM4P","7A34P","O","20091001",""
"RYM4U","7A34U","O","20091001",""
"RYM5L","7A35L","O","20091001",""
"RYM9S","7A39S","O","20091001",""
"RYM9U","7A39U","O","20091001","X"
"RYMB7","7A3B7","O","20091001",""
"RYMB9","7A3B9","O","20091001",""
"RYMC4","7A3C4","O","20091001",""
"RYMC5","7A3C5","O","20091001","X"
"RYMC6","7A3C6","O","20091001","X"
"RYMC7","7A3C7","O","20091001",""
"RYMC8","7A3C8","O","20091001","X"
"RYMCJ","7A3CJ","O","20091001",""
"RYMDH","7A3DH","O","20091001","X"
"RYMDQ","7A3DQ","O","20091001","X"
"RYMDR","7A3DR","O","20091001",""
"RYMEM","7A3EM","O","20091001",""
"RYMFA","7A3FA","O","20091001",""
"RYMFJ","7A3FJ","O","20091001",""
"RYMFK","7A3FK","O","20091001",""
"RYMFL","7A3FL","O","20091001",""
"RYMFV","7A3FV","O","20091001",""
"RYMG8","7A3G8","O","20091001",""
"RYMGD","7A3GD","O","20091001",""
"RYMGK","7A3GK","O","20091001",""
"RYMGL","7A3GL","O","20091001",""
"RYMGM","7A3GM","O","20091001",""
"RYMGN","7A3GN","O","20091001","X"
"RYMGP","7A3GP","O","20091001","X"
"RYMGQ","7A3GQ","O","20091001",""
"RYMGS","7A3GS","O","20091001",""
"RYMGT","7A3GT","O","20091001",""
"RYMGU","7A3GU","O","20091001",""
"RYMGW","7A3GW","O","20091001",""
"RYMGX","7A3GX","O","20091001",""
"RYMJW","7A3JW","O","20091001","X"
"RYMJX","7A3JX","O","20091001","X"
"RYMJY","7A3JY","O","20091001","X"
"RYMK5","7A3K5","O","20091001","X"
"RYMK6","7A3K6","O","20091001",""
"RYMK7","7A3K7","O","20091001","X"
"RYMK8","7A3K8","O","20091001","X"
"RYMKB","7A3KB","O","20091001",""
"RYMKC","7A3KC","O","20091001",""
"RYMLA","7A3LA","O","20091001",""
"RYMLB","7A3LB","O","20091001",""
"RYMLC","7A3LC","O","20091001",""
"RYMLD","7A3LD","O","20091001",""
"RYMLE","7A3LE","O","20091001",""
"RYMLF","7A3LF","O","20091001",""
"RYMLW","7A3LW","O","20091001",""
"RYMLZ","7A3LZ","O","20091001","X"
"RYMMA","7A3MA","O","20091001",""
"RYMMB","7A3MB","O","20091001",""
"RYMMC","7A3MC","O","20091001",""
"RYMMD","7A3MD","O","20091001",""
"RYMMF","7A3MF","O","20091001",""
"RYMMH","7A3MH","O","20091001",""
"RYMMJ","7A3MJ","O","20091001",""
"RYMMK","7A3MK","O","20091001",""
"RYMML","7A3ML","O","20091001",""
"RYMMM","7A3MM","O","20091001",""
"RYMMN","7A3MN","O","20091001",""
"RYMMP","7A3MP","O","20091001",""
"RYMMQ","7A3MQ","O","20091001",""
"RYMMR","7A3MR","O","20091001",""
"RYMMS","7A3MS","O","20091001",""
"RYMMT","7A3MT","O","20091001",""
"RYMMU","7A3MU","O","20091001",""
"RYMMV","7A3MV","O","20091001",""
"RYMMW","7A3MW","O","20091001",""
"RYMMX","7A3MX","O","20091001",""
"RYMNA","7A3NA","O","20091001",""
"RYMNB","7A3NB","O","20091001",""
"RYMNC","7A3NC","O","20091001",""
"RYMND","7A3ND","O","20091001","X"
"RYMNE","7A3NE","O","20091001","X"
"RYMNF","7A3NF","O","20091001",""
"RYMNG","7A3NG","O","20091001",""
"RYMNJ","7A3NJ","O","20091001",""
"RYMNP","7A3NP","O","20091001",""
"RYMNQ","7A3NQ","O","20091001",""
"RYMNR","7A3NR","O","20091001",""
"RYMNZ","7A3NZ","O","20091001","X"
"RYMP7","7A3P7","O","20091001",""
"RYMPA","7A3PA","O","20091001","X"
"RYMPB","7A3PB","O","20091001",""
"RYMPC","7A3PC","O","20091001",""
"RYMPD","7A3PD","O","20091001","X"
"RYMPE","7A3PE","O","20091001",""
"RYMPF","7A3PF","O","20091001",""
"RYMPG","7A3PG","O","20091001",""
"RYMPH","7A3PH","O","20091001",""
"RYMPJ","7A3PJ","O","20091001","X"
"RYMPK","7A3PK","O","20091001",""
"RYMPL","7A3PL","O","20091001",""
"RYMPM","7A3PM","O","20091001",""
"RYMPN","7A3PN","O","20091001","X"
"RYMPP","7A3PP","O","20091001",""
"RYMPQ","7A3PQ","O","20091001",""
"RYMPR","7A3PR","O","20091001",""
"RYMPS","7A3PS","O","20091001","X"
"RYMPT","7A3PT","O","20091001",""
"RYMPU","7A3PU","O","20091001",""
"RYMPV","7A3PV","O","20091001",""
"RYMPW","7A3PW","O","20091001",""
"RYMPX","7A3PX","O","20091001","X"
"RYMPY","7A3PY","O","20091001",""
"RYMPZ","7A3PZ","O","20091001",""
"RYMQ1","7A3Q1","O","20091001","X"
"RYMQ2","7A3Q2","O","20091001",""
"RYMQ3","7A3Q3","O","20091001",""
"RYMQ4","7A3Q4","O","20091001",""
"RYMQ5","7A3Q5","O","20091001",""
"RYMQ6","7A3Q6","O","20091001",""
"RYMQ7","7A3Q7","O","20091001","X"
"RYMQ9","7A3Q9","O","20091001",""
"RYMQA","7A3QA","O","20091001",""
"RYMQB","7A3QB","O","20091001",""
"RYMQC","7A3QC","O","20091001",""
"RYMQD","7A3QD","O","20091001",""
"RYMQE","7A3QE","O","20091001",""
"RYMQF","7A3QF","O","20091001",""
"RYMQG","7A3QG","O","20091001",""
"RYMQH","7A3QH","O","20091001",""
"RYMQJ","7A3QJ","O","20091001",""
"RYMQK","7A3QK","O","20091001",""
"RYMQM","7A3QM","O","20091001","X"
"RYMQN","7A3QN","O","20091001",""
"RYMQP","7A3QP","O","20091001",""
"RYMQQ","7A3QQ","O","20091001",""
"RYMQS","7A3QS","O","20091001",""
"RYMQT","7A3QT","O","20091001",""
"RYMQU","7A3QU","O","20091001",""
"RYMQV","7A3QV","O","20091001",""
"RYMQW","7A3QW","O","20091001",""
"RYMQY","7A3QY","O","20091001",""
"RYMQZ","7A3QZ","O","20091001",""
"RYMR1","7A3R1","O","20091001",""
"RYMR3","7A3R3","O","20091001","X"
"RYMR4","7A3R4","O","20091001",""
"RYMR5","7A3R5","O","20091001",""
"RYMR6","7A3R6","O","20091001","X"
"RYMR7","7A3R7","O","20091001",""
"RYMR9","7A3R9","O","20091001",""
"RYMRA","7A3RA","O","20091001",""
"RYMRB","7A3RB","O","20091001",""
"RYMRC","7A3RC","O","20091001",""
"RYMRE","7A3RE","O","20091001",""
"RYMRG","7A3RG","O","20091001","X"
"RYMRU","7A3RU","O","20091001",""
"RYMT5","7A3T5","O","20091001","X"
"RYMT6","7A3T6","O","20091001",""
"RYMT7","7A3T7","O","20091001","X"
"RYMT8","7A3T8","O","20091001",""
"RYMWL","7A3WL","O","20091001","X"
"RYMZC","7A3ZC","O","20091001",""
"RYN","7A2","O","20091001",""
"RYN16","7A216","O","20091001",""
"RYN1E","7A21E","O","20091001",""
"RYN1K","7A21K","O","20091001",""
"RYN1L","7A21L","O","20091001",""
"RYN1Q","7A21Q","O","20091001",""
"RYN4B","7A24B","O","20091001",""
"RYN4V","7A24V","O","20091001",""
"RYNAG","7A2AG","O","20091001",""
"RYNAH","7A2AH","O","20091001",""
"RYNAJ","7A2AJ","O","20091001",""
"RYNAK","7A2AK","O","20091001","X"
"RYNAL","7A2AL","O","20091001",""
"RYNBL","7A2BL","O","20091001",""
"RYND6","7A2D6","O","20091001",""
"RYND8","7A2D8","O","20091001",""
"RYND9","7A2D9","O","20091001","X"
"RYNE1","7A2E1","O","20091001",""
"RYNEA","7A2EA","O","20091001",""
"RYNEF","7A2EF","O","20091001",""
"RYNF2","7A2F2","O","20091001",""
"RYNF4","7A2F4","O","20091001",""
"RYNF5","7A2F5","O","20091001","X"
"RYNFA","7A2FA","O","20091001",""
"RYNFC","7A2FC","O","20091001",""
"RYNFD","7A2FD","O","20091001",""
"RYNFE","7A2FE","O","20091001",""
"RYNH8","7A2H8","O","20091001",""
"RYNJA","7A2JA","O","20091001",""
"RYNK4","7A2K4","O","20091001",""
"RYNKD","7A2KD","O","20091001",""
"RYNL2","7A2L2","O","20091001",""
"RYNL3","7A2L3","O","20091001",""
"RYNL4","7A2L4","O","20091001",""
"RYNLB","7A2LB","O","20091001",""
"RYNLC","7A2LC","O","20091001",""
"RYNLK","7A2LK","O","20091001",""
"RYNLL","7A2LL","O","20091001",""
"RYNLP","7A2LP","O","20091001",""
"RYNLQ","7A2LQ","O","20091001",""
"RYNLT","7A2LT","O","20091001",""
"RYNLU","7A2LU","O","20091001",""
"RYNLV","7A2LV","O","20091001",""
"RYNLW","7A2LW","O","20091001",""
"RYNLY","7A2LY","O","20091001",""
"RYNM1","7A2M1","O","20091001",""
"RYNM4","7A2M4","O","20091001",""
"RYNM5","7A2M5","O","20091001",""
"RYNM6","7A2M6","O","20091001",""
"RYNM7","7A2M7","O","20091001",""
"RYNM8","7A2M8","O","20091001",""
"RYNMA","7A2MA","O","20091001",""
"RYNMB","7A2MB","O","20091001",""
"RYNMD","7A2MD","O","20091001",""
"RYNME","7A2ME","O","20091001",""
"RYNMF","7A2MF","O","20091001",""
"RYNMG","7A2MG","O","20091001",""
"RYNMH","7A2MH","O","20091001",""
"RYNMJ","7A2MJ","O","20091001",""
"RYNNN","7A2NN","O","20091001",""
"RYNNP","7A2NP","O","20091001",""
"RYNNQ","7A2NQ","O","20091001",""
"RYNNR","7A2NR","O","20091001",""
"RYNNS","7A2NS","O","20091001","X"
"RYNNT","7A2NT","O","20091001",""
"RYNNU","7A2NU","O","20091001",""
"RYNNV","7A2NV","O","20091001",""
"RYNNW","7A2NW","O","20091001",""
"RYNNX","7A2NX","O","20091001",""
"RYNNY","7A2NY","O","20091001",""
"RYNNZ","7A2NZ","O","20091001",""
"RYNP1","7A2P1","O","20091001",""
"RYNP2","7A2P2","O","20091001",""
"RYNP3","7A2P3","O","20091001",""
"RYNP4","7A2P4","O","20091001",""
"RYNP5","7A2P5","O","20091001",""
"RYNP6","7A2P6","O","20091001",""
"RYNP7","7A2P7","O","20091001",""
"RYNP8","7A2P8","O","20091001",""
"RYNP9","7A2P9","O","20091001",""
"RYNPA","7A2PA","O","20091001",""
"RYNPB","7A2PB","O","20091001",""
"RYNPC","7A2PC","O","20091001",""
"RYNPE","7A2PE","O","20091001",""
"RYNPF","7A2PF","O","20091001",""
"RYNPG","7A2PG","O","20091001",""
"RYNPH","7A2PH","O","20091001",""
"RYNPJ","7A2PJ","O","20091001",""
"RYNPL","7A2PL","O","20091001",""
"RYNPM","7A2PM","O","20091001","X"
"RYNPN","7A2PN","O","20091001",""
"RYNPP","7A2PP","O","20091001",""
"RYNPQ","7A2PQ","O","20091001","X"
"RYNPR","7A2PR","O","20091001",""
"RYNPS","7A2PS","O","20091001",""
"RYNPT","7A2PT","O","20091001",""
"RYNPV","7A2PV","O","20091001",""
"RYNPW","7A2PW","O","20091001",""
"RYNQ1","7A2Q1","O","20091001",""
"RYNQA","7A2QA","O","20091001",""
"RYNQE","7A2QE","O","20091001",""
"RYNQF","7A2QF","O","20091001",""
"RYNQK","7A2QK","O","20091001",""
"RYNQL","7A2QL","O","20091001",""
"RYNQM","7A2QM","O","20091001",""
"RYNQN","7A2QN","O","20091001",""
"RYNQP","7A2QP","O","20091001",""
"RYNQQ","7A2QQ","O","20091001",""
"RYNQR","7A2QR","O","20091001",""
"RYNQS","7A2QS","O","20091001",""
"RYNQT","7A2QT","O","20091001","X"
"RYNQU","7A2QU","O","20091001",""
"RYNQV","7A2QV","O","20091001",""
"RYNQW","7A2QW","O","20091001",""
"RYNQX","7A2QX","O","20091001",""
"RYNQY","7A2QY","O","20091001",""
"RYNQZ","7A2QZ","O","20091001",""
"RYNR1","7A2R1","O","20091001",""
"RYNR2","7A2R2","O","20091001",""
"RYNR3","7A2R3","O","20091001",""
"RYNR4","7A2R4","O","20091001",""
"RYNR5","7A2R5","O","20091001",""
"RYNR6","7A2R6","O","20091001",""
"RYNR7","7A2R7","O","20091001",""
"RYNRC","7A2RC","O","20091001",""
"RYNRD","7A2RD","O","20091001",""
"RYNRE","7A2RE","O","20091001",""
"RYP","7A1","O","20091001",""
"RYP21","7A121","O","20091001",""
"RYP22","7A122","O","20091001",""
"RYP23","7A123","O","20091001",""
"RYP25","7A125","O","20091001",""
"RYP26","7A126","O","20091001",""
"RYP28","7A128","O","20091001",""
"RYP2A","7A12A","O","20091001",""
"RYP33","7A133","O","20091001",""
"RYP3A","7A13A","O","20091001",""
"RYP3B","7A13B","O","20091001",""
"RYP3C","7A13C","O","20091001",""
"RYP4H","7A14H","O","20091001",""
"RYP4W","7A14W","O","20091001",""
"RYP4X","7A14X","O","20091001",""
"RYP5E","7A15E","O","20091001",""
"RYP5R","7A15R","O","20091001",""
"RYPA1","7A1A1","O","20091001",""
"RYPA2","7A1A2","O","20091001",""
"RYPA4","7A1A4","O","20091001",""
"RYPA4","7A1A3","O","20091001","X"
"RYPA5","7A1A5","O","20091001",""
"RYPA7","7A1A7","O","20091001",""
"RYPA8","7A1A8","O","20091001",""
"RYPA9","7A1A9","O","20091001",""
"RYPAA","7A1AA","O","20091001","X"
"RYPAB","7A1AB","O","20091001",""
"RYPAC","7A1AC","O","20091001","X"
"RYPAD","7A1AD","O","20091001",""
"RYPAE","7A1AE","O","20091001","X"
"RYPAF","7A1AF","O","20091001",""
"RYPCC","7A1CC","O","20091001",""
"RYPCF","7A1CF","O","20091001",""
"RYPD4","7A1D4","O","20091001",""
"RYPF3","7A1F3","O","20091001",""
"RYPF7","7A1F7","O","20091001",""
"RYPF8","7A1F8","O","20091001",""
"RYPF9","7A1F9","O","20091001",""
"RYPFA","7A1FA","O","20091001","X"
"RYPFC","7A1FC","O","20091001",""
"RYPFS","7A1FS","O","20091001",""
"RYPGQ","7A1GQ","O","20091001",""
"RYPGR","7A1GR","O","20091001",""
"RYPGS","7A1GS","O","20091001","X"
"RYPHD","7A1HD","O","20091001",""
"RYPJ1","7A1J1","O","20091001",""
"RYPJ2","7A1J2","O","20091001",""
"RYPJS","7A1JS","O","20091001",""
"RYPL1","7A1L1","O","20091001",""
"RYPL2","7A1L2","O","20091001",""
"RYPL5","7A1L5","O","20091001",""
"RYPL6","7A1L6","O","20091001",""
"RYPL7","7A1L7","O","20091001",""
"RYPLA","7A1L9","O","20091001","X"
"RYPLA","7A1LA","O","20091001",""
"RYPLC","7A1LC","O","20091001",""
"RYPLD","7A1LD","O","20091001",""
"RYPLF","7A1LF","O","20091001",""
"RYPLG","7A1LG","O","20091001",""
"RYPLM","7A1LM","O","20091001",""
"RYPLN","7A1LN","O","20091001","X"
"RYPLP","7A1LP","O","20091001",""
"RYPLR","7A1LR","O","20091001",""
"RYPM2","7A1M2","O","20091001",""
"RYPM3","7A1M3","O","20091001",""
"RYPM4","7A1M4","O","20091001",""
"RYPM5","7A1M5","O","20091001",""
"RYPM6","7A1M6","O","20091001",""
"RYPM7","7A1M7","O","20091001",""
"RYPM8","7A1M8","O","20091001",""
"RYPMA","7A1MA","O","20091001","X"
"RYPMC","7A1MC","O","20091001",""
"RYPMD","7A1MD","O","20091001",""
"RYPMF","7A1MF","O","20091001",""
"RYPMG","7A1MG","O","20091001",""
"RYPMH","7A1MH","O","20091001",""
"RYPMJ","7A1MJ","O","20091001",""
"RYPMK","7A1MK","O","20091001",""
"RYPML","7A1ML","O","20091001",""
"RYPMM","7A1MM","O","20091001",""
"RYPMN","7A1MN","O","20091001",""
"RYPMP","7A1MP","O","20091001",""
"RYPMQ","7A1MQ","O","20091001",""
"RYPMR","7A1MR","O","20091001",""
"RYPMT","7A1MT","O","20091001",""
"RYPMW","7A1MW","O","20091001",""
"RYPN5","7A1N5","O","20091001","X"
"RYPN7","7A1N7","O","20091001","X"
"RYPN8","7A1N8","O","20091001",""
"RYPNA","7A1NA","O","20091001",""
"RYPNG","7A1NG","O","20091001",""
"RYPP2","7A1P2","O","20091001",""
"RYPP3","7A1P3","O","20091001",""
"RYPP4","7A1P4","O","20091001",""
"RYPP6","7A1P6","O","20091001",""
"RYPP7","7A1P7","O","20091001",""
"RYPP8","7A1P8","O","20091001",""
"RYPP9","7A1P9","O","20091001",""
"RYPPA","7A1PA","O","20091001",""
"RYPPB","7A1PB","O","20091001",""
"RYPPC","7A1PC","O","20091001",""
"RYPPD","7A1PD","O","20091001",""
"RYPPG","7A1PG","O","20091001","X"
"RYPPH","7A1PH","O","20091001",""
"RYPRA","7A1RA","O","20091001",""
"RYPRB","7A1RB","O","20091001",""
"RYPRC","7A1RC","O","20091001",""
"RYPRD","7A1RD","O","20091001",""
"RYPRE","7A1RE","O","20091001",""
"RYPRF","7A1RF","O","20091001",""
"RYPRG","7A1RG","O","20091001",""
"RYPRJ","7A1RJ","O","20091001",""
"RYPRM","7A1RM","O","20091001",""
"RYPRN","7A1RN","O","20091001",""
"RYPRP","7A1RP","O","20091001",""
"RYPRQ","7A1RQ","O","20091001",""
"RYPRR","7A1RR","O","20091001",""
"RYPRS","7A1RS","O","20091001",""
"RYPRT","7A1RT","O","20091001",""
"RYPRU","7A1RU","O","20091001",""
"RYPRV","7A1RV","O","20091001",""
"RYPRW","7A1RW","O","20091001",""
"RYPRX","7A1RX","O","20091001",""
"RYPRY","7A1RY","O","20091001",""
"RYPRZ","7A1RZ","O","20091001",""
"RYPS1","7A1S1","O","20091001",""
"RYPS2","7A1S2","O","20091001",""
"RYPS3","7A1S3","O","20091001",""
"RYPS4","7A1S4","O","20091001",""
"RYPS5","7A1S5","O","20091001",""
"RYPS6","7A1S6","O","20091001",""
"RYPS7","7A1S7","O","20091001",""
"RYPS8","7A1S8","O","20091001",""
"RYPS9","7A1S9","O","20091001",""
"RYPSA","7A1SA","O","20091001","X"
"RYPSB","7A1SB","O","20091001",""
"RYPSC","7A1SC","O","20091001",""
"RYPSD","7A1SD","O","20091001","X"
"RYPSE","7A1SE","O","20091001",""
"RYPSF","7A1SF","O","20091001",""
"RYPSG","7A1SG","O","20091001",""
"RYPSH","7A1SH","O","20091001",""
"RYPSJ","7A1SJ","O","20091001",""
"RYPSM","7A1SM","O","20091001",""
"RYPSN","7A1SN","O","20091001",""
"RYPSP","7A1SP","O","20091001",""
"RYPSR","7A1SR","O","20091001",""
"RYPSS","7A1SS","O","20091001",""
"RYPST","7A1ST","O","20091001",""
"RYPSU","7A1SU","O","20091001",""
"RYPSV","7A1SV","O","20091001",""
"RYPSW","7A1SW","O","20091001",""
"RYPSX","7A1SX","O","20091001",""
"RYPSY","7A1SY","O","20091001",""
"RYPSZ","7A1SZ","O","20091001",""
"RYPTA","7A1TA","O","20091001",""
"RYPWV","7A1WV","O","20091001","X"
"RYPZC","7A1ZC","O","20091001",""
"RYV25","RYVC6","R","20160301","X"
"RYV38","RYV30","R","20160301","X"
"RYV84","RYV65","R","20160301",""
"SAA01","SAC02","R","19930401","X"
"SAA03","SAC03","R","19930401","X"
"SBA01","SBA03","R","19940401","F"
"SBA02","SBA04","R","19940401","F"
"SBA03","SBC01","R","19950401","X"
"SBA04","SBC02","R","19950401","X"
"SCA01","SCC01","R","19930401","X"
"SCA02","SCA06","R","19930101","F"
"SCA03","SCA06","R","19930101","F"
"SCA04","SCA07","R","19930101","F"
"SCA04","SCA08","R","19930301","F"
"SCA05","SCC02","R","19940401","X"
"SCA06","SCC03","R","19940401","X"
"SCA07","SCC04","R","19950401","X"
"SCA08","SCC05","R","19950401","X"
"SFA04","SFC02","R","19940401","X"
"SFA05","SFC03","R","19940401","X"
"SFA06","SFC01","R","19940401","X"
"SGA02","SGC05","R","19940401","X"
"SGA03","SGA11","R","19930401","F"
"SGA04","SGC01","R","19930401","X"
"SGA05","SGC06","R","19940401","X"
"SGA06","SGC03","R","19930401","X"
"SGA07","SGC04","R","19940401","X"
"SGA08","SGC02","R","19930401","X"
"SGA10","SGA11","R","19930401","F"
"SGA11","SGC07","R","19940401","X"
"SGA12","SGC08","R","19950401","X"
"SHA01","SHC02","R","19930401","X"
"SHA02","SHA05","R","19930401","F"
"SHA03","SHC01","R","19930401","X"
"SHA04","SHA05","R","19930401","F"
"SHA05","SHC03","R","19940401","X"
"SLA05","SLC02","R","19940401","X"
"SLA06","SLC03","R","19940401","X"
"SLA07","SLC04","R","19950401","X"
"SNA02","SNC02","R","19930401","X"
"SNA03","SNC03","R","19930401","X"
"SSA01","SSC01","R","19930401","X"
"SSA02","SSC06","R","19940401","X"
"SSA03","SSC04","R","19940401","X"
"SSA04","SSC05","R","19940401","X"
"SSA06","SSC03","R","19940401","X"
"SSA07","SSC02","R","19940401","X"
"STA01","STC04","R","19940401","X"
"STA02","STC01","R","19930401","X"
"STA05","STC02","R","19940401","X"
"STA06","STC03","R","19940401","X"
"SVA01","SVC02","R","19930401","X"
"SVA02","SVC03","R","19940401","X"
"SVA04","SVA05","R","19921101","F"
"SVA05","SVC04","R","19941001","X"
"SVC01","SVC04","R","19941001","X"
"SYA01","SYC01","R","19940401","X"
"SYA02","SYA04","R","19930601","F"
"SYA03","SYA04","R","19930601","F"
"SYA04","SYC02","R","19950401","X"
"T1120","T1451","O","20060401","X"
"T1140","T1430","R","20050401","F"
"T1140","X09","O","20050401","F"
"T114D","X0904","O","20050401","X"
"T114F","X0905","O","20050401","X"
"T114G","X0906","O","20050401","X"
"T1160","X80","O","20130401",""
"T1201","T1420","R","20041001","F"
"T1210","T1310","R","20030401","F"
"T1220","X17","O","20061001",""
"T1230","8HN02","O","20090401",""
"T1240","T1470","R","20120601",""
"T1260","T1460","R","20051001",""
"T1260","T146A","O","20051001",""
"T1270","T1452","O","20060401",""
"T1290","T1460","R","20051001",""
"T129C","T146C","R","20051001",""
"T129D","T146D","R","20051001",""
"T129E","T146E","R","20051001",""
"T129F","T146F","R","20051001",""
"T129G","T146G","R","20051001",""
"T129H","T146H","R","20051001",""
"T129J","T146J","R","20051001",""
"T129K","T146K","R","20051001",""
"T129L","T146L","R","20051001",""
"T129M","T146M","R","20051001",""
"T129N","T146N","R","20051001",""
"T129P","T146P","R","20051001",""
"T129Q","T146Q","R","20051001",""
"T129R","T146R","R","20051001",""
"T129T","T146T","R","20051001",""
"T129V","T146V","R","20051001",""
"T129W","T146W","R","20051001",""
"T129X","T146X","R","20051001",""
"T1310","X25","O","20130401",""
"T1320","T1453","O","20060401","X"
"T1370","RYH","O","20070401","X"
"T1371","RYH01","O","20070401","X"
"T1372","RYH02","O","20070401","X"
"T1373","RYH03","O","20070401","X"
"T1374","RYH04","O","20070401","X"
"T1375","RYH05","O","20070401","X"
"T1376","RYH06","O","20070401","X"
"T1377","RYH07","O","20070401","X"
"T1378","RYH08","O","20070401","X"
"T1379","RYH09","O","20070401","X"
"T137A","RYH10","O","20070401","X"
"T137C","RYH11","O","20070401","X"
"T137D","RYH12","O","20070401","X"
"T137E","RYH13","O","20070401","X"
"T137F","RYH14","O","20070401","X"
"T137G","RYH15","O","20070401","X"
"T137H","RYH16","O","20070401","X"
"T137J","RYH17","O","20070401","X"
"T137K","RYH18","O","20070401","X"
"T137L","RYH19","O","20070401","X"
"T137M","RYH20","O","20070401","X"
"T137N","RYH21","O","20070401","X"
"T137P","RYH22","O","20070401","X"
"T137Q","RYH23","O","20070401","X"
"T137R","RYH24","O","20070401","X"
"T137T","RYH25","O","20070401","X"
"T137V","RYH26","O","20070401","X"
"T137W","RYH27","O","20070401","X"
"T137X","RYH28","O","20070401","X"
"T137Y","RYH29","O","20070401","X"
"T1381","RYH30","O","20070401","X"
"T1382","RYH31","O","20070401","X"
"T1383","RYH32","O","20070401","X"
"T1384","RYH33","O","20070401","X"
"T1385","RYH34","O","20070401","X"
"T1386","RYH35","O","20070401","X"
"T1387","RYH36","O","20070401","X"
"T1390","T1454","O","20060401",""
"T1420","T1455","O","20060401","X"
"T1421","T1455","R","20060401","X"
"T1422","T1457","R","20060401","X"
"T1423","T1456","R","20060401","X"
"T1424","T1458","R","20060401","X"
"T1425","T1459","R","20060401","X"
"T1426","T145A","R","20060401","X"
"T1427","T145C","R","20060401","X"
"T1430","X26","O","20130401",""
"T1431","X2601","O","20130401",""
"T1490","T1520","R","20160401",""
"T290","T2KQ","R","20160101",""
"TAA","TAE","O","20020401","F"
"TAE","RXV","O","20170101",""
"TAG","5PX","O","20061001","X"
"TAG01","5PX55","O","20061001","X"
"TAG02","5PX31","O","20061001","X"
"TAG03","5PX75","O","20061001","X"
"TAG04","5PX76","O","20061001","X"
"TAG04","5PX36","O","20061001","X"
"TAG05","5PX23","O","20061001","X"
"TAG07","5PX07","O","20061001","X"
"TAG08","5PX08","O","20061001","X"
"TAG09","5PX20","O","20061001","X"
"TAG10","5PX21","O","20061001","X"
"TAG11","5PX26","O","20061001","X"
"TAG12","5PX28","O","20061001","X"
"TAG13","5PX91","O","20061001","X"
"TAG15","5PX41","O","20061001","X"
"TAG16","5PX42","O","20061001","X"
"TAG17","5PX43","O","20061001","X"
"TAG18","5PX45","O","20061001","X"
"TAG19","5PX46","O","20061001","X"
"TAG20","5PX47","O","20061001","X"
"TAG21","5PX49","O","20061001","X"
"TAG22","5PX58","O","20061001","X"
"TAG23","5PX66","O","20061001","X"
"TAG24","5PX70","O","20061001","X"
"TAG25","5PX72","O","20061001","X"
"TAG26","5PX73","O","20061001","X"
"TAG27","5PX77","O","20061001","X"
"TAG28","5PX02","O","20061001","X"
"TAG29","5PX17","O","20061001","X"
"TAG30","5PX60","O","20061001","X"
"TAG31","5PX64","O","20061001","X"
"TAG32","5PX30","O","20061001","X"
"TAG33","5PX59","O","20061001","X"
"TAG34","5PX78","O","20061001","X"
"TAG35","5PX18","O","20061001","X"
"TAG36","5PX27","O","20061001","X"
"TAG37","5PX24","O","20061001","X"
"TAG38","5PX63","O","20061001","X"
"TAG39","5PX09","O","20061001","X"
"TAG40","5PX10","O","20061001","X"
"TAG41","5PX79","O","20061001","X"
"TAG42","5PX13","O","20061001","X"
"TAM","5QW","O","20110415","X"
"TAM01","5QW01","O","20110415","X"
"TAM02","5QW02","O","20110415","X"
"TAM03","5QW03","O","20110415","X"
"TAM04","5QW04","O","20110415","X"
"TAM06","5QW06","O","20110415","X"
"TAM07","5QW07","O","20110415","X"
"TAM08","5QW08","O","20110415","X"
"TAM09","5QW09","O","20110415","X"
"TAM10","5QW10","O","20110415","X"
"TAM11","5QW11","O","20110415","X"
"TAM12","5QW12","O","20110415","X"
"TAM13","5QW13","O","20110415","X"
"TAM14","5QW14","O","20110415","X"
"TAM15","5QW15","O","20110415","X"
"TAM16","5QW16","O","20110415","X"
"TAM17","5QW17","O","20110415","X"
"TAM18","5QW18","O","20110415","X"
"TAM19","5QW19","O","20110415","X"
"TAM20","5QW20","O","20110415","X"
"TAM21","5QW21","O","20110415","X"
"TAM22","5QW22","O","20110415","X"
"TAM23","5QW23","O","20110415","X"
"TAM24","5QW24","O","20110415","X"
"TAM25","5QW25","O","20110415","X"
"TAM26","5QW26","O","20110415","X"
"TAM27","5QW27","O","20110415","X"
"TAM28","5QW28","O","20110415","X"
"TAM29","5QW29","O","20110415","X"
"TAM30","5QW30","O","20110415","X"
"TAM31","5QW31","O","20110415","X"
"TAM32","5QW32","O","20110415","X"
"TAM33","5QW33","O","20110415","X"
"TAM34","5QW34","O","20110415","X"
"TAM35","5QW35","O","20110415","X"
"TAM36","5QW36","O","20110415","X"
"TAM37","5QW37","O","20110415","X"
"TAM38","5QW38","O","20110415","X"
"TAM39","5QW39","O","20110415","X"
"TAM40","5QW40","O","20110415","X"
"TAM41","5QW41","O","20110415","X"
"TAM42","5QW42","O","20110415","X"
"TAM43","5QW43","O","20110415","X"
"TAM44","5QW44","O","20110415","X"
"TAM45","5QW45","O","20110415","X"
"TAM46","5QW46","O","20110415","X"
"TAM47","5QW47","O","20110415","X"
"TAM49","5QW49","O","20110415","X"
"TAM50","5QW50","O","20110415","X"
"TAM51","5QW51","O","20110415","X"
"TAM52","5QW52","O","20110415","X"
"TAM53","5QW53","O","20110415","X"
"TAM54","5QW54","O","20110415","X"
"TAMC1","5QWC1","O","20110415","X"
"TAMC2","5QWC2","O","20110415","X"
"TAMF1","5QWF1","O","20110415","X"
"TAMHQ","5QWHQ","O","20110415","X"
"TAML1","5QWL1","O","20110415","X"
"TAMP1","5QWP1","O","20110415","X"
"TP0YH","TP1X8","R","20160101","X"
"TP29Q","TP1XC","R","20160101","X"
"V001","108","O","20130401",""
"V002","107","O","20130401",""
"V003","V398","R","20090401","X"
"V005","611","O","20130401",""
"V006","V398","R","20090401","X"
"V007","V398","R","20090401","X"
"V008","614","O","20130401",""
"V009","616","O","20130401",""
"V010","617","O","20130401",""
"V011","615","O","20130401",""
"V012","618","O","20130401",""
"V013","619","O","20130401",""
"V014","909","O","20130401",""
"V015","612","O","20130401","F"
"V016","122","O","20130401","F"
"V017","156","O","20130401","F"
"V018","613","O","20130401",""
"V019","294","O","20130401","F"
"V020","379","O","20130401","F"
"V021","623","O","20130401",""
"V022","142","O","20130401",""
"V023","173","O","20130401",""
"V024","190","O","20130401",""
"V025","232","O","20130401",""
"V026","624","O","20130401",""
"V027","295","O","20130401",""
"V028","V392","R","20090401","F"
"V029","V399","R","20090401","X"
"V030","V392","R","20090401","F"
"V031","V392","R","20090401","F"
"V032","V399","R","20090401","X"
"V033","321","O","20130401",""
"V034","V392","R","20090401","F"
"V035","V399","R","20090401","X"
"V036","322","O","20130401",""
"V037","V393","R","20090401","F"
"V038","V393","R","20090401","F"
"V039","V393","R","20090401","F"
"V040","V393","R","20090401","F"
"V041","V393","R","20090401","F"
"V042","V393","R","20090401","F"
"V043","V393","R","20090401","F"
"V044","906","O","20130401",""
"V045","102","O","20130401","F"
"V046","115","O","20130401","F"
"V047","124","O","20130401","F"
"V048","146","O","20130401","F"
"V049","162","O","20130401","F"
"V050","183","O","20130401","F"
"V051","303","O","20130401","F"
"V052","506","O","20130401",""
"V053","118","O","20130401",""
"V054","130","O","20130401",""
"V055","154","O","20130401",""
"V056","507","O","20130401",""
"V057","171","O","20130401",""
"V058","187","O","20130401",""
"V059","229","O","20130401",""
"V060","260","O","20130401",""
"V062","296","O","20130401",""
"V063","912","O","20130401",""
"V064","174","O","20130401",""
"V065","188","O","20130401",""
"V066","248","O","20130401",""
"V067","258","O","20130401",""
"V068","913","O","20130401",""
"V069","297","O","20130401",""
"V070","346","O","20130401",""
"V071","914","O","20130401",""
"V072","354","O","20130401",""
"V073","366","O","20130401",""
"V074","809","O","20130401",""
"V075","810","O","20130401","F"
"V076","158","O","20130401","F"
"V077","175","O","20130401","F"
"V078","259","O","20130401","F"
"V079","811","O","20130401","F"
"V080","275","O","20130401","F"
"V081","367","O","20130401","F"
"V082","372","O","20130401","F"
"V083","V394","R","20090401","F"
"V084","V394","R","20090401","F"
"V085","117","O","20130401",""
"V086","V394","R","20090401","F"
"V087","V394","R","20090401","F"
"V088","V394","R","20090401","F"
"V089","111","O","20130401",""
"V090","V394","R","20090401","F"
"V091","114","O","20130401",""
"V092","V394","R","20090401","F"
"V093","V394","R","20090401","F"
"V094","214","O","20130401",""
"V095","215","O","20130401",""
"V096","815","O","20130401",""
"V097","816","O","20130401",""
"V098","181","O","20130401",""
"V099","226","O","20130401",""
"V100","239","O","20130401",""
"V101","283","O","20130401",""
"V102","363","O","20130401",""
"V103","620","O","20130401",""
"V104","125","O","20130401",""
"V105","132","O","20130401",""
"V106","134","O","20130401",""
"V107","148","O","20130401",""
"V108","151","O","20130401",""
"V109","160","O","20130401",""
"V110","185","O","20130401",""
"V111","223","O","20130401",""
"V112","242","O","20130401",""
"V113","281","O","20130401",""
"V114","621","O","20130401",""
"V115","347","O","20130401",""
"V116","622","O","20130401",""
"V117","356","O","20130401",""
"V118","904","O","20130401",""
"V119","152","O","20130401",""
"V120","164","O","20130401",""
"V121","193","O","20130401",""
"V122","196","O","20130401",""
"V123","911","O","20130401",""
"V124","338","O","20130401",""
"V125","349","O","20130401",""
"V126","203","O","20130401",""
"V127","714","O","20130401",""
"V128","716","O","20130401",""
"V129","717","O","20130401",""
"V130","718","O","20130401",""
"V131","719","O","20130401",""
"V132","720","O","20130401",""
"V133","702","O","20130401",""
"V134","721","O","20130401",""
"V135","722","O","20130401",""
"V136","723","O","20130401",""
"V137","703","O","20130401",""
"V138","704","O","20130401",""
"V139","705","O","20130401",""
"V140","724","O","20130401",""
"V141","725","O","20130401",""
"V142","726","O","20130401",""
"V143","727","O","20130401",""
"V144","728","O","20130401",""
"V145","706","O","20130401",""
"V146","707","O","20130401",""
"V147","729","O","20130401",""
"V148","708","O","20130401",""
"V149","709","O","20130401",""
"V150","730","O","20130401",""
"V151","731","O","20130401",""
"V152","732","O","20130401",""
"V153","733","O","20130401",""
"V154","710","O","20130401",""
"V155","734","O","20130401",""
"V156","711","O","20130401",""
"V157","735","O","20130401",""
"V158","712","O","20130401",""
"V159","713","O","20130401",""
"V160","304","O","20130401",""
"V161","305","O","20130401",""
"V162","306","O","20130401",""
"V163","307","O","20130401",""
"V164","308","O","20130401",""
"V165","309","O","20130401",""
"V166","310","O","20130401",""
"V167","311","O","20130401",""
"V168","312","O","20130401",""
"V169","313","O","20130401",""
"V170","812","O","20130401",""
"V171","126","O","20130401",""
"V172","176","O","20130401",""
"V173","182","O","20130401",""
"V174","189","O","20130401",""
"V175","197","O","20130401",""
"V176","225","O","20130401",""
"V177","227","O","20130401",""
"V178","254","O","20130401",""
"V179","813","O","20130401",""
"V180","287","O","20130401",""
"V181","814","O","20130401",""
"V182","348","O","20130401",""
"V183","373","O","20130401",""
"V184","415","O","20130401",""
"V185","606","O","20130401",""
"V186","138","O","20130401",""
"V187","167","O","20130401",""
"V188","177","O","20130401",""
"V189","228","O","20130401",""
"V190","261","O","20130401",""
"V191","332","O","20130401",""
"V192","336","O","20130401",""
"V193","121","O","20130401",""
"V194","144","O","20130401",""
"V195","365","O","20130401",""
"V196","803","O","20130401",""
"V197","820","O","20130401",""
"V198","351","O","20130401",""
"V199","360","O","20130401",""
"V200","168","O","20130401",""
"V201","172","O","20130401",""
"V202","198","O","20130401",""
"V203","241","O","20130401",""
"V205","292","O","20130401",""
"V206","293","O","20130401",""
"V207","341","O","20130401",""
"V208","350","O","20130401",""
"V209","352","O","20130401",""
"V210","355","O","20130401",""
"V211","323","O","20130401",""
"V212","324","O","20130401",""
"V213","325","O","20130401",""
"V214","140","O","20130401",""
"V215","157","O","20130401",""
"V216","194","O","20130401",""
"V217","233","O","20130401",""
"V218","238","O","20130401",""
"V219","272","O","20130401",""
"V220","274","O","20130401",""
"V221","279","O","20130401",""
"V222","282","O","20130401",""
"V223","328","O","20130401",""
"V224","368","O","20130401",""
"V225","380","O","20130401",""
"V226","508","O","20130401",""
"V227","128","O","20130401",""
"V228","150","O","20130401",""
"V229","222","O","20130401",""
"V230","230","O","20130401",""
"V231","509","O","20130401",""
"V232","245","O","20130401",""
"V233","265","O","20130401",""
"V234","269","O","20130401",""
"V235","503","O","20130401",""
"V236","131","O","20130401",""
"V237","178","O","20130401",""
"V238","159","O","20130401",""
"V239","216","O","20130401",""
"V240","262","O","20130401",""
"V241","217","O","20130401",""
"V242","298","O","20130401",""
"V243","299","O","20130401",""
"V244","369","O","20130401",""
"V245","315","O","20130401",""
"V246","316","O","20130401",""
"V247","318","O","20130401",""
"V248","317","O","20130401",""
"V249","319","O","20130401",""
"V250","607","O","20130401",""
"V251","133","O","20130401",""
"V252","136","O","20130401",""
"V253","199","O","20130401",""
"V254","237","O","20130401",""
"V255","263","O","20130401",""
"V256","267","O","20130401",""
"V257","314","O","20130401",""
"V258","504","O","20130401","F"
"V259","163","O","20130401","F"
"V260","169","O","20130401","F"
"V261","179","O","20130401","F"
"V262","236","O","20130401","F"
"V263","266","O","20130401","F"
"V264","382","O","20130401","F"
"V265","364","O","20130401","F"
"V267","V395","R","20090401","F"
"V268","V395","R","20090401","F"
"V269","V395","R","20090401","F"
"V270","V395","R","20090401","F"
"V271","V395","R","20090401","F"
"V272","V395","R","20090401","F"
"V273","218","O","20130401",""
"V274","165","O","20130401","F"
"V275","221","O","20130401","F"
"V276","224","O","20130401","F"
"V277","112","O","20130401",""
"V278","113","O","20130401",""
"V279","280","O","20130401","F"
"V280","288","O","20130401","F"
"V281","289","O","20130401","F"
"V282","291","O","20130401","F"
"V283","219","O","20130401",""
"V284","511","O","20130401",""
"V285","120","O","20130401",""
"V286","127","O","20130401",""
"V287","139","O","20130401",""
"V288","195","O","20130401",""
"V289","244","O","20130401",""
"V290","255","O","20130401",""
"V291","512","O","20130401",""
"V292","286","O","20130401",""
"V293","608","O","20130401",""
"V294","153","O","20130401",""
"V295","270","O","20130401",""
"V296","383","O","20130401",""
"V297","358","O","20130401",""
"V298","370","O","20130401",""
"V299","510","O","20130401",""
"V300","V396","R","20090401","F"
"V301","V396","R","20090401","F"
"V302","V396","R","20090401","F"
"V303","V396","R","20090401","F"
"V304","V396","R","20090401","F"
"V305","V396","R","20090401","F"
"V306","418","O","20130401",""
"V307","905","O","20130401",""
"V308","908","O","20130401",""
"V309","246","O","20130401","F"
"V310","910","O","20130401",""
"V311","290","O","20130401","F"
"V312","329","O","20130401","F"
"V313","345","O","20130401","F"
"V314","371","O","20130401","F"
"V315","204","O","20130401",""
"V316","205","O","20130401",""
"V317","206","O","20130401",""
"V318","207","O","20130401",""
"V319","413","O","20130401",""
"V320","143","O","20130401",""
"V321","180","O","20130401",""
"V322","240","O","20130401",""
"V323","256","O","20130401",""
"V324","330","O","20130401",""
"V325","334","O","20130401",""
"V326","335","O","20130401",""
"V327","414","O","20130401",""
"V328","343","O","20130401",""
"V329","609","O","20130401",""
"V330","123","O","20130401",""
"V331","192","O","20130401","F"
"V332","234","O","20130401",""
"V333","249","O","20130401",""
"V334","333","O","20130401","F"
"V335","339","O","20130401","F"
"V336","361","O","20130401","F"
"V337","805","O","20130401",""
"V338","184","O","20130401",""
"V339","186","O","20130401",""
"V340","208","O","20130401",""
"V341","251","O","20130401",""
"V342","277","O","20130401",""
"V343","285","O","20130401",""
"V344","331","O","20130401",""
"V345","340","O","20130401",""
"V346","344","O","20130401",""
"V347","362","O","20130401",""
"V348","374","O","20130401",""
"V349","404","O","20130401",""
"V350","106","O","20130401",""
"V351","109","O","20130401",""
"V352","110","O","20130401",""
"V353","264","O","20130401",""
"V354","268","O","20130401",""
"V355","284","O","20130401",""
"V356","337","O","20130401",""
"V357","359","O","20130401",""
"V358","406","O","20130401",""
"V359","407","O","20130401",""
"V360","408","O","20130401",""
"V361","409","O","20130401",""
"V362","410","O","20130401",""
"V363","411","O","20130401",""
"V364","412","O","20130401",""
"V365","807","O","20130401",""
"V366","105","O","20130401",""
"V367","119","O","20130401",""
"V368","155","O","20130401",""
"V369","166","O","20130401",""
"V370","231","O","20130401",""
"V371","250","O","20130401",""
"V372","376","O","20130401",""
"V373","209","O","20130401",""
"V374","210","O","20130401",""
"V375","211","O","20130401",""
"V376","212","O","20130401",""
"V377","213","O","20130401",""
"V378","V397","R","20090401","F"
"V379","V397","R","20090401","F"
"V380","V397","R","20090401","F"
"V381","V397","R","20090401","F"
"V382","819","O","20130401",""
"V383","V397","R","20090401","F"
"V384","416","O","20130401",""
"V385","137","O","20130401",""
"V386","243","O","20130401",""
"V387","276","O","20130401",""
"V388","375","O","20130401",""
"V389","378","O","20130401",""
"V390","381","O","20130401",""
"V392","326","O","20130401",""
"V393","902","O","20130401",""
"V394","116","O","20130401",""
"V395","104","O","20130401",""
"V396","417","O","20130401",""
"V397","817","O","20130401",""
"V400","045","O","20130401",""
"V401","036","O","20130401",""
"V402","044","O","20130401",""
"V403","052","O","20130401",""
"V404","030","O","20130401",""
"V405","026","O","20130401",""
"V406","016","O","20130401",""
"V407","018","O","20130401",""
"V408","020","O","20130401",""
"V409","014","O","20130401",""
"V410","012","O","20130401",""
"V411","042","O","20130401",""
"V412","048","O","20130401",""
"V413","034","O","20130401",""
"V414","050","O","20130401",""
"V415","028","O","20130401",""
"V416","024","O","20130401",""
"V417","040","O","20130401",""
"V418","032","O","20130401",""
"V419","046","O","20130401",""
"V420","038","O","20130401",""
"V421","022","O","20130401",""
"W00HC","W01HC","O","20030401","X"
"W84R3","8WC91","O","19960401","X"
"W87PB","8WD99","O","19960401",""
"W88EK","8WE30","O","19960401",""
"W89","QW3","O","19960401","X"
"WA31L","RKJ1L","O","19930401","F"
"WA31M","RKJ1M","O","19930401","F"
"WA31N","RKJ1N","O","19930401","F"
"WA31P","RKJ1P","O","19930401","F"
"WA31Q","RKJ1Q","O","19930401","F"
"WA31R","RKJ1R","O","19930401","F"
"WA31S","RKJ1S","O","19930401","F"
"WA32L","RKJ2L","O","19930401","F"
"WA32M","RKJ2M","O","19930401","F"
"WA3CC","RKJCC","O","19930401","F"
"WA3FW","RKJFW","O","19930401","X"
"WA3ME","RKJME","O","19930401","X"
"WA3P4","RKJP4","O","19930401","F"
"WA3P5","RKJP5","O","19930401","F"
"WA3PD","RKJPD","O","19930401","F"
"WA3PG","RKJPG","O","19930401","F"
"WA3PH","RKJPH","O","19930401","X"
"WA3RL","RKJRL","O","19930401","F"
"WA3RM","RKJRM","O","19930401","F"
"WA3RP","RKJRP","O","19930401","F"
"WA3RQ","RKJRQ","O","19930401","F"
"WA3RR","RKJRR","O","19930401","F"
"WA3RS","RKJRS","O","19930401","F"
"WA3RU","RKJRU","O","19930401","F"
"WA3RV","RKJRV","O","19930401","F"
"WA3RW","RKJRW","O","19930401","F"
"WA3RX","RKJRX","O","19930401","F"
"WA3RY","RKJRY","O","19930401","F"
"WA3RZ","RKJRZ","O","19930401","F"
"WA3S1","RKJS1","O","19930401","F"
"WA3S2","RKJS2","O","19930401","F"
"WA3S3","RKJS3","O","19930401","F"
"WA3S4","RKJS4","O","19930401","F"
"WA3S5","RKJS5","O","19930401","F"
"WA3S6","RKJS6","O","19930401","F"
"WA3S7","RKJS7","O","19930401","F"
"WA3S8","RKJS8","O","19930401","F"
"WA3S9","RKJS9","O","19930401","F"
"WA3SA","RKJSA","O","19930401","F"
"WA3SB","RKJSB","O","19930401","F"
"WA3SC","RKJSC","O","19930401","F"
"WA3SD","RKJSD","O","19930401","F"
"WA3SE","RKJSE","O","19930401","F"
"WA3SF","RKJSF","O","19930401","F"
"WA3SG","RKJSG","O","19930401","F"
"WA3SH","RKJSH","O","19930401","F"
"WA3SJ","RKJSJ","O","19930401","F"
"WA3SK","RKJSK","O","19930401","X"
"WA3SM","RKJSM","O","19930401","F"
"WA3SN","RKJSN","O","19930401","F"
"WA3SP","RKJSP","O","19930401","F"
"WA3SQ","RKJSQ","O","19930401","X"
"WA3SR","RKJSR","O","19930401","F"
"WA3SS","RKJSS","O","19930401","F"
"WA3ST","RKJST","O","19930401","X"
"WA3SU","RKJSU","O","19930401","F"
"WA3SV","RKJSV","O","19930401","F"
"WA3SW","RKJSW","O","19930401","F"
"WA3SX","RKJSX","O","19930401","F"
"WA3SY","RKJSY","O","19930401","F"
"WA3SZ","RKJSZ","O","19930401","F"
"WC35J","RKN5J","O","19930401","F"
"WC36T","8DW52","O","19960401",""
"WC3FX","RKNFX","O","19930401","F"
"WD24Q","RQC4Q","O","19940401","F"
"WD2FT","RQCFT","O","19940401","F"
"WD2FU","RQCFU","O","19940401","F"
"WD2LJ","RQCLJ","O","19940401","F"
"WD2LR","RQCLR","O","19940401","F"
"WD2LS","RQCLS","O","19940401","F"
"WD2M3","RQCM3","O","19940401","F"
"WD2MF","RQCMF","O","19940401","F"
"WD2P2","RQCP2","O","19940401","X"
"WD2R8","RQCR8","O","19940401","F"
"WD2RN","RQCRN","O","19940401","F"
"WE2MR","RRSMR","O","19960401","F"
"WE2MS","RRSMS","O","19960401","F"
"WE2MT","RRSMT","O","19960401","F"
"WE2MV","RRSMV","O","19960401","F"
"WE2MW","RRSMW","O","19960401","F"
"WE2MX","RRSMX","O","19960401","F"
"WE2MY","RRSMY","O","19960401","F"
"WE2MZ","RRSMZ","O","19960401","F"
"WE2N1","RRSN1","O","19960401","F"
"WE2N2","RRSN2","O","19960401","F"
"WE2N3","RRSN3","O","19960401","F"
"WE2N4","RRSN4","O","19960401","F"
"WE2N5","RRSN5","O","19960401","F"
"WE2N6","RRSN6","O","19960401","F"
"WE2N7","RRSN7","O","19960401","F"
"WE2N8","RRSN8","O","19960401","F"
"WE2N9","RRSN9","O","19960401","F"
"WE2QE","RRSQE","O","19960401","F"
"WE3FV","RKQFV","O","19930401","F"
"WE3LZ","RKQLZ","O","19930401","F"
"WE3NA","RKQNA","O","19930401","F"
"WE3NB","RKQNB","O","19930401","F"
"WE3NC","RKQNC","O","19930401","F"
"WE3ND","RKQND","O","19930401","F"
"WE3NE","RKQNE","O","19930401","F"
"WE3NF","RKQNF","O","19930401","F"
"WE3NG","RKQNG","O","19930401","F"
"WE3NH","RKQNH","O","19930401","F"
"WE3NJ","RKQNJ","O","19930401","F"
"WE3P9","RKQP9","O","19930401","F"
"WE3PA","RKQPA","O","19930401","F"
"WE3PE","RKQPE","O","19930401","F"
"WE5BK","RQDBK","O","19940401","F"
"WE5NK","RQDNK","O","19940401","F"
"WE5NL","RQDNL","O","19940401","F"
"WE5NM","RQDNM","O","19940401","F"
"WE5NN","RQDNN","O","19940401","F"
"WE5NP","RQDNP","O","19940401","F"
"WE5NQ","RQDNQ","O","19940401","F"
"WE5NR","RQDNR","O","19940401","F"
"WE5NS","RQDNS","O","19940401","F"
"WE5NT","RQDNT","O","19940401","F"
"WE5NU","RQDNU","O","19940401","F"
"WE5NV","RQDNV","O","19940401","F"
"WE5NW","RQDNW","O","19940401","F"
"WE5NX","RQDNX","O","19940401","F"
"WE5NY","RQDNY","O","19940401","F"
"WE5PB","RQDPB","O","19940401","F"
"WE5QF","RQDQF","O","19940401","F"
"WE651","RKM51","O","19960401","F"
"WE655","RKM55","O","19960401","F"
"WE656","RKM56","O","19960401","F"
"WE659","RKM59","O","19960401","F"
"WE65G","RKM5G","O","19960401","X"
"WE65H","RKM5H","O","19960401","F"
"WE65W","RKM5W","O","19960401","F"
"WE65X","RKM5X","O","19960401","F"
"WE65Y","RKM5Y","O","19960401","X"
"WE65Z","RKM5Z","O","19960401","F"
"WE6QG","RKMQG","O","19960401","F"
"WE6RB","RKMRB","O","19940401","X"
"WE7P1","RQGP1","O","19940401","F"
"WG12N","RKK2N","O","19930401","F"
"WG12P","RKK2P","O","19930401","F"
"WG12Q","RKK2Q","O","19930401","X"
"WG12R","RKK2R","O","19930401","X"
"WG13M","RKK3M","O","19930401","X"
"WG13N","RKK3N","O","19930401","X"
"WG13P","RKK3P","O","19930401","F"
"WG13Q","RKK3Q","O","19930401","F"
"WG13R","RKK3R","O","19930401","X"
"WG13S","RKK3S","O","19930401","F"
"WG14L","RKK4L","O","19930401","X"
"WG14M","RKK4M","O","19930401","F"
"WG14N","RKK4N","O","19930401","F"
"WG14Q","RKK4Q","O","19930401","F"
"WG14R","RKK4R","O","19930401","X"
"WG14S","RKK4S","O","19930401","X"
"WG15L","RKK5L","O","19930401","X"
"WG15M","RKK5M","O","19930401","X"
"WG15N","RKK5N","O","19930401","X"
"WG15P","RKK5P","O","19930401","F"
"WG15Q","RKK5Q","O","19930401","X"
"WG15R","RKK5R","O","19930401","F"
"WG16L","RKK6L","O","19930401","F"
"WG16M","RKK6M","O","19930401","X"
"WG16N","RKK6N","O","19930401","F"
"WG16P","RKK6P","O","19930401","F"
"WG16Q","RKK6Q","O","19930401","F"
"WG16R","RKK6R","O","19930401","X"
"WG16S","RKK6S","O","19930401","F"
"WG17L","RKK7L","O","19930401","X"
"WG17M","RKK7M","O","19930401","F"
"WG1GF","RKKGF","O","19930401","X"
"WG1KH","RKK9J","O","19930401","X"
"WG1KJ","RKKKJ","O","19930401","F"
"WG1KK","RKKKK","O","19930401","X"
"WG1KM","RKKKM","O","19930401","F"
"WG1KQ","RKKKQ","O","19930401","F"
"WG27N","RKK7N","O","19930401","X"
"WG27P","RKK7P","O","19930401","F"
"WG27Q","RKK7Q","O","19930401","F"
"WG27R","RKK7R","O","19930401","F"
"WG27S","RKK7S","O","19930401","X"
"WG28L","RKK8L","O","19930401","X"
"WG28N","RKK8N","O","19930401","F"
"WG28P","RKK8P","O","19930401","X"
"WG28Q","RKK8Q","O","19930401","F"
"WG28S","RKK8S","O","19930401","F"
"WG29L","RKK9L","O","19930401","X"
"WG29M","RKK9M","O","19930401","F"
"WG29N","RKK9N","O","19930401","F"
"WG2DW","RKKDW","O","19930401","X"
"WG2GG","RKKGG","O","19930401","F"
"WG2GH","RKKGH","O","19930401","F"
"WG2GJ","RKKGJ","O","19930401","F"
"WG2GK","RKKGK","O","19930401","F"
"WG2KT","RKKKT","O","19930401","F"
"WG2KV","RKKKV","O","19930401","F"
"WG2KW","RKKKW","O","19930401","X"
"WG2KX","RKKKX","O","19930401","X"
"WH1MJ","RKPMJ","O","19950401","F"
"WH1MK","RRNMK","O","19950401","F"
"WH1MP","RRNMP","O","19950401","F"
"WH1PC","RRNPC","O","19950401","F"
"WH3LX","WK18W","R","19930317","F"
"WH58J","RRN18","O","19950401","F"
"WH5Q9","RRNQ9","O","19950401","F"
"WH5QA","RRNQA","O","19950401","F"
"WJ3MG","WJ5P7","R","19950401","F"
"WJ4P7","WJ5P7","R","19950401","F"
"WJ5","RRT","O","19960401","F"
"WJ52W","RRT2W","O","19960401","F"
"WJ54P","RRT4P","O","19960401","F"
"WJ5C9","RRTC9","O","19960401","F"
"WJ5CA","RRTCA","O","19960401","F"
"WJ5DR","RRTDR","O","19960401","F"
"WJ5DS","RRTDS","O","19960401","F"
"WJ5FJ","RRTFJ","O","19960401","F"
"WJ5FK","RRTFK","O","19960401","F"
"WJ5GD","RRTGD","O","19960401","F"
"WJ5K7","RRTK7","O","19960401","F"
"WJ5K8","RRTK8","O","19960401","F"
"WJ5KB","RRTKB","O","19960401","F"
"WJ5KC","RRTKC","O","19960401","F"
"WJ5P6","RRTP6","O","19960401","X"
"WJ5P7","RRTP7","O","19960401","F"
"WJ5PD","RRTPD","O","19960401","F"
"WJ5PE","RRTPE","O","19960401","F"
"WJ5PF","RRTPF","O","19960401","F"
"WJ5PG","RRTPG","O","19960401","F"
"WJ5PJ","RRTPJ","O","19960401","F"
"WJ5PK","RRTPK","O","19960401","F"
"WJ5PL","RRTPL","O","19960401","F"
"WJ5PM","RRTPM","O","19960401","F"
"WJ5PN","RRTPN","O","19960401","F"
"WJ5PP","RRTPP","O","19960401","F"
"WJ5PQ","RRTPQ","O","19960401","F"
"WJ5PR","RRTPR","O","19960401","F"
"WJ5PS","RRTPS","O","19960401","F"
"WJ5PT","RRTPT","O","19960401","F"
"WJ5PU","RRTPU","O","19960401","F"
"WJ5PV","RRTPV","O","19960401","F"
"WJ5PW","RRTPW","O","19960401","X"
"WJ5PX","RRTPX","O","19960401","F"
"WJ5PY","RRTPY","O","19960401","F"
"WJ5PZ","RRTPZ","O","19960401","F"
"WJ5Q1","RRTQ1","O","19960401","F"
"WJ5Q2","RRTQ2","O","19960401","F"
"WJ5Q3","RRTQ3","O","19960401","F"
"WJ5Q4","RRTQ4","O","19960401","F"
"WJ5Q5","RRTQ5","O","19960401","F"
"WJ5Q6","RRTQ6","O","19960401","F"
"WJ5Q7","RRTQ7","O","19960401","F"
"WJ5Q9","RRTQ9","O","19960401","F"
"WJ5QA","RRTQA","O","19960401","X"
"WJ5QB","RRTQB","O","19960401","F"
"WJ5QC","RRTQC","O","19960401","F"
"WJ5QD","RRTQD","O","19960401","F"
"WJ5QE","RRTQE","O","19960401","F"
"WJ5QF","RRTQF","O","19960401","X"
"WJ5QG","RRTQG","O","19960401","F"
"WJ5QH","RRTQH","O","19960401","F"
"WJ5QJ","RRTQJ","O","19960401","F"
"WJ5QK","RRTQK","O","19960401","F"
"WJ5QM","RRTQM","O","19960401","F"
"WJ5QN","RRTQN","O","19960401","F"
"WJ5QP","RRTQP","O","19960401","F"
"WJ5QQ","RRTQQ","O","19960401","F"
"WJ5QS","RRTQS","O","19960401","F"
"WJ5QT","RRTQT","O","19960401","F"
"WJ5QU","RRTQU","O","19960401","F"
"WJ5QV","RRTQV","O","19960401","F"
"WJ5QW","RRTQW","O","19960401","F"
"WJ5QY","RRTQY","O","19960401","F"
"WJ5QZ","RRTQZ","O","19960401","F"
"WJ5R1","RRTR1","O","19960401","F"
"WJ5R2","RRTR2","O","19960401","F"
"WJ5R3","RRTR3","O","19960401","F"
"WJ5R4","RRTR4","O","19960401","F"
"WJ5R5","RRTR5","O","19960401","F"
"WJ5R6","RRTR6","O","19960401","F"
"WJ5R7","RRTR7","O","19960401","F"
"WJ5RE","RRTRE","O","19960401","F"
"WK16W","RQF5M","O","19950401","F"
"WK17W","RQF5P","O","19950401","F"
"WK18W","RQF5N","O","19950401","F"
"X03","8HN02","O","20090401",""
"X09","X26","R","20130401",""
"X60","T1290","O","20030401","F"
"X6001","T129A","O","20030401","X"
"X6002","T129C","O","20030401","F"
"X6003","T129D","O","20030401","F"
"X6004","T129E","O","20030401","F"
"X6005","T129F","O","20030401","F"
"X6006","T129G","O","20030401","F"
"X6007","T129H","O","20030401","F"
"X6008","T129J","O","20030401","F"
"X6009","T129K","O","20030401","F"
"X6010","T129L","O","20030401","F"
"X6011","T129M","O","20030401","F"
"X6012","T129N","O","20030401","F"
"X6013","T129P","O","20030401","F"
"X6014","T129Q","O","20030401","F"
"X6015","T129R","O","20030401","F"
"X6016","T129T","O","20030401","F"
"X90","T1260","O","20030401","F"
"XP004","XP011","R","20030401",""
"XP004","XP010","R","20030401",""
"XP007","XP009","R","20030401",""
"Y01","Y23","R","20020401","F"
"Y02","Y23","R","20020401","F"
"Y02","Y22","R","20020401","F"
"Y03","Y09","R","19990401","F"
"Y03T1","Y09T1","R","19990401","X"
"Y04","Y10","R","19990401","F"
"Y04T1","Y10T1","R","19990401","X"
"Y05","Y11","R","19990401","F"
"Y05T1","Y10T1","R","19990401","X"
"Y06","Y12","R","19990401","F"
"Y06T1","Y12T1","R","19990401","X"
"Y07","Y22","R","20020401","F"
"Y07BC","YDD94","O","20051001","X"
"Y07BI","YDD93","O","20051001","X"
"Y08","Y23","R","20020401","F"
"Y09","Y22","R","20020401","F"
"Y10","Y21","R","20020401","F"
"Y11","Y22","R","20020401","F"
"Y11","Y24","R","20020401","F"
"Y12","Y24","R","20020401","F"
"Y1301","Y1701","R","20061001",""
"Y1401","Y1701","R","20061001",""
"Y21","Y45","R","20030701","F"
"Y22","Y43","R","20030701","F"
"Y22","Y42","R","20030701","F"
"Y23","Y42","R","20030701","F"
"Y23","Y41","R","20030701","F"
"Y24","Y44","R","20030701","F"
"Y41","Y51","R","20070401","X"
"Y42","Y51","R","20070401","X"
"Y43","Y51","R","20070401","X"
"Y44","Y52","R","20070401","X"
"Y45","Y53","R","20070401","X"
"Y54","Y62","R","20190401",""
"Y54","Y63","R","20190401",""
"Y55","Y60","R","20190401",""
"Y55","Y61","R","20190401",""
"YAK","YDD54","O","20030401","F"
"YAL","YDD55","O","20030401","X"
"YDA","T1370","O","20040401","F"
"YDA01","T1371","O","20040401","F"
"YDA02","T1372","O","20040401","F"
"YDA03","T1373","O","20040401","F"
"YDA04","T1374","O","20040401","F"
"YDA05","T1375","O","20040401","F"
"YDA06","T1376","O","20040401","F"
"YDA08","T1378","O","20040401","F"
"YDA09","T1379","O","20040401","F"
"YDA11","T137A","O","20040401","F"
"YDA12","T137C","O","20040401","F"
"YDA13","T137D","O","20040401","F"
"YDA14","T137E","O","20040401","F"
"YDA15","T137F","O","20040401","F"
"YDA16","T137G","O","20040401","F"
"YDA17","T137H","O","20040401","F"
"YDA18","T137J","O","20040401","F"
"YDA19","T137K","O","20040401","F"
"YDA20","T137L","O","20040401","F"
"YDA21","T137M","O","20040401","F"
"YDA22","T137N","O","20040401","F"
"YDA23","T137P","O","20040401","F"
"YDA24","T137Q","O","20040401","F"
"YDA25","T137R","O","20040401","F"
"YDD42","YDD85","R","20050701",""
"YDD48","YDD85","R","20050701",""
"YDD51","YDD78","R","20040401","X"
"YDD54","YDD85","R","20050701",""
"YDD84","YDDC8","R","20070401","X"
"YDE08","YDE3L","R","20080401","X"
"YDE13","YDE3L","R","20080401","X"
"YDE38","YDE3L","R","20080401","X"
"YDF07","YDF18","R","20070401",""
"YDF08","YDF17","R","20050401","F"
"YDF09","YDF20","R","20070401",""
"YDF10","YDF20","R","20070401",""
"YDF13","YDF17","R","20050401","F"
"YDF14","Q3404","O","20060701","X"
"YDF16","YDF19","R","20070401",""
"YDF17","YDF19","R","20070401",""
"YDF17","YDF18","R","20070401",""
"YDG07","YDG34","R","20071101",""
"YDG10","YDG35","R","20080401",""
"YDG16","YDG37","R","20090401",""
"YDG22","YDG34","R","20071101",""
"YDG25","YDG36","R","20100401",""
"YDG26","YDG36","R","20100401",""
"YDG29","YDG37","R","20090401",""
"YDG31","YDG35","R","20080401",""
"YGM10","YGM41","R","20150701",""
"Z1040","Z1110","R","19980401","X"
"Z1050","Z1990","O","19950401",""
"Z1070","Z1110","R","19980401","X"
"ZJ523","Z1430","R","19960401","X"
